Band Code,Band,Range Code,Range Name,Chapter Code,Chapter Name,Section Code,Section Number,Section Name,Section Folder,Repository Path,GitHub URL
000-099,S-ATLAS,000-009,General Information and Service,000,General,000-000,000,General Introduction,000-000_General-Introduction,01_OPTIONS_ARCHITECTURE/01-03_TECHNOLOGIES/01-03-01_Q+ATLANTIDE/000-099_S-ATLAS/000-009_General-Information-and-Service/000_General/000-000_General-Introduction,https://github.com/AmedeoPelliccia/Q-plus-A/tree/main/01_OPTIONS_ARCHITECTURE/01-03_TECHNOLOGIES/01-03-01_Q%2BATLANTIDE/000-099_S-ATLAS/000-009_General-Information-and-Service/000_General/000-000_General-Introduction
000-099,S-ATLAS,000-009,General Information and Service,000,General,000-100,100,Applicability and Effectivity,000-100_Applicability-and-Effectivity,01_OPTIONS_ARCHITECTURE/01-03_TECHNOLOGIES/01-03-01_Q+ATLANTIDE/000-099_S-ATLAS/000-009_General-Information-and-Service/000_General/000-100_Applicability-and-Effectivity,https://github.com/AmedeoPelliccia/Q-plus-A/tree/main/01_OPTIONS_ARCHITECTURE/01-03_TECHNOLOGIES/01-03-01_Q%2BATLANTIDE/000-099_S-ATLAS/000-009_General-Information-and-Service/000_General/000-100_Applicability-and-Effectivity
000-099,S-ATLAS,000-009,General Information and Service,000,General,000-200,200,Identification and Designation,000-200_Identification-and-Designation,01_OPTIONS_ARCHITECTURE/01-03_TECHNOLOGIES/01-03-01_Q+ATLANTIDE/000-099_S-ATLAS/000-009_General-Information-and-Service/000_General/000-200_Identification-and-Designation,https://github.com/AmedeoPelliccia/Q-plus-A/tree/main/01_OPTIONS_ARCHITECTURE/01-03_TECHNOLOGIES/01-03-01_Q%2BATLANTIDE/000-099_S-ATLAS/000-009_General-Information-and-Service/000_General/000-200_Identification-and-Designation
000-099,S-ATLAS,000-009,General Information and Service,000,General,000-300,300,Vocabulary Units and Reference Frames,000-300_Vocabulary-Units-and-Reference-Frames,01_OPTIONS_ARCHITECTURE/01-03_TECHNOLOGIES/01-03-01_Q+ATLANTIDE/000-099_S-ATLAS/000-009_General-Information-and-Service/000_General/000-300_Vocabulary-Units-and-Reference-Frames,https://github.com/AmedeoPelliccia/Q-plus-A/tree/main/01_OPTIONS_ARCHITECTURE/01-03_TECHNOLOGIES/01-03-01_Q%2BATLANTIDE/000-099_S-ATLAS/000-009_General-Information-and-Service/000_General/000-300_Vocabulary-Units-and-Reference-Frames
000-099,S-ATLAS,000-009,General Information and Service,000,General,000-900,900,Sustainability Lifecycle and DPP Framing,000-900_Sustainability-Lifecycle-and-DPP-Framing,01_OPTIONS_ARCHITECTURE/01-03_TECHNOLOGIES/01-03-01_Q+ATLANTIDE/000-099_S-ATLAS/000-009_General-Information-and-Service/000_General/000-900_Sustainability-Lifecycle-and-DPP-Framing,https://github.com/AmedeoPelliccia/Q-plus-A/tree/main/01_OPTIONS_ARCHITECTURE/01-03_TECHNOLOGIES/01-03-01_Q%2BATLANTIDE/000-099_S-ATLAS/000-009_General-Information-and-Service/000_General/000-900_Sustainability-Lifecycle-and-DPP-Framing
000-099,S-ATLAS,000-009,General Information and Service,001,Maintenance Policy,001-000,000,Maintenance Policy General,001-000_Maintenance-Policy-General,01_OPTIONS_ARCHITECTURE/01-03_TECHNOLOGIES/01-03-01_Q+ATLANTIDE/000-099_S-ATLAS/000-009_General-Information-and-Service/001_Maintenance-Policy/001-000_Maintenance-Policy-General,https://github.com/AmedeoPelliccia/Q-plus-A/tree/main/01_OPTIONS_ARCHITECTURE/01-03_TECHNOLOGIES/01-03-01_Q%2BATLANTIDE/000-099_S-ATLAS/000-009_General-Information-and-Service/001_Maintenance-Policy/001-000_Maintenance-Policy-General
000-099,S-ATLAS,000-009,General Information and Service,001,Maintenance Policy,001-100,100,Maintenance Concept and Philosophy,001-100_Maintenance-Concept-and-Philosophy,01_OPTIONS_ARCHITECTURE/01-03_TECHNOLOGIES/01-03-01_Q+ATLANTIDE/000-099_S-ATLAS/000-009_General-Information-and-Service/001_Maintenance-Policy/001-100_Maintenance-Concept-and-Philosophy,https://github.com/AmedeoPelliccia/Q-plus-A/tree/main/01_OPTIONS_ARCHITECTURE/01-03_TECHNOLOGIES/01-03-01_Q%2BATLANTIDE/000-099_S-ATLAS/000-009_General-Information-and-Service/001_Maintenance-Policy/001-100_Maintenance-Concept-and-Philosophy
000-099,S-ATLAS,000-009,General Information and Service,001,Maintenance Policy,001-200,200,Maintenance Programme Structure MSG 3,001-200_Maintenance-Programme-Structure-MSG-3,01_OPTIONS_ARCHITECTURE/01-03_TECHNOLOGIES/01-03-01_Q+ATLANTIDE/000-099_S-ATLAS/000-009_General-Information-and-Service/001_Maintenance-Policy/001-200_Maintenance-Programme-Structure-MSG-3,https://github.com/AmedeoPelliccia/Q-plus-A/tree/main/01_OPTIONS_ARCHITECTURE/01-03_TECHNOLOGIES/01-03-01_Q%2BATLANTIDE/000-099_S-ATLAS/000-009_General-Information-and-Service/001_Maintenance-Policy/001-200_Maintenance-Programme-Structure-MSG-3
000-099,S-ATLAS,000-009,General Information and Service,001,Maintenance Policy,001-300,300,Reliability and Condition Monitoring Policy,001-300_Reliability-and-Condition-Monitoring-Policy,01_OPTIONS_ARCHITECTURE/01-03_TECHNOLOGIES/01-03-01_Q+ATLANTIDE/000-099_S-ATLAS/000-009_General-Information-and-Service/001_Maintenance-Policy/001-300_Reliability-and-Condition-Monitoring-Policy,https://github.com/AmedeoPelliccia/Q-plus-A/tree/main/01_OPTIONS_ARCHITECTURE/01-03_TECHNOLOGIES/01-03-01_Q%2BATLANTIDE/000-099_S-ATLAS/000-009_General-Information-and-Service/001_Maintenance-Policy/001-300_Reliability-and-Condition-Monitoring-Policy
000-099,S-ATLAS,000-009,General Information and Service,001,Maintenance Policy,001-900,900,Green Maintenance and Circularity Policy,001-900_Green-Maintenance-and-Circularity-Policy,01_OPTIONS_ARCHITECTURE/01-03_TECHNOLOGIES/01-03-01_Q+ATLANTIDE/000-099_S-ATLAS/000-009_General-Information-and-Service/001_Maintenance-Policy/001-900_Green-Maintenance-and-Circularity-Policy,https://github.com/AmedeoPelliccia/Q-plus-A/tree/main/01_OPTIONS_ARCHITECTURE/01-03_TECHNOLOGIES/01-03-01_Q%2BATLANTIDE/000-099_S-ATLAS/000-009_General-Information-and-Service/001_Maintenance-Policy/001-900_Green-Maintenance-and-Circularity-Policy
000-099,S-ATLAS,000-009,General Information and Service,002,Operations,002-000,000,Operations Information General,002-000_Operations-Information-General,01_OPTIONS_ARCHITECTURE/01-03_TECHNOLOGIES/01-03-01_Q+ATLANTIDE/000-099_S-ATLAS/000-009_General-Information-and-Service/002_Operations/002-000_Operations-Information-General,https://github.com/AmedeoPelliccia/Q-plus-A/tree/main/01_OPTIONS_ARCHITECTURE/01-03_TECHNOLOGIES/01-03-01_Q%2BATLANTIDE/000-099_S-ATLAS/000-009_General-Information-and-Service/002_Operations/002-000_Operations-Information-General
000-099,S-ATLAS,000-009,General Information and Service,002,Operations,002-100,100,Operating Limitations General,002-100_Operating-Limitations-General,01_OPTIONS_ARCHITECTURE/01-03_TECHNOLOGIES/01-03-01_Q+ATLANTIDE/000-099_S-ATLAS/000-009_General-Information-and-Service/002_Operations/002-100_Operating-Limitations-General,https://github.com/AmedeoPelliccia/Q-plus-A/tree/main/01_OPTIONS_ARCHITECTURE/01-03_TECHNOLOGIES/01-03-01_Q%2BATLANTIDE/000-099_S-ATLAS/000-009_General-Information-and-Service/002_Operations/002-100_Operating-Limitations-General
000-099,S-ATLAS,000-009,General Information and Service,002,Operations,002-200,200,Crew Roles and Responsibilities,002-200_Crew-Roles-and-Responsibilities,01_OPTIONS_ARCHITECTURE/01-03_TECHNOLOGIES/01-03-01_Q+ATLANTIDE/000-099_S-ATLAS/000-009_General-Information-and-Service/002_Operations/002-200_Crew-Roles-and-Responsibilities,https://github.com/AmedeoPelliccia/Q-plus-A/tree/main/01_OPTIONS_ARCHITECTURE/01-03_TECHNOLOGIES/01-03-01_Q%2BATLANTIDE/000-099_S-ATLAS/000-009_General-Information-and-Service/002_Operations/002-200_Crew-Roles-and-Responsibilities
000-099,S-ATLAS,000-009,General Information and Service,002,Operations,002-300,300,Operational Envelope and Mission Profiles,002-300_Operational-Envelope-and-Mission-Profiles,01_OPTIONS_ARCHITECTURE/01-03_TECHNOLOGIES/01-03-01_Q+ATLANTIDE/000-099_S-ATLAS/000-009_General-Information-and-Service/002_Operations/002-300_Operational-Envelope-and-Mission-Profiles,https://github.com/AmedeoPelliccia/Q-plus-A/tree/main/01_OPTIONS_ARCHITECTURE/01-03_TECHNOLOGIES/01-03-01_Q%2BATLANTIDE/000-099_S-ATLAS/000-009_General-Information-and-Service/002_Operations/002-300_Operational-Envelope-and-Mission-Profiles
000-099,S-ATLAS,000-009,General Information and Service,002,Operations,002-900,900,Energy and Emissions Operating Considerations,002-900_Energy-and-Emissions-Operating-Considerations,01_OPTIONS_ARCHITECTURE/01-03_TECHNOLOGIES/01-03-01_Q+ATLANTIDE/000-099_S-ATLAS/000-009_General-Information-and-Service/002_Operations/002-900_Energy-and-Emissions-Operating-Considerations,https://github.com/AmedeoPelliccia/Q-plus-A/tree/main/01_OPTIONS_ARCHITECTURE/01-03_TECHNOLOGIES/01-03-01_Q%2BATLANTIDE/000-099_S-ATLAS/000-009_General-Information-and-Service/002_Operations/002-900_Energy-and-Emissions-Operating-Considerations
000-099,S-ATLAS,000-009,General Information and Service,003,Support,003-000,000,Support General,003-000_Support-General,01_OPTIONS_ARCHITECTURE/01-03_TECHNOLOGIES/01-03-01_Q+ATLANTIDE/000-099_S-ATLAS/000-009_General-Information-and-Service/003_Support/003-000_Support-General,https://github.com/AmedeoPelliccia/Q-plus-A/tree/main/01_OPTIONS_ARCHITECTURE/01-03_TECHNOLOGIES/01-03-01_Q%2BATLANTIDE/000-099_S-ATLAS/000-009_General-Information-and-Service/003_Support/003-000_Support-General
000-099,S-ATLAS,000-009,General Information and Service,003,Support,003-100,100,Ground Support Equipment Interfaces General,003-100_Ground-Support-Equipment-Interfaces-General,01_OPTIONS_ARCHITECTURE/01-03_TECHNOLOGIES/01-03-01_Q+ATLANTIDE/000-099_S-ATLAS/000-009_General-Information-and-Service/003_Support/003-100_Ground-Support-Equipment-Interfaces-General,https://github.com/AmedeoPelliccia/Q-plus-A/tree/main/01_OPTIONS_ARCHITECTURE/01-03_TECHNOLOGIES/01-03-01_Q%2BATLANTIDE/000-099_S-ATLAS/000-009_General-Information-and-Service/003_Support/003-100_Ground-Support-Equipment-Interfaces-General
000-099,S-ATLAS,000-009,General Information and Service,003,Support,003-200,200,Maintenance and Support Facilities,003-200_Maintenance-and-Support-Facilities,01_OPTIONS_ARCHITECTURE/01-03_TECHNOLOGIES/01-03-01_Q+ATLANTIDE/000-099_S-ATLAS/000-009_General-Information-and-Service/003_Support/003-200_Maintenance-and-Support-Facilities,https://github.com/AmedeoPelliccia/Q-plus-A/tree/main/01_OPTIONS_ARCHITECTURE/01-03_TECHNOLOGIES/01-03-01_Q%2BATLANTIDE/000-099_S-ATLAS/000-009_General-Information-and-Service/003_Support/003-200_Maintenance-and-Support-Facilities
000-099,S-ATLAS,000-009,General Information and Service,003,Support,003-300,300,Safety Zones and Hazard Management General,003-300_Safety-Zones-and-Hazard-Management-General,01_OPTIONS_ARCHITECTURE/01-03_TECHNOLOGIES/01-03-01_Q+ATLANTIDE/000-099_S-ATLAS/000-009_General-Information-and-Service/003_Support/003-300_Safety-Zones-and-Hazard-Management-General,https://github.com/AmedeoPelliccia/Q-plus-A/tree/main/01_OPTIONS_ARCHITECTURE/01-03_TECHNOLOGIES/01-03-01_Q%2BATLANTIDE/000-099_S-ATLAS/000-009_General-Information-and-Service/003_Support/003-300_Safety-Zones-and-Hazard-Management-General
000-099,S-ATLAS,000-009,General Information and Service,003,Support,003-900,900,Energy Replenishment Ground Infrastructure,003-900_Energy-Replenishment-Ground-Infrastructure,01_OPTIONS_ARCHITECTURE/01-03_TECHNOLOGIES/01-03-01_Q+ATLANTIDE/000-099_S-ATLAS/000-009_General-Information-and-Service/003_Support/003-900_Energy-Replenishment-Ground-Infrastructure,https://github.com/AmedeoPelliccia/Q-plus-A/tree/main/01_OPTIONS_ARCHITECTURE/01-03_TECHNOLOGIES/01-03-01_Q%2BATLANTIDE/000-099_S-ATLAS/000-009_General-Information-and-Service/003_Support/003-900_Energy-Replenishment-Ground-Infrastructure
000-099,S-ATLAS,000-009,General Information and Service,004,Airworthiness Limitations,004-000,000,Airworthiness Limitations General ALS,004-000_Airworthiness-Limitations-General-ALS,01_OPTIONS_ARCHITECTURE/01-03_TECHNOLOGIES/01-03-01_Q+ATLANTIDE/000-099_S-ATLAS/000-009_General-Information-and-Service/004_Airworthiness-Limitations/004-000_Airworthiness-Limitations-General-ALS,https://github.com/AmedeoPelliccia/Q-plus-A/tree/main/01_OPTIONS_ARCHITECTURE/01-03_TECHNOLOGIES/01-03-01_Q%2BATLANTIDE/000-099_S-ATLAS/000-009_General-Information-and-Service/004_Airworthiness-Limitations/004-000_Airworthiness-Limitations-General-ALS
000-099,S-ATLAS,000-009,General Information and Service,004,Airworthiness Limitations,004-100,100,Structural Airworthiness Limitations,004-100_Structural-Airworthiness-Limitations,01_OPTIONS_ARCHITECTURE/01-03_TECHNOLOGIES/01-03-01_Q+ATLANTIDE/000-099_S-ATLAS/000-009_General-Information-and-Service/004_Airworthiness-Limitations/004-100_Structural-Airworthiness-Limitations,https://github.com/AmedeoPelliccia/Q-plus-A/tree/main/01_OPTIONS_ARCHITECTURE/01-03_TECHNOLOGIES/01-03-01_Q%2BATLANTIDE/000-099_S-ATLAS/000-009_General-Information-and-Service/004_Airworthiness-Limitations/004-100_Structural-Airworthiness-Limitations
000-099,S-ATLAS,000-009,General Information and Service,004,Airworthiness Limitations,004-200,200,Systems Airworthiness Limitations,004-200_Systems-Airworthiness-Limitations,01_OPTIONS_ARCHITECTURE/01-03_TECHNOLOGIES/01-03-01_Q+ATLANTIDE/000-099_S-ATLAS/000-009_General-Information-and-Service/004_Airworthiness-Limitations/004-200_Systems-Airworthiness-Limitations,https://github.com/AmedeoPelliccia/Q-plus-A/tree/main/01_OPTIONS_ARCHITECTURE/01-03_TECHNOLOGIES/01-03-01_Q%2BATLANTIDE/000-099_S-ATLAS/000-009_General-Information-and-Service/004_Airworthiness-Limitations/004-200_Systems-Airworthiness-Limitations
000-099,S-ATLAS,000-009,General Information and Service,004,Airworthiness Limitations,004-300,300,Certification Maintenance Requirements CMR,004-300_Certification-Maintenance-Requirements-CMR,01_OPTIONS_ARCHITECTURE/01-03_TECHNOLOGIES/01-03-01_Q+ATLANTIDE/000-099_S-ATLAS/000-009_General-Information-and-Service/004_Airworthiness-Limitations/004-300_Certification-Maintenance-Requirements-CMR,https://github.com/AmedeoPelliccia/Q-plus-A/tree/main/01_OPTIONS_ARCHITECTURE/01-03_TECHNOLOGIES/01-03-01_Q%2BATLANTIDE/000-099_S-ATLAS/000-009_General-Information-and-Service/004_Airworthiness-Limitations/004-300_Certification-Maintenance-Requirements-CMR
000-099,S-ATLAS,000-009,General Information and Service,004,Airworthiness Limitations,004-900,900,Energy Carrier and Storage Airworthiness Limitations,004-900_Energy-Carrier-and-Storage-Airworthiness-Limitations,01_OPTIONS_ARCHITECTURE/01-03_TECHNOLOGIES/01-03-01_Q+ATLANTIDE/000-099_S-ATLAS/000-009_General-Information-and-Service/004_Airworthiness-Limitations/004-900_Energy-Carrier-and-Storage-Airworthiness-Limitations,https://github.com/AmedeoPelliccia/Q-plus-A/tree/main/01_OPTIONS_ARCHITECTURE/01-03_TECHNOLOGIES/01-03-01_Q%2BATLANTIDE/000-099_S-ATLAS/000-009_General-Information-and-Service/004_Airworthiness-Limitations/004-900_Energy-Carrier-and-Storage-Airworthiness-Limitations
000-099,S-ATLAS,000-009,General Information and Service,005,Time Limits and Maintenance Checks,005-000,000,Time Limits General,005-000_Time-Limits-General,01_OPTIONS_ARCHITECTURE/01-03_TECHNOLOGIES/01-03-01_Q+ATLANTIDE/000-099_S-ATLAS/000-009_General-Information-and-Service/005_Time-Limits-and-Maintenance-Checks/005-000_Time-Limits-General,https://github.com/AmedeoPelliccia/Q-plus-A/tree/main/01_OPTIONS_ARCHITECTURE/01-03_TECHNOLOGIES/01-03-01_Q%2BATLANTIDE/000-099_S-ATLAS/000-009_General-Information-and-Service/005_Time-Limits-and-Maintenance-Checks/005-000_Time-Limits-General
000-099,S-ATLAS,000-009,General Information and Service,005,Time Limits and Maintenance Checks,005-100,100,Time Limits and Life Limited Parts,005-100_Time-Limits-and-Life-Limited-Parts,01_OPTIONS_ARCHITECTURE/01-03_TECHNOLOGIES/01-03-01_Q+ATLANTIDE/000-099_S-ATLAS/000-009_General-Information-and-Service/005_Time-Limits-and-Maintenance-Checks/005-100_Time-Limits-and-Life-Limited-Parts,https://github.com/AmedeoPelliccia/Q-plus-A/tree/main/01_OPTIONS_ARCHITECTURE/01-03_TECHNOLOGIES/01-03-01_Q%2BATLANTIDE/000-099_S-ATLAS/000-009_General-Information-and-Service/005_Time-Limits-and-Maintenance-Checks/005-100_Time-Limits-and-Life-Limited-Parts
000-099,S-ATLAS,000-009,General Information and Service,005,Time Limits and Maintenance Checks,005-200,200,Scheduled Maintenance Checks,005-200_Scheduled-Maintenance-Checks,01_OPTIONS_ARCHITECTURE/01-03_TECHNOLOGIES/01-03-01_Q+ATLANTIDE/000-099_S-ATLAS/000-009_General-Information-and-Service/005_Time-Limits-and-Maintenance-Checks/005-200_Scheduled-Maintenance-Checks,https://github.com/AmedeoPelliccia/Q-plus-A/tree/main/01_OPTIONS_ARCHITECTURE/01-03_TECHNOLOGIES/01-03-01_Q%2BATLANTIDE/000-099_S-ATLAS/000-009_General-Information-and-Service/005_Time-Limits-and-Maintenance-Checks/005-200_Scheduled-Maintenance-Checks
000-099,S-ATLAS,000-009,General Information and Service,005,Time Limits and Maintenance Checks,005-500,500,Unscheduled and Conditional Inspections,005-500_Unscheduled-and-Conditional-Inspections,01_OPTIONS_ARCHITECTURE/01-03_TECHNOLOGIES/01-03-01_Q+ATLANTIDE/000-099_S-ATLAS/000-009_General-Information-and-Service/005_Time-Limits-and-Maintenance-Checks/005-500_Unscheduled-and-Conditional-Inspections,https://github.com/AmedeoPelliccia/Q-plus-A/tree/main/01_OPTIONS_ARCHITECTURE/01-03_TECHNOLOGIES/01-03-01_Q%2BATLANTIDE/000-099_S-ATLAS/000-009_General-Information-and-Service/005_Time-Limits-and-Maintenance-Checks/005-500_Unscheduled-and-Conditional-Inspections
000-099,S-ATLAS,000-009,General Information and Service,005,Time Limits and Maintenance Checks,005-900,900,Energy Storage Inspection and Health Intervals,005-900_Energy-Storage-Inspection-and-Health-Intervals,01_OPTIONS_ARCHITECTURE/01-03_TECHNOLOGIES/01-03-01_Q+ATLANTIDE/000-099_S-ATLAS/000-009_General-Information-and-Service/005_Time-Limits-and-Maintenance-Checks/005-900_Energy-Storage-Inspection-and-Health-Intervals,https://github.com/AmedeoPelliccia/Q-plus-A/tree/main/01_OPTIONS_ARCHITECTURE/01-03_TECHNOLOGIES/01-03-01_Q%2BATLANTIDE/000-099_S-ATLAS/000-009_General-Information-and-Service/005_Time-Limits-and-Maintenance-Checks/005-900_Energy-Storage-Inspection-and-Health-Intervals
000-099,S-ATLAS,000-009,General Information and Service,006,Dimensions and Areas,006-000,000,Dimensions and Areas General,006-000_Dimensions-and-Areas-General,01_OPTIONS_ARCHITECTURE/01-03_TECHNOLOGIES/01-03-01_Q+ATLANTIDE/000-099_S-ATLAS/000-009_General-Information-and-Service/006_Dimensions-and-Areas/006-000_Dimensions-and-Areas-General,https://github.com/AmedeoPelliccia/Q-plus-A/tree/main/01_OPTIONS_ARCHITECTURE/01-03_TECHNOLOGIES/01-03-01_Q%2BATLANTIDE/000-099_S-ATLAS/000-009_General-Information-and-Service/006_Dimensions-and-Areas/006-000_Dimensions-and-Areas-General
000-099,S-ATLAS,000-009,General Information and Service,006,Dimensions and Areas,006-100,100,Principal Dimensions,006-100_Principal-Dimensions,01_OPTIONS_ARCHITECTURE/01-03_TECHNOLOGIES/01-03-01_Q+ATLANTIDE/000-099_S-ATLAS/000-009_General-Information-and-Service/006_Dimensions-and-Areas/006-100_Principal-Dimensions,https://github.com/AmedeoPelliccia/Q-plus-A/tree/main/01_OPTIONS_ARCHITECTURE/01-03_TECHNOLOGIES/01-03-01_Q%2BATLANTIDE/000-099_S-ATLAS/000-009_General-Information-and-Service/006_Dimensions-and-Areas/006-100_Principal-Dimensions
000-099,S-ATLAS,000-009,General Information and Service,006,Dimensions and Areas,006-200,200,Stations Zones and Major Areas,006-200_Stations-Zones-and-Major-Areas,01_OPTIONS_ARCHITECTURE/01-03_TECHNOLOGIES/01-03-01_Q+ATLANTIDE/000-099_S-ATLAS/000-009_General-Information-and-Service/006_Dimensions-and-Areas/006-200_Stations-Zones-and-Major-Areas,https://github.com/AmedeoPelliccia/Q-plus-A/tree/main/01_OPTIONS_ARCHITECTURE/01-03_TECHNOLOGIES/01-03-01_Q%2BATLANTIDE/000-099_S-ATLAS/000-009_General-Information-and-Service/006_Dimensions-and-Areas/006-200_Stations-Zones-and-Major-Areas
000-099,S-ATLAS,000-009,General Information and Service,006,Dimensions and Areas,006-300,300,Access Doors and Panels,006-300_Access-Doors-and-Panels,01_OPTIONS_ARCHITECTURE/01-03_TECHNOLOGIES/01-03-01_Q+ATLANTIDE/000-099_S-ATLAS/000-009_General-Information-and-Service/006_Dimensions-and-Areas/006-300_Access-Doors-and-Panels,https://github.com/AmedeoPelliccia/Q-plus-A/tree/main/01_OPTIONS_ARCHITECTURE/01-03_TECHNOLOGIES/01-03-01_Q%2BATLANTIDE/000-099_S-ATLAS/000-009_General-Information-and-Service/006_Dimensions-and-Areas/006-300_Access-Doors-and-Panels
000-099,S-ATLAS,000-009,General Information and Service,006,Dimensions and Areas,006-900,900,Configuration Geometry and Energy Carrier Zoning Delta,006-900_Configuration-Geometry-and-Energy-Carrier-Zoning-Delta,01_OPTIONS_ARCHITECTURE/01-03_TECHNOLOGIES/01-03-01_Q+ATLANTIDE/000-099_S-ATLAS/000-009_General-Information-and-Service/006_Dimensions-and-Areas/006-900_Configuration-Geometry-and-Energy-Carrier-Zoning-Delta,https://github.com/AmedeoPelliccia/Q-plus-A/tree/main/01_OPTIONS_ARCHITECTURE/01-03_TECHNOLOGIES/01-03-01_Q%2BATLANTIDE/000-099_S-ATLAS/000-009_General-Information-and-Service/006_Dimensions-and-Areas/006-900_Configuration-Geometry-and-Energy-Carrier-Zoning-Delta
000-099,S-ATLAS,000-009,General Information and Service,007,Lifting and Shoring,007-000,000,Lifting and Shoring General,007-000_Lifting-and-Shoring-General,01_OPTIONS_ARCHITECTURE/01-03_TECHNOLOGIES/01-03-01_Q+ATLANTIDE/000-099_S-ATLAS/000-009_General-Information-and-Service/007_Lifting-and-Shoring/007-000_Lifting-and-Shoring-General,https://github.com/AmedeoPelliccia/Q-plus-A/tree/main/01_OPTIONS_ARCHITECTURE/01-03_TECHNOLOGIES/01-03-01_Q%2BATLANTIDE/000-099_S-ATLAS/000-009_General-Information-and-Service/007_Lifting-and-Shoring/007-000_Lifting-and-Shoring-General
000-099,S-ATLAS,000-009,General Information and Service,007,Lifting and Shoring,007-100,100,Jacking Points and Procedures,007-100_Jacking-Points-and-Procedures,01_OPTIONS_ARCHITECTURE/01-03_TECHNOLOGIES/01-03-01_Q+ATLANTIDE/000-099_S-ATLAS/000-009_General-Information-and-Service/007_Lifting-and-Shoring/007-100_Jacking-Points-and-Procedures,https://github.com/AmedeoPelliccia/Q-plus-A/tree/main/01_OPTIONS_ARCHITECTURE/01-03_TECHNOLOGIES/01-03-01_Q%2BATLANTIDE/000-099_S-ATLAS/000-009_General-Information-and-Service/007_Lifting-and-Shoring/007-100_Jacking-Points-and-Procedures
000-099,S-ATLAS,000-009,General Information and Service,007,Lifting and Shoring,007-200,200,Shoring Points and Procedures,007-200_Shoring-Points-and-Procedures,01_OPTIONS_ARCHITECTURE/01-03_TECHNOLOGIES/01-03-01_Q+ATLANTIDE/000-099_S-ATLAS/000-009_General-Information-and-Service/007_Lifting-and-Shoring/007-200_Shoring-Points-and-Procedures,https://github.com/AmedeoPelliccia/Q-plus-A/tree/main/01_OPTIONS_ARCHITECTURE/01-03_TECHNOLOGIES/01-03-01_Q%2BATLANTIDE/000-099_S-ATLAS/000-009_General-Information-and-Service/007_Lifting-and-Shoring/007-200_Shoring-Points-and-Procedures
000-099,S-ATLAS,000-009,General Information and Service,007,Lifting and Shoring,007-900,900,Configuration Specific Lifting Load Paths Delta,007-900_Configuration-Specific-Lifting-Load-Paths-Delta,01_OPTIONS_ARCHITECTURE/01-03_TECHNOLOGIES/01-03-01_Q+ATLANTIDE/000-099_S-ATLAS/000-009_General-Information-and-Service/007_Lifting-and-Shoring/007-900_Configuration-Specific-Lifting-Load-Paths-Delta,https://github.com/AmedeoPelliccia/Q-plus-A/tree/main/01_OPTIONS_ARCHITECTURE/01-03_TECHNOLOGIES/01-03-01_Q%2BATLANTIDE/000-099_S-ATLAS/000-009_General-Information-and-Service/007_Lifting-and-Shoring/007-900_Configuration-Specific-Lifting-Load-Paths-Delta
000-099,S-ATLAS,000-009,General Information and Service,008,Levelling and Weighing,008-000,000,Levelling and Weighing General,008-000_Levelling-and-Weighing-General,01_OPTIONS_ARCHITECTURE/01-03_TECHNOLOGIES/01-03-01_Q+ATLANTIDE/000-099_S-ATLAS/000-009_General-Information-and-Service/008_Levelling-and-Weighing/008-000_Levelling-and-Weighing-General,https://github.com/AmedeoPelliccia/Q-plus-A/tree/main/01_OPTIONS_ARCHITECTURE/01-03_TECHNOLOGIES/01-03-01_Q%2BATLANTIDE/000-099_S-ATLAS/000-009_General-Information-and-Service/008_Levelling-and-Weighing/008-000_Levelling-and-Weighing-General
000-099,S-ATLAS,000-009,General Information and Service,008,Levelling and Weighing,008-100,100,Weighing and Balancing,008-100_Weighing-and-Balancing,01_OPTIONS_ARCHITECTURE/01-03_TECHNOLOGIES/01-03-01_Q+ATLANTIDE/000-099_S-ATLAS/000-009_General-Information-and-Service/008_Levelling-and-Weighing/008-100_Weighing-and-Balancing,https://github.com/AmedeoPelliccia/Q-plus-A/tree/main/01_OPTIONS_ARCHITECTURE/01-03_TECHNOLOGIES/01-03-01_Q%2BATLANTIDE/000-099_S-ATLAS/000-009_General-Information-and-Service/008_Levelling-and-Weighing/008-100_Weighing-and-Balancing
000-099,S-ATLAS,000-009,General Information and Service,008,Levelling and Weighing,008-200,200,Levelling,008-200_Levelling,01_OPTIONS_ARCHITECTURE/01-03_TECHNOLOGIES/01-03-01_Q+ATLANTIDE/000-099_S-ATLAS/000-009_General-Information-and-Service/008_Levelling-and-Weighing/008-200_Levelling,https://github.com/AmedeoPelliccia/Q-plus-A/tree/main/01_OPTIONS_ARCHITECTURE/01-03_TECHNOLOGIES/01-03-01_Q%2BATLANTIDE/000-099_S-ATLAS/000-009_General-Information-and-Service/008_Levelling-and-Weighing/008-200_Levelling
000-099,S-ATLAS,000-009,General Information and Service,008,Levelling and Weighing,008-300,300,Weight and Balance Reference Data,008-300_Weight-and-Balance-Reference-Data,01_OPTIONS_ARCHITECTURE/01-03_TECHNOLOGIES/01-03-01_Q+ATLANTIDE/000-099_S-ATLAS/000-009_General-Information-and-Service/008_Levelling-and-Weighing/008-300_Weight-and-Balance-Reference-Data,https://github.com/AmedeoPelliccia/Q-plus-A/tree/main/01_OPTIONS_ARCHITECTURE/01-03_TECHNOLOGIES/01-03-01_Q%2BATLANTIDE/000-099_S-ATLAS/000-009_General-Information-and-Service/008_Levelling-and-Weighing/008-300_Weight-and-Balance-Reference-Data
000-099,S-ATLAS,000-009,General Information and Service,008,Levelling and Weighing,008-900,900,Energy Carrier Mass and CG Effects Delta,008-900_Energy-Carrier-Mass-and-CG-Effects-Delta,01_OPTIONS_ARCHITECTURE/01-03_TECHNOLOGIES/01-03-01_Q+ATLANTIDE/000-099_S-ATLAS/000-009_General-Information-and-Service/008_Levelling-and-Weighing/008-900_Energy-Carrier-Mass-and-CG-Effects-Delta,https://github.com/AmedeoPelliccia/Q-plus-A/tree/main/01_OPTIONS_ARCHITECTURE/01-03_TECHNOLOGIES/01-03-01_Q%2BATLANTIDE/000-099_S-ATLAS/000-009_General-Information-and-Service/008_Levelling-and-Weighing/008-900_Energy-Carrier-Mass-and-CG-Effects-Delta
000-099,S-ATLAS,000-009,General Information and Service,009,Towing and Taxiing,009-000,000,Towing and Taxiing General,009-000_Towing-and-Taxiing-General,01_OPTIONS_ARCHITECTURE/01-03_TECHNOLOGIES/01-03-01_Q+ATLANTIDE/000-099_S-ATLAS/000-009_General-Information-and-Service/009_Towing-and-Taxiing/009-000_Towing-and-Taxiing-General,https://github.com/AmedeoPelliccia/Q-plus-A/tree/main/01_OPTIONS_ARCHITECTURE/01-03_TECHNOLOGIES/01-03-01_Q%2BATLANTIDE/000-099_S-ATLAS/000-009_General-Information-and-Service/009_Towing-and-Taxiing/009-000_Towing-and-Taxiing-General
000-099,S-ATLAS,000-009,General Information and Service,009,Towing and Taxiing,009-100,100,Towing Procedures and Limits,009-100_Towing-Procedures-and-Limits,01_OPTIONS_ARCHITECTURE/01-03_TECHNOLOGIES/01-03-01_Q+ATLANTIDE/000-099_S-ATLAS/000-009_General-Information-and-Service/009_Towing-and-Taxiing/009-100_Towing-Procedures-and-Limits,https://github.com/AmedeoPelliccia/Q-plus-A/tree/main/01_OPTIONS_ARCHITECTURE/01-03_TECHNOLOGIES/01-03-01_Q%2BATLANTIDE/000-099_S-ATLAS/000-009_General-Information-and-Service/009_Towing-and-Taxiing/009-100_Towing-Procedures-and-Limits
000-099,S-ATLAS,000-009,General Information and Service,009,Towing and Taxiing,009-200,200,Taxiing Procedures and Limits,009-200_Taxiing-Procedures-and-Limits,01_OPTIONS_ARCHITECTURE/01-03_TECHNOLOGIES/01-03-01_Q+ATLANTIDE/000-099_S-ATLAS/000-009_General-Information-and-Service/009_Towing-and-Taxiing/009-200_Taxiing-Procedures-and-Limits,https://github.com/AmedeoPelliccia/Q-plus-A/tree/main/01_OPTIONS_ARCHITECTURE/01-03_TECHNOLOGIES/01-03-01_Q%2BATLANTIDE/000-099_S-ATLAS/000-009_General-Information-and-Service/009_Towing-and-Taxiing/009-200_Taxiing-Procedures-and-Limits
000-099,S-ATLAS,000-009,General Information and Service,009,Towing and Taxiing,009-900,900,Electrified and Energy Carrier Ground Movement Delta,009-900_Electrified-and-Energy-Carrier-Ground-Movement-Delta,01_OPTIONS_ARCHITECTURE/01-03_TECHNOLOGIES/01-03-01_Q+ATLANTIDE/000-099_S-ATLAS/000-009_General-Information-and-Service/009_Towing-and-Taxiing/009-900_Electrified-and-Energy-Carrier-Ground-Movement-Delta,https://github.com/AmedeoPelliccia/Q-plus-A/tree/main/01_OPTIONS_ARCHITECTURE/01-03_TECHNOLOGIES/01-03-01_Q%2BATLANTIDE/000-099_S-ATLAS/000-009_General-Information-and-Service/009_Towing-and-Taxiing/009-900_Electrified-and-Energy-Carrier-Ground-Movement-Delta
000-099,S-ATLAS,010-019,Ground Handling and Servicing,010,Parking Mooring Storage and Return to Service,010-000,000,General,010-000_General,01_OPTIONS_ARCHITECTURE/01-03_TECHNOLOGIES/01-03-01_Q+ATLANTIDE/000-099_S-ATLAS/010-019_Ground-Handling-and-Servicing/010_Parking-Mooring-Storage-and-Return-to-Service/010-000_General,https://github.com/AmedeoPelliccia/Q-plus-A/tree/main/01_OPTIONS_ARCHITECTURE/01-03_TECHNOLOGIES/01-03-01_Q%2BATLANTIDE/000-099_S-ATLAS/010-019_Ground-Handling-and-Servicing/010_Parking-Mooring-Storage-and-Return-to-Service/010-000_General
000-099,S-ATLAS,010-019,Ground Handling and Servicing,010,Parking Mooring Storage and Return to Service,010-100,100,Parking and Storage,010-100_Parking-and-Storage,01_OPTIONS_ARCHITECTURE/01-03_TECHNOLOGIES/01-03-01_Q+ATLANTIDE/000-099_S-ATLAS/010-019_Ground-Handling-and-Servicing/010_Parking-Mooring-Storage-and-Return-to-Service/010-100_Parking-and-Storage,https://github.com/AmedeoPelliccia/Q-plus-A/tree/main/01_OPTIONS_ARCHITECTURE/01-03_TECHNOLOGIES/01-03-01_Q%2BATLANTIDE/000-099_S-ATLAS/010-019_Ground-Handling-and-Servicing/010_Parking-Mooring-Storage-and-Return-to-Service/010-100_Parking-and-Storage
000-099,S-ATLAS,010-019,Ground Handling and Servicing,010,Parking Mooring Storage and Return to Service,010-200,200,Mooring,010-200_Mooring,01_OPTIONS_ARCHITECTURE/01-03_TECHNOLOGIES/01-03-01_Q+ATLANTIDE/000-099_S-ATLAS/010-019_Ground-Handling-and-Servicing/010_Parking-Mooring-Storage-and-Return-to-Service/010-200_Mooring,https://github.com/AmedeoPelliccia/Q-plus-A/tree/main/01_OPTIONS_ARCHITECTURE/01-03_TECHNOLOGIES/01-03-01_Q%2BATLANTIDE/000-099_S-ATLAS/010-019_Ground-Handling-and-Servicing/010_Parking-Mooring-Storage-and-Return-to-Service/010-200_Mooring
000-099,S-ATLAS,010-019,Ground Handling and Servicing,010,Parking Mooring Storage and Return to Service,010-300,300,Return to Service,010-300_Return-to-Service,01_OPTIONS_ARCHITECTURE/01-03_TECHNOLOGIES/01-03-01_Q+ATLANTIDE/000-099_S-ATLAS/010-019_Ground-Handling-and-Servicing/010_Parking-Mooring-Storage-and-Return-to-Service/010-300_Return-to-Service,https://github.com/AmedeoPelliccia/Q-plus-A/tree/main/01_OPTIONS_ARCHITECTURE/01-03_TECHNOLOGIES/01-03-01_Q%2BATLANTIDE/000-099_S-ATLAS/010-019_Ground-Handling-and-Servicing/010_Parking-Mooring-Storage-and-Return-to-Service/010-300_Return-to-Service
000-099,S-ATLAS,010-019,Ground Handling and Servicing,010,Parking Mooring Storage and Return to Service,010-900,900,Energy State Preservation During Storage,010-900_Energy-State-Preservation-During-Storage,01_OPTIONS_ARCHITECTURE/01-03_TECHNOLOGIES/01-03-01_Q+ATLANTIDE/000-099_S-ATLAS/010-019_Ground-Handling-and-Servicing/010_Parking-Mooring-Storage-and-Return-to-Service/010-900_Energy-State-Preservation-During-Storage,https://github.com/AmedeoPelliccia/Q-plus-A/tree/main/01_OPTIONS_ARCHITECTURE/01-03_TECHNOLOGIES/01-03-01_Q%2BATLANTIDE/000-099_S-ATLAS/010-019_Ground-Handling-and-Servicing/010_Parking-Mooring-Storage-and-Return-to-Service/010-900_Energy-State-Preservation-During-Storage
000-099,S-ATLAS,010-019,Ground Handling and Servicing,011,Placards and Markings,011-000,000,General,011-000_General,01_OPTIONS_ARCHITECTURE/01-03_TECHNOLOGIES/01-03-01_Q+ATLANTIDE/000-099_S-ATLAS/010-019_Ground-Handling-and-Servicing/011_Placards-and-Markings/011-000_General,https://github.com/AmedeoPelliccia/Q-plus-A/tree/main/01_OPTIONS_ARCHITECTURE/01-03_TECHNOLOGIES/01-03-01_Q%2BATLANTIDE/000-099_S-ATLAS/010-019_Ground-Handling-and-Servicing/011_Placards-and-Markings/011-000_General
000-099,S-ATLAS,010-019,Ground Handling and Servicing,011,Placards and Markings,011-100,100,Exterior Colour Schemes and Markings,011-100_Exterior-Colour-Schemes-and-Markings,01_OPTIONS_ARCHITECTURE/01-03_TECHNOLOGIES/01-03-01_Q+ATLANTIDE/000-099_S-ATLAS/010-019_Ground-Handling-and-Servicing/011_Placards-and-Markings/011-100_Exterior-Colour-Schemes-and-Markings,https://github.com/AmedeoPelliccia/Q-plus-A/tree/main/01_OPTIONS_ARCHITECTURE/01-03_TECHNOLOGIES/01-03-01_Q%2BATLANTIDE/000-099_S-ATLAS/010-019_Ground-Handling-and-Servicing/011_Placards-and-Markings/011-100_Exterior-Colour-Schemes-and-Markings
000-099,S-ATLAS,010-019,Ground Handling and Servicing,011,Placards and Markings,011-200,200,Exterior Placards and Markings,011-200_Exterior-Placards-and-Markings,01_OPTIONS_ARCHITECTURE/01-03_TECHNOLOGIES/01-03-01_Q+ATLANTIDE/000-099_S-ATLAS/010-019_Ground-Handling-and-Servicing/011_Placards-and-Markings/011-200_Exterior-Placards-and-Markings,https://github.com/AmedeoPelliccia/Q-plus-A/tree/main/01_OPTIONS_ARCHITECTURE/01-03_TECHNOLOGIES/01-03-01_Q%2BATLANTIDE/000-099_S-ATLAS/010-019_Ground-Handling-and-Servicing/011_Placards-and-Markings/011-200_Exterior-Placards-and-Markings
000-099,S-ATLAS,010-019,Ground Handling and Servicing,011,Placards and Markings,011-210,210,Fuselage Placards,011-210_Fuselage-Placards,01_OPTIONS_ARCHITECTURE/01-03_TECHNOLOGIES/01-03-01_Q+ATLANTIDE/000-099_S-ATLAS/010-019_Ground-Handling-and-Servicing/011_Placards-and-Markings/011-210_Fuselage-Placards,https://github.com/AmedeoPelliccia/Q-plus-A/tree/main/01_OPTIONS_ARCHITECTURE/01-03_TECHNOLOGIES/01-03-01_Q%2BATLANTIDE/000-099_S-ATLAS/010-019_Ground-Handling-and-Servicing/011_Placards-and-Markings/011-210_Fuselage-Placards
000-099,S-ATLAS,010-019,Ground Handling and Servicing,011,Placards and Markings,011-230,230,Landing Gear Placards,011-230_Landing-Gear-Placards,01_OPTIONS_ARCHITECTURE/01-03_TECHNOLOGIES/01-03-01_Q+ATLANTIDE/000-099_S-ATLAS/010-019_Ground-Handling-and-Servicing/011_Placards-and-Markings/011-230_Landing-Gear-Placards,https://github.com/AmedeoPelliccia/Q-plus-A/tree/main/01_OPTIONS_ARCHITECTURE/01-03_TECHNOLOGIES/01-03-01_Q%2BATLANTIDE/000-099_S-ATLAS/010-019_Ground-Handling-and-Servicing/011_Placards-and-Markings/011-230_Landing-Gear-Placards
000-099,S-ATLAS,010-019,Ground Handling and Servicing,011,Placards and Markings,011-250,250,Wing Placards,011-250_Wing-Placards,01_OPTIONS_ARCHITECTURE/01-03_TECHNOLOGIES/01-03-01_Q+ATLANTIDE/000-099_S-ATLAS/010-019_Ground-Handling-and-Servicing/011_Placards-and-Markings/011-250_Wing-Placards,https://github.com/AmedeoPelliccia/Q-plus-A/tree/main/01_OPTIONS_ARCHITECTURE/01-03_TECHNOLOGIES/01-03-01_Q%2BATLANTIDE/000-099_S-ATLAS/010-019_Ground-Handling-and-Servicing/011_Placards-and-Markings/011-250_Wing-Placards
000-099,S-ATLAS,010-019,Ground Handling and Servicing,011,Placards and Markings,011-260,260,Propulsion Module and Pylon Placards,011-260_Propulsion-Module-and-Pylon-Placards,01_OPTIONS_ARCHITECTURE/01-03_TECHNOLOGIES/01-03-01_Q+ATLANTIDE/000-099_S-ATLAS/010-019_Ground-Handling-and-Servicing/011_Placards-and-Markings/011-260_Propulsion-Module-and-Pylon-Placards,https://github.com/AmedeoPelliccia/Q-plus-A/tree/main/01_OPTIONS_ARCHITECTURE/01-03_TECHNOLOGIES/01-03-01_Q%2BATLANTIDE/000-099_S-ATLAS/010-019_Ground-Handling-and-Servicing/011_Placards-and-Markings/011-260_Propulsion-Module-and-Pylon-Placards
000-099,S-ATLAS,010-019,Ground Handling and Servicing,011,Placards and Markings,011-300,300,Interior Placards,011-300_Interior-Placards,01_OPTIONS_ARCHITECTURE/01-03_TECHNOLOGIES/01-03-01_Q+ATLANTIDE/000-099_S-ATLAS/010-019_Ground-Handling-and-Servicing/011_Placards-and-Markings/011-300_Interior-Placards,https://github.com/AmedeoPelliccia/Q-plus-A/tree/main/01_OPTIONS_ARCHITECTURE/01-03_TECHNOLOGIES/01-03-01_Q%2BATLANTIDE/000-099_S-ATLAS/010-019_Ground-Handling-and-Servicing/011_Placards-and-Markings/011-300_Interior-Placards
000-099,S-ATLAS,010-019,Ground Handling and Servicing,011,Placards and Markings,011-310,310,Cockpit Placards and Markings,011-310_Cockpit-Placards-and-Markings,01_OPTIONS_ARCHITECTURE/01-03_TECHNOLOGIES/01-03-01_Q+ATLANTIDE/000-099_S-ATLAS/010-019_Ground-Handling-and-Servicing/011_Placards-and-Markings/011-310_Cockpit-Placards-and-Markings,https://github.com/AmedeoPelliccia/Q-plus-A/tree/main/01_OPTIONS_ARCHITECTURE/01-03_TECHNOLOGIES/01-03-01_Q%2BATLANTIDE/000-099_S-ATLAS/010-019_Ground-Handling-and-Servicing/011_Placards-and-Markings/011-310_Cockpit-Placards-and-Markings
000-099,S-ATLAS,010-019,Ground Handling and Servicing,011,Placards and Markings,011-320,320,Passenger Cabin Placards and Markings,011-320_Passenger-Cabin-Placards-and-Markings,01_OPTIONS_ARCHITECTURE/01-03_TECHNOLOGIES/01-03-01_Q+ATLANTIDE/000-099_S-ATLAS/010-019_Ground-Handling-and-Servicing/011_Placards-and-Markings/011-320_Passenger-Cabin-Placards-and-Markings,https://github.com/AmedeoPelliccia/Q-plus-A/tree/main/01_OPTIONS_ARCHITECTURE/01-03_TECHNOLOGIES/01-03-01_Q%2BATLANTIDE/000-099_S-ATLAS/010-019_Ground-Handling-and-Servicing/011_Placards-and-Markings/011-320_Passenger-Cabin-Placards-and-Markings
000-099,S-ATLAS,010-019,Ground Handling and Servicing,011,Placards and Markings,011-330,330,Cargo Compartment Placards and Markings,011-330_Cargo-Compartment-Placards-and-Markings,01_OPTIONS_ARCHITECTURE/01-03_TECHNOLOGIES/01-03-01_Q+ATLANTIDE/000-099_S-ATLAS/010-019_Ground-Handling-and-Servicing/011_Placards-and-Markings/011-330_Cargo-Compartment-Placards-and-Markings,https://github.com/AmedeoPelliccia/Q-plus-A/tree/main/01_OPTIONS_ARCHITECTURE/01-03_TECHNOLOGIES/01-03-01_Q%2BATLANTIDE/000-099_S-ATLAS/010-019_Ground-Handling-and-Servicing/011_Placards-and-Markings/011-330_Cargo-Compartment-Placards-and-Markings
000-099,S-ATLAS,010-019,Ground Handling and Servicing,011,Placards and Markings,011-900,900,Energy Carrier Hazard Placards,011-900_Energy-Carrier-Hazard-Placards,01_OPTIONS_ARCHITECTURE/01-03_TECHNOLOGIES/01-03-01_Q+ATLANTIDE/000-099_S-ATLAS/010-019_Ground-Handling-and-Servicing/011_Placards-and-Markings/011-900_Energy-Carrier-Hazard-Placards,https://github.com/AmedeoPelliccia/Q-plus-A/tree/main/01_OPTIONS_ARCHITECTURE/01-03_TECHNOLOGIES/01-03-01_Q%2BATLANTIDE/000-099_S-ATLAS/010-019_Ground-Handling-and-Servicing/011_Placards-and-Markings/011-900_Energy-Carrier-Hazard-Placards
000-099,S-ATLAS,010-019,Ground Handling and Servicing,012,Servicing,012-000,000,General,012-000_General,01_OPTIONS_ARCHITECTURE/01-03_TECHNOLOGIES/01-03-01_Q+ATLANTIDE/000-099_S-ATLAS/010-019_Ground-Handling-and-Servicing/012_Servicing/012-000_General,https://github.com/AmedeoPelliccia/Q-plus-A/tree/main/01_OPTIONS_ARCHITECTURE/01-03_TECHNOLOGIES/01-03-01_Q%2BATLANTIDE/000-099_S-ATLAS/010-019_Ground-Handling-and-Servicing/012_Servicing/012-000_General
000-099,S-ATLAS,010-019,Ground Handling and Servicing,012,Servicing,012-100,100,Replenishing,012-100_Replenishing,01_OPTIONS_ARCHITECTURE/01-03_TECHNOLOGIES/01-03-01_Q+ATLANTIDE/000-099_S-ATLAS/010-019_Ground-Handling-and-Servicing/012_Servicing/012-100_Replenishing,https://github.com/AmedeoPelliccia/Q-plus-A/tree/main/01_OPTIONS_ARCHITECTURE/01-03_TECHNOLOGIES/01-03-01_Q%2BATLANTIDE/000-099_S-ATLAS/010-019_Ground-Handling-and-Servicing/012_Servicing/012-100_Replenishing
000-099,S-ATLAS,010-019,Ground Handling and Servicing,012,Servicing,012-110,110,Energy Carrier Servicing,012-110_Energy-Carrier-Servicing,01_OPTIONS_ARCHITECTURE/01-03_TECHNOLOGIES/01-03-01_Q+ATLANTIDE/000-099_S-ATLAS/010-019_Ground-Handling-and-Servicing/012_Servicing/012-110_Energy-Carrier-Servicing,https://github.com/AmedeoPelliccia/Q-plus-A/tree/main/01_OPTIONS_ARCHITECTURE/01-03_TECHNOLOGIES/01-03-01_Q%2BATLANTIDE/000-099_S-ATLAS/010-019_Ground-Handling-and-Servicing/012_Servicing/012-110_Energy-Carrier-Servicing
000-099,S-ATLAS,010-019,Ground Handling and Servicing,012,Servicing,012-120,120,Hydraulic Servicing,012-120_Hydraulic-Servicing,01_OPTIONS_ARCHITECTURE/01-03_TECHNOLOGIES/01-03-01_Q+ATLANTIDE/000-099_S-ATLAS/010-019_Ground-Handling-and-Servicing/012_Servicing/012-120_Hydraulic-Servicing,https://github.com/AmedeoPelliccia/Q-plus-A/tree/main/01_OPTIONS_ARCHITECTURE/01-03_TECHNOLOGIES/01-03-01_Q%2BATLANTIDE/000-099_S-ATLAS/010-019_Ground-Handling-and-Servicing/012_Servicing/012-120_Hydraulic-Servicing
000-099,S-ATLAS,010-019,Ground Handling and Servicing,012,Servicing,012-130,130,Lubricant and Thermal Fluid Servicing,012-130_Lubricant-and-Thermal-Fluid-Servicing,01_OPTIONS_ARCHITECTURE/01-03_TECHNOLOGIES/01-03-01_Q+ATLANTIDE/000-099_S-ATLAS/010-019_Ground-Handling-and-Servicing/012_Servicing/012-130_Lubricant-and-Thermal-Fluid-Servicing,https://github.com/AmedeoPelliccia/Q-plus-A/tree/main/01_OPTIONS_ARCHITECTURE/01-03_TECHNOLOGIES/01-03-01_Q%2BATLANTIDE/000-099_S-ATLAS/010-019_Ground-Handling-and-Servicing/012_Servicing/012-130_Lubricant-and-Thermal-Fluid-Servicing
000-099,S-ATLAS,010-019,Ground Handling and Servicing,012,Servicing,012-140,140,Water Waste Servicing,012-140_Water-Waste-Servicing,01_OPTIONS_ARCHITECTURE/01-03_TECHNOLOGIES/01-03-01_Q+ATLANTIDE/000-099_S-ATLAS/010-019_Ground-Handling-and-Servicing/012_Servicing/012-140_Water-Waste-Servicing,https://github.com/AmedeoPelliccia/Q-plus-A/tree/main/01_OPTIONS_ARCHITECTURE/01-03_TECHNOLOGIES/01-03-01_Q%2BATLANTIDE/000-099_S-ATLAS/010-019_Ground-Handling-and-Servicing/012_Servicing/012-140_Water-Waste-Servicing
000-099,S-ATLAS,010-019,Ground Handling and Servicing,012,Servicing,012-150,150,Gaseous Servicing,012-150_Gaseous-Servicing,01_OPTIONS_ARCHITECTURE/01-03_TECHNOLOGIES/01-03-01_Q+ATLANTIDE/000-099_S-ATLAS/010-019_Ground-Handling-and-Servicing/012_Servicing/012-150_Gaseous-Servicing,https://github.com/AmedeoPelliccia/Q-plus-A/tree/main/01_OPTIONS_ARCHITECTURE/01-03_TECHNOLOGIES/01-03-01_Q%2BATLANTIDE/000-099_S-ATLAS/010-019_Ground-Handling-and-Servicing/012_Servicing/012-150_Gaseous-Servicing
000-099,S-ATLAS,010-019,Ground Handling and Servicing,012,Servicing,012-200,200,Scheduled Servicing,012-200_Scheduled-Servicing,01_OPTIONS_ARCHITECTURE/01-03_TECHNOLOGIES/01-03-01_Q+ATLANTIDE/000-099_S-ATLAS/010-019_Ground-Handling-and-Servicing/012_Servicing/012-200_Scheduled-Servicing,https://github.com/AmedeoPelliccia/Q-plus-A/tree/main/01_OPTIONS_ARCHITECTURE/01-03_TECHNOLOGIES/01-03-01_Q%2BATLANTIDE/000-099_S-ATLAS/010-019_Ground-Handling-and-Servicing/012_Servicing/012-200_Scheduled-Servicing
000-099,S-ATLAS,010-019,Ground Handling and Servicing,012,Servicing,012-210,210,Lubricating Servicing,012-210_Lubricating-Servicing,01_OPTIONS_ARCHITECTURE/01-03_TECHNOLOGIES/01-03-01_Q+ATLANTIDE/000-099_S-ATLAS/010-019_Ground-Handling-and-Servicing/012_Servicing/012-210_Lubricating-Servicing,https://github.com/AmedeoPelliccia/Q-plus-A/tree/main/01_OPTIONS_ARCHITECTURE/01-03_TECHNOLOGIES/01-03-01_Q%2BATLANTIDE/000-099_S-ATLAS/010-019_Ground-Handling-and-Servicing/012_Servicing/012-210_Lubricating-Servicing
000-099,S-ATLAS,010-019,Ground Handling and Servicing,012,Servicing,012-220,220,Cleaning Servicing,012-220_Cleaning-Servicing,01_OPTIONS_ARCHITECTURE/01-03_TECHNOLOGIES/01-03-01_Q+ATLANTIDE/000-099_S-ATLAS/010-019_Ground-Handling-and-Servicing/012_Servicing/012-220_Cleaning-Servicing,https://github.com/AmedeoPelliccia/Q-plus-A/tree/main/01_OPTIONS_ARCHITECTURE/01-03_TECHNOLOGIES/01-03-01_Q%2BATLANTIDE/000-099_S-ATLAS/010-019_Ground-Handling-and-Servicing/012_Servicing/012-220_Cleaning-Servicing
000-099,S-ATLAS,010-019,Ground Handling and Servicing,012,Servicing,012-240,240,Disinfect Servicing,012-240_Disinfect-Servicing,01_OPTIONS_ARCHITECTURE/01-03_TECHNOLOGIES/01-03-01_Q+ATLANTIDE/000-099_S-ATLAS/010-019_Ground-Handling-and-Servicing/012_Servicing/012-240_Disinfect-Servicing,https://github.com/AmedeoPelliccia/Q-plus-A/tree/main/01_OPTIONS_ARCHITECTURE/01-03_TECHNOLOGIES/01-03-01_Q%2BATLANTIDE/000-099_S-ATLAS/010-019_Ground-Handling-and-Servicing/012_Servicing/012-240_Disinfect-Servicing
000-099,S-ATLAS,010-019,Ground Handling and Servicing,012,Servicing,012-250,250,Airframe Servicing,012-250_Airframe-Servicing,01_OPTIONS_ARCHITECTURE/01-03_TECHNOLOGIES/01-03-01_Q+ATLANTIDE/000-099_S-ATLAS/010-019_Ground-Handling-and-Servicing/012_Servicing/012-250_Airframe-Servicing,https://github.com/AmedeoPelliccia/Q-plus-A/tree/main/01_OPTIONS_ARCHITECTURE/01-03_TECHNOLOGIES/01-03-01_Q%2BATLANTIDE/000-099_S-ATLAS/010-019_Ground-Handling-and-Servicing/012_Servicing/012-250_Airframe-Servicing
000-099,S-ATLAS,010-019,Ground Handling and Servicing,012,Servicing,012-300,300,Unscheduled Servicing,012-300_Unscheduled-Servicing,01_OPTIONS_ARCHITECTURE/01-03_TECHNOLOGIES/01-03-01_Q+ATLANTIDE/000-099_S-ATLAS/010-019_Ground-Handling-and-Servicing/012_Servicing/012-300_Unscheduled-Servicing,https://github.com/AmedeoPelliccia/Q-plus-A/tree/main/01_OPTIONS_ARCHITECTURE/01-03_TECHNOLOGIES/01-03-01_Q%2BATLANTIDE/000-099_S-ATLAS/010-019_Ground-Handling-and-Servicing/012_Servicing/012-300_Unscheduled-Servicing
000-099,S-ATLAS,010-019,Ground Handling and Servicing,012,Servicing,012-310,310,Cold Weather Servicing,012-310_Cold-Weather-Servicing,01_OPTIONS_ARCHITECTURE/01-03_TECHNOLOGIES/01-03-01_Q+ATLANTIDE/000-099_S-ATLAS/010-019_Ground-Handling-and-Servicing/012_Servicing/012-310_Cold-Weather-Servicing,https://github.com/AmedeoPelliccia/Q-plus-A/tree/main/01_OPTIONS_ARCHITECTURE/01-03_TECHNOLOGIES/01-03-01_Q%2BATLANTIDE/000-099_S-ATLAS/010-019_Ground-Handling-and-Servicing/012_Servicing/012-310_Cold-Weather-Servicing
000-099,S-ATLAS,010-019,Ground Handling and Servicing,012,Servicing,012-900,900,Energy Conditioning and Smart Replenishment Operations,012-900_Energy-Conditioning-and-Smart-Replenishment-Operations,01_OPTIONS_ARCHITECTURE/01-03_TECHNOLOGIES/01-03-01_Q+ATLANTIDE/000-099_S-ATLAS/010-019_Ground-Handling-and-Servicing/012_Servicing/012-900_Energy-Conditioning-and-Smart-Replenishment-Operations,https://github.com/AmedeoPelliccia/Q-plus-A/tree/main/01_OPTIONS_ARCHITECTURE/01-03_TECHNOLOGIES/01-03-01_Q%2BATLANTIDE/000-099_S-ATLAS/010-019_Ground-Handling-and-Servicing/012_Servicing/012-900_Energy-Conditioning-and-Smart-Replenishment-Operations
000-099,S-ATLAS,020-029,Core Aircraft Systems,020,Standard Maintenance Practices,020-000,000,General,020-000_General,01_OPTIONS_ARCHITECTURE/01-03_TECHNOLOGIES/01-03-01_Q+ATLANTIDE/000-099_S-ATLAS/020-029_Core-Aircraft-Systems/020_Standard-Maintenance-Practices/020-000_General,https://github.com/AmedeoPelliccia/Q-plus-A/tree/main/01_OPTIONS_ARCHITECTURE/01-03_TECHNOLOGIES/01-03-01_Q%2BATLANTIDE/000-099_S-ATLAS/020-029_Core-Aircraft-Systems/020_Standard-Maintenance-Practices/020-000_General
000-099,S-ATLAS,020-029,Core Aircraft Systems,020,Standard Maintenance Practices,020-010,010,Wire and Cable Identification,020-010_Wire-and-Cable-Identification,01_OPTIONS_ARCHITECTURE/01-03_TECHNOLOGIES/01-03-01_Q+ATLANTIDE/000-099_S-ATLAS/020-029_Core-Aircraft-Systems/020_Standard-Maintenance-Practices/020-010_Wire-and-Cable-Identification,https://github.com/AmedeoPelliccia/Q-plus-A/tree/main/01_OPTIONS_ARCHITECTURE/01-03_TECHNOLOGIES/01-03-01_Q%2BATLANTIDE/000-099_S-ATLAS/020-029_Core-Aircraft-Systems/020_Standard-Maintenance-Practices/020-010_Wire-and-Cable-Identification
000-099,S-ATLAS,020-029,Core Aircraft Systems,020,Standard Maintenance Practices,020-100,100,General Maintenance Practices,020-100_General-Maintenance-Practices,01_OPTIONS_ARCHITECTURE/01-03_TECHNOLOGIES/01-03-01_Q+ATLANTIDE/000-099_S-ATLAS/020-029_Core-Aircraft-Systems/020_Standard-Maintenance-Practices/020-100_General-Maintenance-Practices,https://github.com/AmedeoPelliccia/Q-plus-A/tree/main/01_OPTIONS_ARCHITECTURE/01-03_TECHNOLOGIES/01-03-01_Q%2BATLANTIDE/000-099_S-ATLAS/020-029_Core-Aircraft-Systems/020_Standard-Maintenance-Practices/020-100_General-Maintenance-Practices
000-099,S-ATLAS,020-029,Core Aircraft Systems,020,Standard Maintenance Practices,020-130,130,Electrical Components Maintenance Practices,020-130_Electrical-Components-Maintenance-Practices,01_OPTIONS_ARCHITECTURE/01-03_TECHNOLOGIES/01-03-01_Q+ATLANTIDE/000-099_S-ATLAS/020-029_Core-Aircraft-Systems/020_Standard-Maintenance-Practices/020-130_Electrical-Components-Maintenance-Practices,https://github.com/AmedeoPelliccia/Q-plus-A/tree/main/01_OPTIONS_ARCHITECTURE/01-03_TECHNOLOGIES/01-03-01_Q%2BATLANTIDE/000-099_S-ATLAS/020-029_Core-Aircraft-Systems/020_Standard-Maintenance-Practices/020-130_Electrical-Components-Maintenance-Practices
000-099,S-ATLAS,020-029,Core Aircraft Systems,020,Standard Maintenance Practices,020-200,200,Flight Controls Maintenance Practices,020-200_Flight-Controls-Maintenance-Practices,01_OPTIONS_ARCHITECTURE/01-03_TECHNOLOGIES/01-03-01_Q+ATLANTIDE/000-099_S-ATLAS/020-029_Core-Aircraft-Systems/020_Standard-Maintenance-Practices/020-200_Flight-Controls-Maintenance-Practices,https://github.com/AmedeoPelliccia/Q-plus-A/tree/main/01_OPTIONS_ARCHITECTURE/01-03_TECHNOLOGIES/01-03-01_Q%2BATLANTIDE/000-099_S-ATLAS/020-029_Core-Aircraft-Systems/020_Standard-Maintenance-Practices/020-200_Flight-Controls-Maintenance-Practices
000-099,S-ATLAS,020-029,Core Aircraft Systems,020,Standard Maintenance Practices,020-210,210,Tooling,020-210_Tooling,01_OPTIONS_ARCHITECTURE/01-03_TECHNOLOGIES/01-03-01_Q+ATLANTIDE/000-099_S-ATLAS/020-029_Core-Aircraft-Systems/020_Standard-Maintenance-Practices/020-210_Tooling,https://github.com/AmedeoPelliccia/Q-plus-A/tree/main/01_OPTIONS_ARCHITECTURE/01-03_TECHNOLOGIES/01-03-01_Q%2BATLANTIDE/000-099_S-ATLAS/020-029_Core-Aircraft-Systems/020_Standard-Maintenance-Practices/020-210_Tooling
000-099,S-ATLAS,020-029,Core Aircraft Systems,020,Standard Maintenance Practices,020-300,300,Consumables,020-300_Consumables,01_OPTIONS_ARCHITECTURE/01-03_TECHNOLOGIES/01-03-01_Q+ATLANTIDE/000-099_S-ATLAS/020-029_Core-Aircraft-Systems/020_Standard-Maintenance-Practices/020-300_Consumables,https://github.com/AmedeoPelliccia/Q-plus-A/tree/main/01_OPTIONS_ARCHITECTURE/01-03_TECHNOLOGIES/01-03-01_Q%2BATLANTIDE/000-099_S-ATLAS/020-029_Core-Aircraft-Systems/020_Standard-Maintenance-Practices/020-300_Consumables
000-099,S-ATLAS,020-029,Core Aircraft Systems,020,Standard Maintenance Practices,020-350,350,Electrical Components Maintenance Practices Junction Modules,020-350_Electrical-Components-Maintenance-Practices-Junction-Modules,01_OPTIONS_ARCHITECTURE/01-03_TECHNOLOGIES/01-03-01_Q+ATLANTIDE/000-099_S-ATLAS/020-029_Core-Aircraft-Systems/020_Standard-Maintenance-Practices/020-350_Electrical-Components-Maintenance-Practices-Junction-Modules,https://github.com/AmedeoPelliccia/Q-plus-A/tree/main/01_OPTIONS_ARCHITECTURE/01-03_TECHNOLOGIES/01-03-01_Q%2BATLANTIDE/000-099_S-ATLAS/020-029_Core-Aircraft-Systems/020_Standard-Maintenance-Practices/020-350_Electrical-Components-Maintenance-Practices-Junction-Modules
000-099,S-ATLAS,020-029,Core Aircraft Systems,020,Standard Maintenance Practices,020-380,380,Component Data,020-380_Component-Data,01_OPTIONS_ARCHITECTURE/01-03_TECHNOLOGIES/01-03-01_Q+ATLANTIDE/000-099_S-ATLAS/020-029_Core-Aircraft-Systems/020_Standard-Maintenance-Practices/020-380_Component-Data,https://github.com/AmedeoPelliccia/Q-plus-A/tree/main/01_OPTIONS_ARCHITECTURE/01-03_TECHNOLOGIES/01-03-01_Q%2BATLANTIDE/000-099_S-ATLAS/020-029_Core-Aircraft-Systems/020_Standard-Maintenance-Practices/020-380_Component-Data
000-099,S-ATLAS,020-029,Core Aircraft Systems,020,Standard Maintenance Practices,020-390,390,Modular Plug Connector,020-390_Modular-Plug-Connector,01_OPTIONS_ARCHITECTURE/01-03_TECHNOLOGIES/01-03-01_Q+ATLANTIDE/000-099_S-ATLAS/020-029_Core-Aircraft-Systems/020_Standard-Maintenance-Practices/020-390_Modular-Plug-Connector,https://github.com/AmedeoPelliccia/Q-plus-A/tree/main/01_OPTIONS_ARCHITECTURE/01-03_TECHNOLOGIES/01-03-01_Q%2BATLANTIDE/000-099_S-ATLAS/020-029_Core-Aircraft-Systems/020_Standard-Maintenance-Practices/020-390_Modular-Plug-Connector
000-099,S-ATLAS,020-029,Core Aircraft Systems,020,Standard Maintenance Practices,020-400,400,Electrostatic Discharge and Static Grounding,020-400_Electrostatic-Discharge-and-Static-Grounding,01_OPTIONS_ARCHITECTURE/01-03_TECHNOLOGIES/01-03-01_Q+ATLANTIDE/000-099_S-ATLAS/020-029_Core-Aircraft-Systems/020_Standard-Maintenance-Practices/020-400_Electrostatic-Discharge-and-Static-Grounding,https://github.com/AmedeoPelliccia/Q-plus-A/tree/main/01_OPTIONS_ARCHITECTURE/01-03_TECHNOLOGIES/01-03-01_Q%2BATLANTIDE/000-099_S-ATLAS/020-029_Core-Aircraft-Systems/020_Standard-Maintenance-Practices/020-400_Electrostatic-Discharge-and-Static-Grounding
000-099,S-ATLAS,020-029,Core Aircraft Systems,020,Standard Maintenance Practices,020-410,410,Assembly Practices,020-410_Assembly-Practices,01_OPTIONS_ARCHITECTURE/01-03_TECHNOLOGIES/01-03-01_Q+ATLANTIDE/000-099_S-ATLAS/020-029_Core-Aircraft-Systems/020_Standard-Maintenance-Practices/020-410_Assembly-Practices,https://github.com/AmedeoPelliccia/Q-plus-A/tree/main/01_OPTIONS_ARCHITECTURE/01-03_TECHNOLOGIES/01-03-01_Q%2BATLANTIDE/000-099_S-ATLAS/020-029_Core-Aircraft-Systems/020_Standard-Maintenance-Practices/020-410_Assembly-Practices
000-099,S-ATLAS,020-029,Core Aircraft Systems,020,Standard Maintenance Practices,020-430,430,Soldering Procedures,020-430_Soldering-Procedures,01_OPTIONS_ARCHITECTURE/01-03_TECHNOLOGIES/01-03-01_Q+ATLANTIDE/000-099_S-ATLAS/020-029_Core-Aircraft-Systems/020_Standard-Maintenance-Practices/020-430_Soldering-Procedures,https://github.com/AmedeoPelliccia/Q-plus-A/tree/main/01_OPTIONS_ARCHITECTURE/01-03_TECHNOLOGIES/01-03-01_Q%2BATLANTIDE/000-099_S-ATLAS/020-029_Core-Aircraft-Systems/020_Standard-Maintenance-Practices/020-430_Soldering-Procedures
000-099,S-ATLAS,020-029,Core Aircraft Systems,020,Standard Maintenance Practices,020-450,450,Harness Ties,020-450_Harness-Ties,01_OPTIONS_ARCHITECTURE/01-03_TECHNOLOGIES/01-03-01_Q+ATLANTIDE/000-099_S-ATLAS/020-029_Core-Aircraft-Systems/020_Standard-Maintenance-Practices/020-450_Harness-Ties,https://github.com/AmedeoPelliccia/Q-plus-A/tree/main/01_OPTIONS_ARCHITECTURE/01-03_TECHNOLOGIES/01-03-01_Q%2BATLANTIDE/000-099_S-ATLAS/020-029_Core-Aircraft-Systems/020_Standard-Maintenance-Practices/020-450_Harness-Ties
000-099,S-ATLAS,020-029,Core Aircraft Systems,020,Standard Maintenance Practices,020-500,500,Installation Practices,020-500_Installation-Practices,01_OPTIONS_ARCHITECTURE/01-03_TECHNOLOGIES/01-03-01_Q+ATLANTIDE/000-099_S-ATLAS/020-029_Core-Aircraft-Systems/020_Standard-Maintenance-Practices/020-500_Installation-Practices,https://github.com/AmedeoPelliccia/Q-plus-A/tree/main/01_OPTIONS_ARCHITECTURE/01-03_TECHNOLOGIES/01-03-01_Q%2BATLANTIDE/000-099_S-ATLAS/020-029_Core-Aircraft-Systems/020_Standard-Maintenance-Practices/020-500_Installation-Practices
000-099,S-ATLAS,020-029,Core Aircraft Systems,020,Standard Maintenance Practices,020-510,510,Clamping,020-510_Clamping,01_OPTIONS_ARCHITECTURE/01-03_TECHNOLOGIES/01-03-01_Q+ATLANTIDE/000-099_S-ATLAS/020-029_Core-Aircraft-Systems/020_Standard-Maintenance-Practices/020-510_Clamping,https://github.com/AmedeoPelliccia/Q-plus-A/tree/main/01_OPTIONS_ARCHITECTURE/01-03_TECHNOLOGIES/01-03-01_Q%2BATLANTIDE/000-099_S-ATLAS/020-029_Core-Aircraft-Systems/020_Standard-Maintenance-Practices/020-510_Clamping
000-099,S-ATLAS,020-029,Core Aircraft Systems,020,Standard Maintenance Practices,020-520,520,Electrical Connector Mating,020-520_Electrical-Connector-Mating,01_OPTIONS_ARCHITECTURE/01-03_TECHNOLOGIES/01-03-01_Q+ATLANTIDE/000-099_S-ATLAS/020-029_Core-Aircraft-Systems/020_Standard-Maintenance-Practices/020-520_Electrical-Connector-Mating,https://github.com/AmedeoPelliccia/Q-plus-A/tree/main/01_OPTIONS_ARCHITECTURE/01-03_TECHNOLOGIES/01-03-01_Q%2BATLANTIDE/000-099_S-ATLAS/020-029_Core-Aircraft-Systems/020_Standard-Maintenance-Practices/020-520_Electrical-Connector-Mating
000-099,S-ATLAS,020-029,Core Aircraft Systems,020,Standard Maintenance Practices,020-600,600,Maintenance Practices,020-600_Maintenance-Practices,01_OPTIONS_ARCHITECTURE/01-03_TECHNOLOGIES/01-03-01_Q+ATLANTIDE/000-099_S-ATLAS/020-029_Core-Aircraft-Systems/020_Standard-Maintenance-Practices/020-600_Maintenance-Practices,https://github.com/AmedeoPelliccia/Q-plus-A/tree/main/01_OPTIONS_ARCHITECTURE/01-03_TECHNOLOGIES/01-03-01_Q%2BATLANTIDE/000-099_S-ATLAS/020-029_Core-Aircraft-Systems/020_Standard-Maintenance-Practices/020-600_Maintenance-Practices
000-099,S-ATLAS,020-029,Core Aircraft Systems,020,Standard Maintenance Practices,020-610,610,Harness and Electrical Connector Cleaning,020-610_Harness-and-Electrical-Connector-Cleaning,01_OPTIONS_ARCHITECTURE/01-03_TECHNOLOGIES/01-03-01_Q+ATLANTIDE/000-099_S-ATLAS/020-029_Core-Aircraft-Systems/020_Standard-Maintenance-Practices/020-610_Harness-and-Electrical-Connector-Cleaning,https://github.com/AmedeoPelliccia/Q-plus-A/tree/main/01_OPTIONS_ARCHITECTURE/01-03_TECHNOLOGIES/01-03-01_Q%2BATLANTIDE/000-099_S-ATLAS/020-029_Core-Aircraft-Systems/020_Standard-Maintenance-Practices/020-610_Harness-and-Electrical-Connector-Cleaning
000-099,S-ATLAS,020-029,Core Aircraft Systems,020,Standard Maintenance Practices,020-620,620,EWIS Components Inspections,020-620_EWIS-Components-Inspections,01_OPTIONS_ARCHITECTURE/01-03_TECHNOLOGIES/01-03-01_Q+ATLANTIDE/000-099_S-ATLAS/020-029_Core-Aircraft-Systems/020_Standard-Maintenance-Practices/020-620_EWIS-Components-Inspections,https://github.com/AmedeoPelliccia/Q-plus-A/tree/main/01_OPTIONS_ARCHITECTURE/01-03_TECHNOLOGIES/01-03-01_Q%2BATLANTIDE/000-099_S-ATLAS/020-029_Core-Aircraft-Systems/020_Standard-Maintenance-Practices/020-620_EWIS-Components-Inspections
000-099,S-ATLAS,020-029,Core Aircraft Systems,020,Standard Maintenance Practices,020-670,670,Preventive Maintenance,020-670_Preventive-Maintenance,01_OPTIONS_ARCHITECTURE/01-03_TECHNOLOGIES/01-03-01_Q+ATLANTIDE/000-099_S-ATLAS/020-029_Core-Aircraft-Systems/020_Standard-Maintenance-Practices/020-670_Preventive-Maintenance,https://github.com/AmedeoPelliccia/Q-plus-A/tree/main/01_OPTIONS_ARCHITECTURE/01-03_TECHNOLOGIES/01-03-01_Q%2BATLANTIDE/000-099_S-ATLAS/020-029_Core-Aircraft-Systems/020_Standard-Maintenance-Practices/020-670_Preventive-Maintenance
000-099,S-ATLAS,020-029,Core Aircraft Systems,020,Standard Maintenance Practices,020-900,900,High Energy Green Standard Practices,020-900_High-Energy-Green-Standard-Practices,01_OPTIONS_ARCHITECTURE/01-03_TECHNOLOGIES/01-03-01_Q+ATLANTIDE/000-099_S-ATLAS/020-029_Core-Aircraft-Systems/020_Standard-Maintenance-Practices/020-900_High-Energy-Green-Standard-Practices,https://github.com/AmedeoPelliccia/Q-plus-A/tree/main/01_OPTIONS_ARCHITECTURE/01-03_TECHNOLOGIES/01-03-01_Q%2BATLANTIDE/000-099_S-ATLAS/020-029_Core-Aircraft-Systems/020_Standard-Maintenance-Practices/020-900_High-Energy-Green-Standard-Practices
000-099,S-ATLAS,020-029,Core Aircraft Systems,021,Air Conditioning Environmental Control,021-000,000,General,021-000_General,01_OPTIONS_ARCHITECTURE/01-03_TECHNOLOGIES/01-03-01_Q+ATLANTIDE/000-099_S-ATLAS/020-029_Core-Aircraft-Systems/021_Air-Conditioning-Environmental-Control/021-000_General,https://github.com/AmedeoPelliccia/Q-plus-A/tree/main/01_OPTIONS_ARCHITECTURE/01-03_TECHNOLOGIES/01-03-01_Q%2BATLANTIDE/000-099_S-ATLAS/020-029_Core-Aircraft-Systems/021_Air-Conditioning-Environmental-Control/021-000_General
000-099,S-ATLAS,020-029,Core Aircraft Systems,021,Air Conditioning Environmental Control,021-200,200,Distribution,021-200_Distribution,01_OPTIONS_ARCHITECTURE/01-03_TECHNOLOGIES/01-03-01_Q+ATLANTIDE/000-099_S-ATLAS/020-029_Core-Aircraft-Systems/021_Air-Conditioning-Environmental-Control/021-200_Distribution,https://github.com/AmedeoPelliccia/Q-plus-A/tree/main/01_OPTIONS_ARCHITECTURE/01-03_TECHNOLOGIES/01-03-01_Q%2BATLANTIDE/000-099_S-ATLAS/020-029_Core-Aircraft-Systems/021_Air-Conditioning-Environmental-Control/021-200_Distribution
000-099,S-ATLAS,020-029,Core Aircraft Systems,021,Air Conditioning Environmental Control,021-210,210,Cockpit Distribution,021-210_Cockpit-Distribution,01_OPTIONS_ARCHITECTURE/01-03_TECHNOLOGIES/01-03-01_Q+ATLANTIDE/000-099_S-ATLAS/020-029_Core-Aircraft-Systems/021_Air-Conditioning-Environmental-Control/021-210_Cockpit-Distribution,https://github.com/AmedeoPelliccia/Q-plus-A/tree/main/01_OPTIONS_ARCHITECTURE/01-03_TECHNOLOGIES/01-03-01_Q%2BATLANTIDE/000-099_S-ATLAS/020-029_Core-Aircraft-Systems/021_Air-Conditioning-Environmental-Control/021-210_Cockpit-Distribution
000-099,S-ATLAS,020-029,Core Aircraft Systems,021,Air Conditioning Environmental Control,021-220,220,Passenger Cabin Distribution,021-220_Passenger-Cabin-Distribution,01_OPTIONS_ARCHITECTURE/01-03_TECHNOLOGIES/01-03-01_Q+ATLANTIDE/000-099_S-ATLAS/020-029_Core-Aircraft-Systems/021_Air-Conditioning-Environmental-Control/021-220_Passenger-Cabin-Distribution,https://github.com/AmedeoPelliccia/Q-plus-A/tree/main/01_OPTIONS_ARCHITECTURE/01-03_TECHNOLOGIES/01-03-01_Q%2BATLANTIDE/000-099_S-ATLAS/020-029_Core-Aircraft-Systems/021_Air-Conditioning-Environmental-Control/021-220_Passenger-Cabin-Distribution
000-099,S-ATLAS,020-029,Core Aircraft Systems,021,Air Conditioning Environmental Control,021-230,230,Gasper,021-230_Gasper,01_OPTIONS_ARCHITECTURE/01-03_TECHNOLOGIES/01-03-01_Q+ATLANTIDE/000-099_S-ATLAS/020-029_Core-Aircraft-Systems/021_Air-Conditioning-Environmental-Control/021-230_Gasper,https://github.com/AmedeoPelliccia/Q-plus-A/tree/main/01_OPTIONS_ARCHITECTURE/01-03_TECHNOLOGIES/01-03-01_Q%2BATLANTIDE/000-099_S-ATLAS/020-029_Core-Aircraft-Systems/021_Air-Conditioning-Environmental-Control/021-230_Gasper
000-099,S-ATLAS,020-029,Core Aircraft Systems,021,Air Conditioning Environmental Control,021-240,240,Recirculation,021-240_Recirculation,01_OPTIONS_ARCHITECTURE/01-03_TECHNOLOGIES/01-03-01_Q+ATLANTIDE/000-099_S-ATLAS/020-029_Core-Aircraft-Systems/021_Air-Conditioning-Environmental-Control/021-240_Recirculation,https://github.com/AmedeoPelliccia/Q-plus-A/tree/main/01_OPTIONS_ARCHITECTURE/01-03_TECHNOLOGIES/01-03-01_Q%2BATLANTIDE/000-099_S-ATLAS/020-029_Core-Aircraft-Systems/021_Air-Conditioning-Environmental-Control/021-240_Recirculation
000-099,S-ATLAS,020-029,Core Aircraft Systems,021,Air Conditioning Environmental Control,021-250,250,Ram Air Ventilation,021-250_Ram-Air-Ventilation,01_OPTIONS_ARCHITECTURE/01-03_TECHNOLOGIES/01-03-01_Q+ATLANTIDE/000-099_S-ATLAS/020-029_Core-Aircraft-Systems/021_Air-Conditioning-Environmental-Control/021-250_Ram-Air-Ventilation,https://github.com/AmedeoPelliccia/Q-plus-A/tree/main/01_OPTIONS_ARCHITECTURE/01-03_TECHNOLOGIES/01-03-01_Q%2BATLANTIDE/000-099_S-ATLAS/020-029_Core-Aircraft-Systems/021_Air-Conditioning-Environmental-Control/021-250_Ram-Air-Ventilation
000-099,S-ATLAS,020-029,Core Aircraft Systems,021,Air Conditioning Environmental Control,021-260,260,Avionics Compartment Ventilation,021-260_Avionics-Compartment-Ventilation,01_OPTIONS_ARCHITECTURE/01-03_TECHNOLOGIES/01-03-01_Q+ATLANTIDE/000-099_S-ATLAS/020-029_Core-Aircraft-Systems/021_Air-Conditioning-Environmental-Control/021-260_Avionics-Compartment-Ventilation,https://github.com/AmedeoPelliccia/Q-plus-A/tree/main/01_OPTIONS_ARCHITECTURE/01-03_TECHNOLOGIES/01-03-01_Q%2BATLANTIDE/000-099_S-ATLAS/020-029_Core-Aircraft-Systems/021_Air-Conditioning-Environmental-Control/021-260_Avionics-Compartment-Ventilation
000-099,S-ATLAS,020-029,Core Aircraft Systems,021,Air Conditioning Environmental Control,021-270,270,Cargo Compartment Ventilation,021-270_Cargo-Compartment-Ventilation,01_OPTIONS_ARCHITECTURE/01-03_TECHNOLOGIES/01-03-01_Q+ATLANTIDE/000-099_S-ATLAS/020-029_Core-Aircraft-Systems/021_Air-Conditioning-Environmental-Control/021-270_Cargo-Compartment-Ventilation,https://github.com/AmedeoPelliccia/Q-plus-A/tree/main/01_OPTIONS_ARCHITECTURE/01-03_TECHNOLOGIES/01-03-01_Q%2BATLANTIDE/000-099_S-ATLAS/020-029_Core-Aircraft-Systems/021_Air-Conditioning-Environmental-Control/021-270_Cargo-Compartment-Ventilation
000-099,S-ATLAS,020-029,Core Aircraft Systems,021,Air Conditioning Environmental Control,021-280,280,Miscellaneous Equipment and Chiller Ventilation,021-280_Miscellaneous-Equipment-and-Chiller-Ventilation,01_OPTIONS_ARCHITECTURE/01-03_TECHNOLOGIES/01-03-01_Q+ATLANTIDE/000-099_S-ATLAS/020-029_Core-Aircraft-Systems/021_Air-Conditioning-Environmental-Control/021-280_Miscellaneous-Equipment-and-Chiller-Ventilation,https://github.com/AmedeoPelliccia/Q-plus-A/tree/main/01_OPTIONS_ARCHITECTURE/01-03_TECHNOLOGIES/01-03-01_Q%2BATLANTIDE/000-099_S-ATLAS/020-029_Core-Aircraft-Systems/021_Air-Conditioning-Environmental-Control/021-280_Miscellaneous-Equipment-and-Chiller-Ventilation
000-099,S-ATLAS,020-029,Core Aircraft Systems,021,Air Conditioning Environmental Control,021-290,290,Low Pressure Ground Supply,021-290_Low-Pressure-Ground-Supply,01_OPTIONS_ARCHITECTURE/01-03_TECHNOLOGIES/01-03-01_Q+ATLANTIDE/000-099_S-ATLAS/020-029_Core-Aircraft-Systems/021_Air-Conditioning-Environmental-Control/021-290_Low-Pressure-Ground-Supply,https://github.com/AmedeoPelliccia/Q-plus-A/tree/main/01_OPTIONS_ARCHITECTURE/01-03_TECHNOLOGIES/01-03-01_Q%2BATLANTIDE/000-099_S-ATLAS/020-029_Core-Aircraft-Systems/021_Air-Conditioning-Environmental-Control/021-290_Low-Pressure-Ground-Supply
000-099,S-ATLAS,020-029,Core Aircraft Systems,021,Air Conditioning Environmental Control,021-300,300,Pressurization Control,021-300_Pressurization-Control,01_OPTIONS_ARCHITECTURE/01-03_TECHNOLOGIES/01-03-01_Q+ATLANTIDE/000-099_S-ATLAS/020-029_Core-Aircraft-Systems/021_Air-Conditioning-Environmental-Control/021-300_Pressurization-Control,https://github.com/AmedeoPelliccia/Q-plus-A/tree/main/01_OPTIONS_ARCHITECTURE/01-03_TECHNOLOGIES/01-03-01_Q%2BATLANTIDE/000-099_S-ATLAS/020-029_Core-Aircraft-Systems/021_Air-Conditioning-Environmental-Control/021-300_Pressurization-Control
000-099,S-ATLAS,020-029,Core Aircraft Systems,021,Air Conditioning Environmental Control,021-310,310,Pressurization Control and Indication,021-310_Pressurization-Control-and-Indication,01_OPTIONS_ARCHITECTURE/01-03_TECHNOLOGIES/01-03-01_Q+ATLANTIDE/000-099_S-ATLAS/020-029_Core-Aircraft-Systems/021_Air-Conditioning-Environmental-Control/021-310_Pressurization-Control-and-Indication,https://github.com/AmedeoPelliccia/Q-plus-A/tree/main/01_OPTIONS_ARCHITECTURE/01-03_TECHNOLOGIES/01-03-01_Q%2BATLANTIDE/000-099_S-ATLAS/020-029_Core-Aircraft-Systems/021_Air-Conditioning-Environmental-Control/021-310_Pressurization-Control-and-Indication
000-099,S-ATLAS,020-029,Core Aircraft Systems,021,Air Conditioning Environmental Control,021-320,320,Cabin Pressure Relief,021-320_Cabin-Pressure-Relief,01_OPTIONS_ARCHITECTURE/01-03_TECHNOLOGIES/01-03-01_Q+ATLANTIDE/000-099_S-ATLAS/020-029_Core-Aircraft-Systems/021_Air-Conditioning-Environmental-Control/021-320_Cabin-Pressure-Relief,https://github.com/AmedeoPelliccia/Q-plus-A/tree/main/01_OPTIONS_ARCHITECTURE/01-03_TECHNOLOGIES/01-03-01_Q%2BATLANTIDE/000-099_S-ATLAS/020-029_Core-Aircraft-Systems/021_Air-Conditioning-Environmental-Control/021-320_Cabin-Pressure-Relief
000-099,S-ATLAS,020-029,Core Aircraft Systems,021,Air Conditioning Environmental Control,021-330,330,Cargo Compartment Pressure Equalization,021-330_Cargo-Compartment-Pressure-Equalization,01_OPTIONS_ARCHITECTURE/01-03_TECHNOLOGIES/01-03-01_Q+ATLANTIDE/000-099_S-ATLAS/020-029_Core-Aircraft-Systems/021_Air-Conditioning-Environmental-Control/021-330_Cargo-Compartment-Pressure-Equalization,https://github.com/AmedeoPelliccia/Q-plus-A/tree/main/01_OPTIONS_ARCHITECTURE/01-03_TECHNOLOGIES/01-03-01_Q%2BATLANTIDE/000-099_S-ATLAS/020-029_Core-Aircraft-Systems/021_Air-Conditioning-Environmental-Control/021-330_Cargo-Compartment-Pressure-Equalization
000-099,S-ATLAS,020-029,Core Aircraft Systems,021,Air Conditioning Environmental Control,021-400,400,Heating,021-400_Heating,01_OPTIONS_ARCHITECTURE/01-03_TECHNOLOGIES/01-03-01_Q+ATLANTIDE/000-099_S-ATLAS/020-029_Core-Aircraft-Systems/021_Air-Conditioning-Environmental-Control/021-400_Heating,https://github.com/AmedeoPelliccia/Q-plus-A/tree/main/01_OPTIONS_ARCHITECTURE/01-03_TECHNOLOGIES/01-03-01_Q%2BATLANTIDE/000-099_S-ATLAS/020-029_Core-Aircraft-Systems/021_Air-Conditioning-Environmental-Control/021-400_Heating
000-099,S-ATLAS,020-029,Core Aircraft Systems,021,Air Conditioning Environmental Control,021-410,410,Floor Panel Heating,021-410_Floor-Panel-Heating,01_OPTIONS_ARCHITECTURE/01-03_TECHNOLOGIES/01-03-01_Q+ATLANTIDE/000-099_S-ATLAS/020-029_Core-Aircraft-Systems/021_Air-Conditioning-Environmental-Control/021-410_Floor-Panel-Heating,https://github.com/AmedeoPelliccia/Q-plus-A/tree/main/01_OPTIONS_ARCHITECTURE/01-03_TECHNOLOGIES/01-03-01_Q%2BATLANTIDE/000-099_S-ATLAS/020-029_Core-Aircraft-Systems/021_Air-Conditioning-Environmental-Control/021-410_Floor-Panel-Heating
000-099,S-ATLAS,020-029,Core Aircraft Systems,021,Air Conditioning Environmental Control,021-500,500,Environmental Cooling Electric Integrated,021-500_Environmental-Cooling-Electric-Integrated,01_OPTIONS_ARCHITECTURE/01-03_TECHNOLOGIES/01-03-01_Q+ATLANTIDE/000-099_S-ATLAS/020-029_Core-Aircraft-Systems/021_Air-Conditioning-Environmental-Control/021-500_Environmental-Cooling-Electric-Integrated,https://github.com/AmedeoPelliccia/Q-plus-A/tree/main/01_OPTIONS_ARCHITECTURE/01-03_TECHNOLOGIES/01-03-01_Q%2BATLANTIDE/000-099_S-ATLAS/020-029_Core-Aircraft-Systems/021_Air-Conditioning-Environmental-Control/021-500_Environmental-Cooling-Electric-Integrated
000-099,S-ATLAS,020-029,Core Aircraft Systems,021,Air Conditioning Environmental Control,021-510,510,Environmental Cooling Unit Electric,021-510_Environmental-Cooling-Unit-Electric,01_OPTIONS_ARCHITECTURE/01-03_TECHNOLOGIES/01-03-01_Q+ATLANTIDE/000-099_S-ATLAS/020-029_Core-Aircraft-Systems/021_Air-Conditioning-Environmental-Control/021-510_Environmental-Cooling-Unit-Electric,https://github.com/AmedeoPelliccia/Q-plus-A/tree/main/01_OPTIONS_ARCHITECTURE/01-03_TECHNOLOGIES/01-03-01_Q%2BATLANTIDE/000-099_S-ATLAS/020-029_Core-Aircraft-Systems/021_Air-Conditioning-Environmental-Control/021-510_Environmental-Cooling-Unit-Electric
000-099,S-ATLAS,020-029,Core Aircraft Systems,021,Air Conditioning Environmental Control,021-600,600,Temperature Control,021-600_Temperature-Control,01_OPTIONS_ARCHITECTURE/01-03_TECHNOLOGIES/01-03-01_Q+ATLANTIDE/000-099_S-ATLAS/020-029_Core-Aircraft-Systems/021_Air-Conditioning-Environmental-Control/021-600_Temperature-Control,https://github.com/AmedeoPelliccia/Q-plus-A/tree/main/01_OPTIONS_ARCHITECTURE/01-03_TECHNOLOGIES/01-03-01_Q%2BATLANTIDE/000-099_S-ATLAS/020-029_Core-Aircraft-Systems/021_Air-Conditioning-Environmental-Control/021-600_Temperature-Control
000-099,S-ATLAS,020-029,Core Aircraft Systems,021,Air Conditioning Environmental Control,021-610,610,Cockpit Zone Temperature Control,021-610_Cockpit-Zone-Temperature-Control,01_OPTIONS_ARCHITECTURE/01-03_TECHNOLOGIES/01-03-01_Q+ATLANTIDE/000-099_S-ATLAS/020-029_Core-Aircraft-Systems/021_Air-Conditioning-Environmental-Control/021-610_Cockpit-Zone-Temperature-Control,https://github.com/AmedeoPelliccia/Q-plus-A/tree/main/01_OPTIONS_ARCHITECTURE/01-03_TECHNOLOGIES/01-03-01_Q%2BATLANTIDE/000-099_S-ATLAS/020-029_Core-Aircraft-Systems/021_Air-Conditioning-Environmental-Control/021-610_Cockpit-Zone-Temperature-Control
000-099,S-ATLAS,020-029,Core Aircraft Systems,021,Air Conditioning Environmental Control,021-620,620,Passenger Cabin Zone Temperature Control,021-620_Passenger-Cabin-Zone-Temperature-Control,01_OPTIONS_ARCHITECTURE/01-03_TECHNOLOGIES/01-03-01_Q+ATLANTIDE/000-099_S-ATLAS/020-029_Core-Aircraft-Systems/021_Air-Conditioning-Environmental-Control/021-620_Passenger-Cabin-Zone-Temperature-Control,https://github.com/AmedeoPelliccia/Q-plus-A/tree/main/01_OPTIONS_ARCHITECTURE/01-03_TECHNOLOGIES/01-03-01_Q%2BATLANTIDE/000-099_S-ATLAS/020-029_Core-Aircraft-Systems/021_Air-Conditioning-Environmental-Control/021-620_Passenger-Cabin-Zone-Temperature-Control
000-099,S-ATLAS,020-029,Core Aircraft Systems,021,Air Conditioning Environmental Control,021-900,900,Energy System Thermal Integration,021-900_Energy-System-Thermal-Integration,01_OPTIONS_ARCHITECTURE/01-03_TECHNOLOGIES/01-03-01_Q+ATLANTIDE/000-099_S-ATLAS/020-029_Core-Aircraft-Systems/021_Air-Conditioning-Environmental-Control/021-900_Energy-System-Thermal-Integration,https://github.com/AmedeoPelliccia/Q-plus-A/tree/main/01_OPTIONS_ARCHITECTURE/01-03_TECHNOLOGIES/01-03-01_Q%2BATLANTIDE/000-099_S-ATLAS/020-029_Core-Aircraft-Systems/021_Air-Conditioning-Environmental-Control/021-900_Energy-System-Thermal-Integration
000-099,S-ATLAS,020-029,Core Aircraft Systems,022,Auto Flight,022-000,000,General,022-000_General,01_OPTIONS_ARCHITECTURE/01-03_TECHNOLOGIES/01-03-01_Q+ATLANTIDE/000-099_S-ATLAS/020-029_Core-Aircraft-Systems/022_Auto-Flight/022-000_General,https://github.com/AmedeoPelliccia/Q-plus-A/tree/main/01_OPTIONS_ARCHITECTURE/01-03_TECHNOLOGIES/01-03-01_Q%2BATLANTIDE/000-099_S-ATLAS/020-029_Core-Aircraft-Systems/022_Auto-Flight/022-000_General
000-099,S-ATLAS,020-029,Core Aircraft Systems,022,Auto Flight,022-100,100,Autopilot,022-100_Autopilot,01_OPTIONS_ARCHITECTURE/01-03_TECHNOLOGIES/01-03-01_Q+ATLANTIDE/000-099_S-ATLAS/020-029_Core-Aircraft-Systems/022_Auto-Flight/022-100_Autopilot,https://github.com/AmedeoPelliccia/Q-plus-A/tree/main/01_OPTIONS_ARCHITECTURE/01-03_TECHNOLOGIES/01-03-01_Q%2BATLANTIDE/000-099_S-ATLAS/020-029_Core-Aircraft-Systems/022_Auto-Flight/022-100_Autopilot
000-099,S-ATLAS,020-029,Core Aircraft Systems,022,Auto Flight,022-110,110,Flight Guidance and Control System,022-110_Flight-Guidance-and-Control-System,01_OPTIONS_ARCHITECTURE/01-03_TECHNOLOGIES/01-03-01_Q+ATLANTIDE/000-099_S-ATLAS/020-029_Core-Aircraft-Systems/022_Auto-Flight/022-110_Flight-Guidance-and-Control-System,https://github.com/AmedeoPelliccia/Q-plus-A/tree/main/01_OPTIONS_ARCHITECTURE/01-03_TECHNOLOGIES/01-03-01_Q%2BATLANTIDE/000-099_S-ATLAS/020-029_Core-Aircraft-Systems/022_Auto-Flight/022-110_Flight-Guidance-and-Control-System
000-099,S-ATLAS,020-029,Core Aircraft Systems,022,Auto Flight,022-300,300,Autothrust Power Management,022-300_Autothrust-Power-Management,01_OPTIONS_ARCHITECTURE/01-03_TECHNOLOGIES/01-03-01_Q+ATLANTIDE/000-099_S-ATLAS/020-029_Core-Aircraft-Systems/022_Auto-Flight/022-300_Autothrust-Power-Management,https://github.com/AmedeoPelliccia/Q-plus-A/tree/main/01_OPTIONS_ARCHITECTURE/01-03_TECHNOLOGIES/01-03-01_Q%2BATLANTIDE/000-099_S-ATLAS/020-029_Core-Aircraft-Systems/022_Auto-Flight/022-300_Autothrust-Power-Management
000-099,S-ATLAS,020-029,Core Aircraft Systems,022,Auto Flight,022-310,310,Autothrust Function,022-310_Autothrust-Function,01_OPTIONS_ARCHITECTURE/01-03_TECHNOLOGIES/01-03-01_Q+ATLANTIDE/000-099_S-ATLAS/020-029_Core-Aircraft-Systems/022_Auto-Flight/022-310_Autothrust-Function,https://github.com/AmedeoPelliccia/Q-plus-A/tree/main/01_OPTIONS_ARCHITECTURE/01-03_TECHNOLOGIES/01-03-01_Q%2BATLANTIDE/000-099_S-ATLAS/020-029_Core-Aircraft-Systems/022_Auto-Flight/022-310_Autothrust-Function
000-099,S-ATLAS,020-029,Core Aircraft Systems,023,Communications,023-000,000,General,023-000_General,01_OPTIONS_ARCHITECTURE/01-03_TECHNOLOGIES/01-03-01_Q+ATLANTIDE/000-099_S-ATLAS/020-029_Core-Aircraft-Systems/023_Communications/023-000_General,https://github.com/AmedeoPelliccia/Q-plus-A/tree/main/01_OPTIONS_ARCHITECTURE/01-03_TECHNOLOGIES/01-03-01_Q%2BATLANTIDE/000-099_S-ATLAS/020-029_Core-Aircraft-Systems/023_Communications/023-000_General
000-099,S-ATLAS,020-029,Core Aircraft Systems,023,Communications,023-010,010,Communication Antennas,023-010_Communication-Antennas,01_OPTIONS_ARCHITECTURE/01-03_TECHNOLOGIES/01-03-01_Q+ATLANTIDE/000-099_S-ATLAS/020-029_Core-Aircraft-Systems/023_Communications/023-010_Communication-Antennas,https://github.com/AmedeoPelliccia/Q-plus-A/tree/main/01_OPTIONS_ARCHITECTURE/01-03_TECHNOLOGIES/01-03-01_Q%2BATLANTIDE/000-099_S-ATLAS/020-029_Core-Aircraft-Systems/023_Communications/023-010_Communication-Antennas
000-099,S-ATLAS,020-029,Core Aircraft Systems,023,Communications,023-100,100,Speech Communications,023-100_Speech-Communications,01_OPTIONS_ARCHITECTURE/01-03_TECHNOLOGIES/01-03-01_Q+ATLANTIDE/000-099_S-ATLAS/020-029_Core-Aircraft-Systems/023_Communications/023-100_Speech-Communications,https://github.com/AmedeoPelliccia/Q-plus-A/tree/main/01_OPTIONS_ARCHITECTURE/01-03_TECHNOLOGIES/01-03-01_Q%2BATLANTIDE/000-099_S-ATLAS/020-029_Core-Aircraft-Systems/023_Communications/023-100_Speech-Communications
000-099,S-ATLAS,020-029,Core Aircraft Systems,023,Communications,023-110,110,HF Communication System,023-110_HF-Communication-System,01_OPTIONS_ARCHITECTURE/01-03_TECHNOLOGIES/01-03-01_Q+ATLANTIDE/000-099_S-ATLAS/020-029_Core-Aircraft-Systems/023_Communications/023-110_HF-Communication-System,https://github.com/AmedeoPelliccia/Q-plus-A/tree/main/01_OPTIONS_ARCHITECTURE/01-03_TECHNOLOGIES/01-03-01_Q%2BATLANTIDE/000-099_S-ATLAS/020-029_Core-Aircraft-Systems/023_Communications/023-110_HF-Communication-System
000-099,S-ATLAS,020-029,Core Aircraft Systems,023,Communications,023-120,120,VHF Communication System,023-120_VHF-Communication-System,01_OPTIONS_ARCHITECTURE/01-03_TECHNOLOGIES/01-03-01_Q+ATLANTIDE/000-099_S-ATLAS/020-029_Core-Aircraft-Systems/023_Communications/023-120_VHF-Communication-System,https://github.com/AmedeoPelliccia/Q-plus-A/tree/main/01_OPTIONS_ARCHITECTURE/01-03_TECHNOLOGIES/01-03-01_Q%2BATLANTIDE/000-099_S-ATLAS/020-029_Core-Aircraft-Systems/023_Communications/023-120_VHF-Communication-System
000-099,S-ATLAS,020-029,Core Aircraft Systems,023,Communications,023-140,140,V UHF Communication System,023-140_V-UHF-Communication-System,01_OPTIONS_ARCHITECTURE/01-03_TECHNOLOGIES/01-03-01_Q+ATLANTIDE/000-099_S-ATLAS/020-029_Core-Aircraft-Systems/023_Communications/023-140_V-UHF-Communication-System,https://github.com/AmedeoPelliccia/Q-plus-A/tree/main/01_OPTIONS_ARCHITECTURE/01-03_TECHNOLOGIES/01-03-01_Q%2BATLANTIDE/000-099_S-ATLAS/020-029_Core-Aircraft-Systems/023_Communications/023-140_V-UHF-Communication-System
000-099,S-ATLAS,020-029,Core Aircraft Systems,023,Communications,023-150,150,SATCOM System,023-150_SATCOM-System,01_OPTIONS_ARCHITECTURE/01-03_TECHNOLOGIES/01-03-01_Q+ATLANTIDE/000-099_S-ATLAS/020-029_Core-Aircraft-Systems/023_Communications/023-150_SATCOM-System,https://github.com/AmedeoPelliccia/Q-plus-A/tree/main/01_OPTIONS_ARCHITECTURE/01-03_TECHNOLOGIES/01-03-01_Q%2BATLANTIDE/000-099_S-ATLAS/020-029_Core-Aircraft-Systems/023_Communications/023-150_SATCOM-System
000-099,S-ATLAS,020-029,Core Aircraft Systems,023,Communications,023-200,200,Data Transmission and Automatic Calling,023-200_Data-Transmission-and-Automatic-Calling,01_OPTIONS_ARCHITECTURE/01-03_TECHNOLOGIES/01-03-01_Q+ATLANTIDE/000-099_S-ATLAS/020-029_Core-Aircraft-Systems/023_Communications/023-200_Data-Transmission-and-Automatic-Calling,https://github.com/AmedeoPelliccia/Q-plus-A/tree/main/01_OPTIONS_ARCHITECTURE/01-03_TECHNOLOGIES/01-03-01_Q%2BATLANTIDE/000-099_S-ATLAS/020-029_Core-Aircraft-Systems/023_Communications/023-200_Data-Transmission-and-Automatic-Calling
000-099,S-ATLAS,020-029,Core Aircraft Systems,023,Communications,023-210,210,SELCAL,023-210_SELCAL,01_OPTIONS_ARCHITECTURE/01-03_TECHNOLOGIES/01-03-01_Q+ATLANTIDE/000-099_S-ATLAS/020-029_Core-Aircraft-Systems/023_Communications/023-210_SELCAL,https://github.com/AmedeoPelliccia/Q-plus-A/tree/main/01_OPTIONS_ARCHITECTURE/01-03_TECHNOLOGIES/01-03-01_Q%2BATLANTIDE/000-099_S-ATLAS/020-029_Core-Aircraft-Systems/023_Communications/023-210_SELCAL
000-099,S-ATLAS,020-029,Core Aircraft Systems,023,Communications,023-220,220,Wireless Aircraft Data Link,023-220_Wireless-Aircraft-Data-Link,01_OPTIONS_ARCHITECTURE/01-03_TECHNOLOGIES/01-03-01_Q+ATLANTIDE/000-099_S-ATLAS/020-029_Core-Aircraft-Systems/023_Communications/023-220_Wireless-Aircraft-Data-Link,https://github.com/AmedeoPelliccia/Q-plus-A/tree/main/01_OPTIONS_ARCHITECTURE/01-03_TECHNOLOGIES/01-03-01_Q%2BATLANTIDE/000-099_S-ATLAS/020-029_Core-Aircraft-Systems/023_Communications/023-220_Wireless-Aircraft-Data-Link
000-099,S-ATLAS,020-029,Core Aircraft Systems,023,Communications,023-230,230,Wireless Gatelink System,023-230_Wireless-Gatelink-System,01_OPTIONS_ARCHITECTURE/01-03_TECHNOLOGIES/01-03-01_Q+ATLANTIDE/000-099_S-ATLAS/020-029_Core-Aircraft-Systems/023_Communications/023-230_Wireless-Gatelink-System,https://github.com/AmedeoPelliccia/Q-plus-A/tree/main/01_OPTIONS_ARCHITECTURE/01-03_TECHNOLOGIES/01-03-01_Q%2BATLANTIDE/000-099_S-ATLAS/020-029_Core-Aircraft-Systems/023_Communications/023-230_Wireless-Gatelink-System
000-099,S-ATLAS,020-029,Core Aircraft Systems,023,Communications,023-240,240,Communication Management Function,023-240_Communication-Management-Function,01_OPTIONS_ARCHITECTURE/01-03_TECHNOLOGIES/01-03-01_Q+ATLANTIDE/000-099_S-ATLAS/020-029_Core-Aircraft-Systems/023_Communications/023-240_Communication-Management-Function,https://github.com/AmedeoPelliccia/Q-plus-A/tree/main/01_OPTIONS_ARCHITECTURE/01-03_TECHNOLOGIES/01-03-01_Q%2BATLANTIDE/000-099_S-ATLAS/020-029_Core-Aircraft-Systems/023_Communications/023-240_Communication-Management-Function
000-099,S-ATLAS,020-029,Core Aircraft Systems,023,Communications,023-250,250,CPDLC,023-250_CPDLC,01_OPTIONS_ARCHITECTURE/01-03_TECHNOLOGIES/01-03-01_Q+ATLANTIDE/000-099_S-ATLAS/020-029_Core-Aircraft-Systems/023_Communications/023-250_CPDLC,https://github.com/AmedeoPelliccia/Q-plus-A/tree/main/01_OPTIONS_ARCHITECTURE/01-03_TECHNOLOGIES/01-03-01_Q%2BATLANTIDE/000-099_S-ATLAS/020-029_Core-Aircraft-Systems/023_Communications/023-250_CPDLC
000-099,S-ATLAS,020-029,Core Aircraft Systems,023,Communications,023-500,500,Audio Integrating,023-500_Audio-Integrating,01_OPTIONS_ARCHITECTURE/01-03_TECHNOLOGIES/01-03-01_Q+ATLANTIDE/000-099_S-ATLAS/020-029_Core-Aircraft-Systems/023_Communications/023-500_Audio-Integrating,https://github.com/AmedeoPelliccia/Q-plus-A/tree/main/01_OPTIONS_ARCHITECTURE/01-03_TECHNOLOGIES/01-03-01_Q%2BATLANTIDE/000-099_S-ATLAS/020-029_Core-Aircraft-Systems/023_Communications/023-500_Audio-Integrating
000-099,S-ATLAS,020-029,Core Aircraft Systems,023,Communications,023-510,510,Airborne Audio System,023-510_Airborne-Audio-System,01_OPTIONS_ARCHITECTURE/01-03_TECHNOLOGIES/01-03-01_Q+ATLANTIDE/000-099_S-ATLAS/020-029_Core-Aircraft-Systems/023_Communications/023-510_Airborne-Audio-System,https://github.com/AmedeoPelliccia/Q-plus-A/tree/main/01_OPTIONS_ARCHITECTURE/01-03_TECHNOLOGIES/01-03-01_Q%2BATLANTIDE/000-099_S-ATLAS/020-029_Core-Aircraft-Systems/023_Communications/023-510_Airborne-Audio-System
000-099,S-ATLAS,020-029,Core Aircraft Systems,023,Communications,023-520,520,Ramp Interphone,023-520_Ramp-Interphone,01_OPTIONS_ARCHITECTURE/01-03_TECHNOLOGIES/01-03-01_Q+ATLANTIDE/000-099_S-ATLAS/020-029_Core-Aircraft-Systems/023_Communications/023-520_Ramp-Interphone,https://github.com/AmedeoPelliccia/Q-plus-A/tree/main/01_OPTIONS_ARCHITECTURE/01-03_TECHNOLOGIES/01-03-01_Q%2BATLANTIDE/000-099_S-ATLAS/020-029_Core-Aircraft-Systems/023_Communications/023-520_Ramp-Interphone
000-099,S-ATLAS,020-029,Core Aircraft Systems,023,Communications,023-600,600,Static Discharging,023-600_Static-Discharging,01_OPTIONS_ARCHITECTURE/01-03_TECHNOLOGIES/01-03-01_Q+ATLANTIDE/000-099_S-ATLAS/020-029_Core-Aircraft-Systems/023_Communications/023-600_Static-Discharging,https://github.com/AmedeoPelliccia/Q-plus-A/tree/main/01_OPTIONS_ARCHITECTURE/01-03_TECHNOLOGIES/01-03-01_Q%2BATLANTIDE/000-099_S-ATLAS/020-029_Core-Aircraft-Systems/023_Communications/023-600_Static-Discharging
000-099,S-ATLAS,020-029,Core Aircraft Systems,023,Communications,023-610,610,Static Dischargers,023-610_Static-Dischargers,01_OPTIONS_ARCHITECTURE/01-03_TECHNOLOGIES/01-03-01_Q+ATLANTIDE/000-099_S-ATLAS/020-029_Core-Aircraft-Systems/023_Communications/023-610_Static-Dischargers,https://github.com/AmedeoPelliccia/Q-plus-A/tree/main/01_OPTIONS_ARCHITECTURE/01-03_TECHNOLOGIES/01-03-01_Q%2BATLANTIDE/000-099_S-ATLAS/020-029_Core-Aircraft-Systems/023_Communications/023-610_Static-Dischargers
000-099,S-ATLAS,020-029,Core Aircraft Systems,024,Electrical Power,024-000,000,General,024-000_General,01_OPTIONS_ARCHITECTURE/01-03_TECHNOLOGIES/01-03-01_Q+ATLANTIDE/000-099_S-ATLAS/020-029_Core-Aircraft-Systems/024_Electrical-Power/024-000_General,https://github.com/AmedeoPelliccia/Q-plus-A/tree/main/01_OPTIONS_ARCHITECTURE/01-03_TECHNOLOGIES/01-03-01_Q%2BATLANTIDE/000-099_S-ATLAS/020-029_Core-Aircraft-Systems/024_Electrical-Power/024-000_General
000-099,S-ATLAS,020-029,Core Aircraft Systems,024,Electrical Power,024-010,010,Multi System Harness 01,024-010_Multi-System-Harness-01,01_OPTIONS_ARCHITECTURE/01-03_TECHNOLOGIES/01-03-01_Q+ATLANTIDE/000-099_S-ATLAS/020-029_Core-Aircraft-Systems/024_Electrical-Power/024-010_Multi-System-Harness-01,https://github.com/AmedeoPelliccia/Q-plus-A/tree/main/01_OPTIONS_ARCHITECTURE/01-03_TECHNOLOGIES/01-03-01_Q%2BATLANTIDE/000-099_S-ATLAS/020-029_Core-Aircraft-Systems/024_Electrical-Power/024-010_Multi-System-Harness-01
000-099,S-ATLAS,020-029,Core Aircraft Systems,024,Electrical Power,024-020,020,Multi System Harness 02,024-020_Multi-System-Harness-02,01_OPTIONS_ARCHITECTURE/01-03_TECHNOLOGIES/01-03-01_Q+ATLANTIDE/000-099_S-ATLAS/020-029_Core-Aircraft-Systems/024_Electrical-Power/024-020_Multi-System-Harness-02,https://github.com/AmedeoPelliccia/Q-plus-A/tree/main/01_OPTIONS_ARCHITECTURE/01-03_TECHNOLOGIES/01-03-01_Q%2BATLANTIDE/000-099_S-ATLAS/020-029_Core-Aircraft-Systems/024_Electrical-Power/024-020_Multi-System-Harness-02
000-099,S-ATLAS,020-029,Core Aircraft Systems,024,Electrical Power,024-030,030,Wing Harness,024-030_Wing-Harness,01_OPTIONS_ARCHITECTURE/01-03_TECHNOLOGIES/01-03-01_Q+ATLANTIDE/000-099_S-ATLAS/020-029_Core-Aircraft-Systems/024_Electrical-Power/024-030_Wing-Harness,https://github.com/AmedeoPelliccia/Q-plus-A/tree/main/01_OPTIONS_ARCHITECTURE/01-03_TECHNOLOGIES/01-03-01_Q%2BATLANTIDE/000-099_S-ATLAS/020-029_Core-Aircraft-Systems/024_Electrical-Power/024-030_Wing-Harness
000-099,S-ATLAS,020-029,Core Aircraft Systems,024,Electrical Power,024-200,200,Primary Power Generation,024-200_Primary-Power-Generation,01_OPTIONS_ARCHITECTURE/01-03_TECHNOLOGIES/01-03-01_Q+ATLANTIDE/000-099_S-ATLAS/020-029_Core-Aircraft-Systems/024_Electrical-Power/024-200_Primary-Power-Generation,https://github.com/AmedeoPelliccia/Q-plus-A/tree/main/01_OPTIONS_ARCHITECTURE/01-03_TECHNOLOGIES/01-03-01_Q%2BATLANTIDE/000-099_S-ATLAS/020-029_Core-Aircraft-Systems/024_Electrical-Power/024-200_Primary-Power-Generation
000-099,S-ATLAS,020-029,Core Aircraft Systems,024,Electrical Power,024-210,210,Generation Source Drive and Conditioning,024-210_Generation-Source-Drive-and-Conditioning,01_OPTIONS_ARCHITECTURE/01-03_TECHNOLOGIES/01-03-01_Q+ATLANTIDE/000-099_S-ATLAS/020-029_Core-Aircraft-Systems/024_Electrical-Power/024-210_Generation-Source-Drive-and-Conditioning,https://github.com/AmedeoPelliccia/Q-plus-A/tree/main/01_OPTIONS_ARCHITECTURE/01-03_TECHNOLOGIES/01-03-01_Q%2BATLANTIDE/000-099_S-ATLAS/020-029_Core-Aircraft-Systems/024_Electrical-Power/024-210_Generation-Source-Drive-and-Conditioning
000-099,S-ATLAS,020-029,Core Aircraft Systems,024,Electrical Power,024-220,220,Auxiliary Power Generation,024-220_Auxiliary-Power-Generation,01_OPTIONS_ARCHITECTURE/01-03_TECHNOLOGIES/01-03-01_Q+ATLANTIDE/000-099_S-ATLAS/020-029_Core-Aircraft-Systems/024_Electrical-Power/024-220_Auxiliary-Power-Generation,https://github.com/AmedeoPelliccia/Q-plus-A/tree/main/01_OPTIONS_ARCHITECTURE/01-03_TECHNOLOGIES/01-03-01_Q%2BATLANTIDE/000-099_S-ATLAS/020-029_Core-Aircraft-Systems/024_Electrical-Power/024-220_Auxiliary-Power-Generation
000-099,S-ATLAS,020-029,Core Aircraft Systems,024,Electrical Power,024-230,230,Emergency Backup Power,024-230_Emergency-Backup-Power,01_OPTIONS_ARCHITECTURE/01-03_TECHNOLOGIES/01-03-01_Q+ATLANTIDE/000-099_S-ATLAS/020-029_Core-Aircraft-Systems/024_Electrical-Power/024-230_Emergency-Backup-Power,https://github.com/AmedeoPelliccia/Q-plus-A/tree/main/01_OPTIONS_ARCHITECTURE/01-03_TECHNOLOGIES/01-03-01_Q%2BATLANTIDE/000-099_S-ATLAS/020-029_Core-Aircraft-Systems/024_Electrical-Power/024-230_Emergency-Backup-Power
000-099,S-ATLAS,020-029,Core Aircraft Systems,024,Electrical Power,024-240,240,Power Electronics Inversion,024-240_Power-Electronics-Inversion,01_OPTIONS_ARCHITECTURE/01-03_TECHNOLOGIES/01-03-01_Q+ATLANTIDE/000-099_S-ATLAS/020-029_Core-Aircraft-Systems/024_Electrical-Power/024-240_Power-Electronics-Inversion,https://github.com/AmedeoPelliccia/Q-plus-A/tree/main/01_OPTIONS_ARCHITECTURE/01-03_TECHNOLOGIES/01-03-01_Q%2BATLANTIDE/000-099_S-ATLAS/020-029_Core-Aircraft-Systems/024_Electrical-Power/024-240_Power-Electronics-Inversion
000-099,S-ATLAS,020-029,Core Aircraft Systems,024,Electrical Power,024-250,250,AC Conversion,024-250_AC-Conversion,01_OPTIONS_ARCHITECTURE/01-03_TECHNOLOGIES/01-03-01_Q+ATLANTIDE/000-099_S-ATLAS/020-029_Core-Aircraft-Systems/024_Electrical-Power/024-250_AC-Conversion,https://github.com/AmedeoPelliccia/Q-plus-A/tree/main/01_OPTIONS_ARCHITECTURE/01-03_TECHNOLOGIES/01-03-01_Q%2BATLANTIDE/000-099_S-ATLAS/020-029_Core-Aircraft-Systems/024_Electrical-Power/024-250_AC-Conversion
000-099,S-ATLAS,020-029,Core Aircraft Systems,024,Electrical Power,024-300,300,DC Power Sourcing,024-300_DC-Power-Sourcing,01_OPTIONS_ARCHITECTURE/01-03_TECHNOLOGIES/01-03-01_Q+ATLANTIDE/000-099_S-ATLAS/020-029_Core-Aircraft-Systems/024_Electrical-Power/024-300_DC-Power-Sourcing,https://github.com/AmedeoPelliccia/Q-plus-A/tree/main/01_OPTIONS_ARCHITECTURE/01-03_TECHNOLOGIES/01-03-01_Q%2BATLANTIDE/000-099_S-ATLAS/020-029_Core-Aircraft-Systems/024_Electrical-Power/024-300_DC-Power-Sourcing
000-099,S-ATLAS,020-029,Core Aircraft Systems,024,Electrical Power,024-310,310,DC Rectification,024-310_DC-Rectification,01_OPTIONS_ARCHITECTURE/01-03_TECHNOLOGIES/01-03-01_Q+ATLANTIDE/000-099_S-ATLAS/020-029_Core-Aircraft-Systems/024_Electrical-Power/024-310_DC-Rectification,https://github.com/AmedeoPelliccia/Q-plus-A/tree/main/01_OPTIONS_ARCHITECTURE/01-03_TECHNOLOGIES/01-03-01_Q%2BATLANTIDE/000-099_S-ATLAS/020-029_Core-Aircraft-Systems/024_Electrical-Power/024-310_DC-Rectification
000-099,S-ATLAS,020-029,Core Aircraft Systems,024,Electrical Power,024-330,330,DC DC Conversion,024-330_DC-DC-Conversion,01_OPTIONS_ARCHITECTURE/01-03_TECHNOLOGIES/01-03-01_Q+ATLANTIDE/000-099_S-ATLAS/020-029_Core-Aircraft-Systems/024_Electrical-Power/024-330_DC-DC-Conversion,https://github.com/AmedeoPelliccia/Q-plus-A/tree/main/01_OPTIONS_ARCHITECTURE/01-03_TECHNOLOGIES/01-03-01_Q%2BATLANTIDE/000-099_S-ATLAS/020-029_Core-Aircraft-Systems/024_Electrical-Power/024-330_DC-DC-Conversion
000-099,S-ATLAS,020-029,Core Aircraft Systems,024,Electrical Power,024-360,360,Aircraft Energy Storage,024-360_Aircraft-Energy-Storage,01_OPTIONS_ARCHITECTURE/01-03_TECHNOLOGIES/01-03-01_Q+ATLANTIDE/000-099_S-ATLAS/020-029_Core-Aircraft-Systems/024_Electrical-Power/024-360_Aircraft-Energy-Storage,https://github.com/AmedeoPelliccia/Q-plus-A/tree/main/01_OPTIONS_ARCHITECTURE/01-03_TECHNOLOGIES/01-03-01_Q%2BATLANTIDE/000-099_S-ATLAS/020-029_Core-Aircraft-Systems/024_Electrical-Power/024-360_Aircraft-Energy-Storage
000-099,S-ATLAS,020-029,Core Aircraft Systems,024,Electrical Power,024-400,400,External Ground Power,024-400_External-Ground-Power,01_OPTIONS_ARCHITECTURE/01-03_TECHNOLOGIES/01-03-01_Q+ATLANTIDE/000-099_S-ATLAS/020-029_Core-Aircraft-Systems/024_Electrical-Power/024-400_External-Ground-Power,https://github.com/AmedeoPelliccia/Q-plus-A/tree/main/01_OPTIONS_ARCHITECTURE/01-03_TECHNOLOGIES/01-03-01_Q%2BATLANTIDE/000-099_S-ATLAS/020-029_Core-Aircraft-Systems/024_Electrical-Power/024-400_External-Ground-Power
000-099,S-ATLAS,020-029,Core Aircraft Systems,024,Electrical Power,024-410,410,External DC Power,024-410_External-DC-Power,01_OPTIONS_ARCHITECTURE/01-03_TECHNOLOGIES/01-03-01_Q+ATLANTIDE/000-099_S-ATLAS/020-029_Core-Aircraft-Systems/024_Electrical-Power/024-410_External-DC-Power,https://github.com/AmedeoPelliccia/Q-plus-A/tree/main/01_OPTIONS_ARCHITECTURE/01-03_TECHNOLOGIES/01-03-01_Q%2BATLANTIDE/000-099_S-ATLAS/020-029_Core-Aircraft-Systems/024_Electrical-Power/024-410_External-DC-Power
000-099,S-ATLAS,020-029,Core Aircraft Systems,024,Electrical Power,024-420,420,External AC Power,024-420_External-AC-Power,01_OPTIONS_ARCHITECTURE/01-03_TECHNOLOGIES/01-03-01_Q+ATLANTIDE/000-099_S-ATLAS/020-029_Core-Aircraft-Systems/024_Electrical-Power/024-420_External-AC-Power,https://github.com/AmedeoPelliccia/Q-plus-A/tree/main/01_OPTIONS_ARCHITECTURE/01-03_TECHNOLOGIES/01-03-01_Q%2BATLANTIDE/000-099_S-ATLAS/020-029_Core-Aircraft-Systems/024_Electrical-Power/024-420_External-AC-Power
000-099,S-ATLAS,020-029,Core Aircraft Systems,024,Electrical Power,024-500,500,AC Electrical Load Distribution,024-500_AC-Electrical-Load-Distribution,01_OPTIONS_ARCHITECTURE/01-03_TECHNOLOGIES/01-03-01_Q+ATLANTIDE/000-099_S-ATLAS/020-029_Core-Aircraft-Systems/024_Electrical-Power/024-500_AC-Electrical-Load-Distribution,https://github.com/AmedeoPelliccia/Q-plus-A/tree/main/01_OPTIONS_ARCHITECTURE/01-03_TECHNOLOGIES/01-03-01_Q%2BATLANTIDE/000-099_S-ATLAS/020-029_Core-Aircraft-Systems/024_Electrical-Power/024-500_AC-Electrical-Load-Distribution
000-099,S-ATLAS,020-029,Core Aircraft Systems,024,Electrical Power,024-510,510,AC Power Distribution,024-510_AC-Power-Distribution,01_OPTIONS_ARCHITECTURE/01-03_TECHNOLOGIES/01-03-01_Q+ATLANTIDE/000-099_S-ATLAS/020-029_Core-Aircraft-Systems/024_Electrical-Power/024-510_AC-Power-Distribution,https://github.com/AmedeoPelliccia/Q-plus-A/tree/main/01_OPTIONS_ARCHITECTURE/01-03_TECHNOLOGIES/01-03-01_Q%2BATLANTIDE/000-099_S-ATLAS/020-029_Core-Aircraft-Systems/024_Electrical-Power/024-510_AC-Power-Distribution
000-099,S-ATLAS,020-029,Core Aircraft Systems,024,Electrical Power,024-520,520,AC Circuit Breakers,024-520_AC-Circuit-Breakers,01_OPTIONS_ARCHITECTURE/01-03_TECHNOLOGIES/01-03-01_Q+ATLANTIDE/000-099_S-ATLAS/020-029_Core-Aircraft-Systems/024_Electrical-Power/024-520_AC-Circuit-Breakers,https://github.com/AmedeoPelliccia/Q-plus-A/tree/main/01_OPTIONS_ARCHITECTURE/01-03_TECHNOLOGIES/01-03-01_Q%2BATLANTIDE/000-099_S-ATLAS/020-029_Core-Aircraft-Systems/024_Electrical-Power/024-520_AC-Circuit-Breakers
000-099,S-ATLAS,020-029,Core Aircraft Systems,024,Electrical Power,024-540,540,AC Electrical Outlets,024-540_AC-Electrical-Outlets,01_OPTIONS_ARCHITECTURE/01-03_TECHNOLOGIES/01-03-01_Q+ATLANTIDE/000-099_S-ATLAS/020-029_Core-Aircraft-Systems/024_Electrical-Power/024-540_AC-Electrical-Outlets,https://github.com/AmedeoPelliccia/Q-plus-A/tree/main/01_OPTIONS_ARCHITECTURE/01-03_TECHNOLOGIES/01-03-01_Q%2BATLANTIDE/000-099_S-ATLAS/020-029_Core-Aircraft-Systems/024_Electrical-Power/024-540_AC-Electrical-Outlets
000-099,S-ATLAS,020-029,Core Aircraft Systems,024,Electrical Power,024-600,600,DC Electrical Load Distribution,024-600_DC-Electrical-Load-Distribution,01_OPTIONS_ARCHITECTURE/01-03_TECHNOLOGIES/01-03-01_Q+ATLANTIDE/000-099_S-ATLAS/020-029_Core-Aircraft-Systems/024_Electrical-Power/024-600_DC-Electrical-Load-Distribution,https://github.com/AmedeoPelliccia/Q-plus-A/tree/main/01_OPTIONS_ARCHITECTURE/01-03_TECHNOLOGIES/01-03-01_Q%2BATLANTIDE/000-099_S-ATLAS/020-029_Core-Aircraft-Systems/024_Electrical-Power/024-600_DC-Electrical-Load-Distribution
000-099,S-ATLAS,020-029,Core Aircraft Systems,024,Electrical Power,024-610,610,DC Power Distribution,024-610_DC-Power-Distribution,01_OPTIONS_ARCHITECTURE/01-03_TECHNOLOGIES/01-03-01_Q+ATLANTIDE/000-099_S-ATLAS/020-029_Core-Aircraft-Systems/024_Electrical-Power/024-610_DC-Power-Distribution,https://github.com/AmedeoPelliccia/Q-plus-A/tree/main/01_OPTIONS_ARCHITECTURE/01-03_TECHNOLOGIES/01-03-01_Q%2BATLANTIDE/000-099_S-ATLAS/020-029_Core-Aircraft-Systems/024_Electrical-Power/024-610_DC-Power-Distribution
000-099,S-ATLAS,020-029,Core Aircraft Systems,024,Electrical Power,024-640,640,DC Circuit Breakers,024-640_DC-Circuit-Breakers,01_OPTIONS_ARCHITECTURE/01-03_TECHNOLOGIES/01-03-01_Q+ATLANTIDE/000-099_S-ATLAS/020-029_Core-Aircraft-Systems/024_Electrical-Power/024-640_DC-Circuit-Breakers,https://github.com/AmedeoPelliccia/Q-plus-A/tree/main/01_OPTIONS_ARCHITECTURE/01-03_TECHNOLOGIES/01-03-01_Q%2BATLANTIDE/000-099_S-ATLAS/020-029_Core-Aircraft-Systems/024_Electrical-Power/024-640_DC-Circuit-Breakers
000-099,S-ATLAS,020-029,Core Aircraft Systems,024,Electrical Power,024-660,660,DC Electrical Outlets,024-660_DC-Electrical-Outlets,01_OPTIONS_ARCHITECTURE/01-03_TECHNOLOGIES/01-03-01_Q+ATLANTIDE/000-099_S-ATLAS/020-029_Core-Aircraft-Systems/024_Electrical-Power/024-660_DC-Electrical-Outlets,https://github.com/AmedeoPelliccia/Q-plus-A/tree/main/01_OPTIONS_ARCHITECTURE/01-03_TECHNOLOGIES/01-03-01_Q%2BATLANTIDE/000-099_S-ATLAS/020-029_Core-Aircraft-Systems/024_Electrical-Power/024-660_DC-Electrical-Outlets
000-099,S-ATLAS,020-029,Core Aircraft Systems,024,Electrical Power,024-900,900,High Voltage DC Systems Power Architecture,024-900_High-Voltage-DC-Systems-Power-Architecture,01_OPTIONS_ARCHITECTURE/01-03_TECHNOLOGIES/01-03-01_Q+ATLANTIDE/000-099_S-ATLAS/020-029_Core-Aircraft-Systems/024_Electrical-Power/024-900_High-Voltage-DC-Systems-Power-Architecture,https://github.com/AmedeoPelliccia/Q-plus-A/tree/main/01_OPTIONS_ARCHITECTURE/01-03_TECHNOLOGIES/01-03-01_Q%2BATLANTIDE/000-099_S-ATLAS/020-029_Core-Aircraft-Systems/024_Electrical-Power/024-900_High-Voltage-DC-Systems-Power-Architecture
000-099,S-ATLAS,020-029,Core Aircraft Systems,025,Equipment Furnishings,025-000,000,General and Composite Material Practices,025-000_General-and-Composite-Material-Practices,01_OPTIONS_ARCHITECTURE/01-03_TECHNOLOGIES/01-03-01_Q+ATLANTIDE/000-099_S-ATLAS/020-029_Core-Aircraft-Systems/025_Equipment-Furnishings/025-000_General-and-Composite-Material-Practices,https://github.com/AmedeoPelliccia/Q-plus-A/tree/main/01_OPTIONS_ARCHITECTURE/01-03_TECHNOLOGIES/01-03-01_Q%2BATLANTIDE/000-099_S-ATLAS/020-029_Core-Aircraft-Systems/025_Equipment-Furnishings/025-000_General-and-Composite-Material-Practices
000-099,S-ATLAS,020-029,Core Aircraft Systems,025,Equipment Furnishings,025-100,100,Cockpit,025-100_Cockpit,01_OPTIONS_ARCHITECTURE/01-03_TECHNOLOGIES/01-03-01_Q+ATLANTIDE/000-099_S-ATLAS/020-029_Core-Aircraft-Systems/025_Equipment-Furnishings/025-100_Cockpit,https://github.com/AmedeoPelliccia/Q-plus-A/tree/main/01_OPTIONS_ARCHITECTURE/01-03_TECHNOLOGIES/01-03-01_Q%2BATLANTIDE/000-099_S-ATLAS/020-029_Core-Aircraft-Systems/025_Equipment-Furnishings/025-100_Cockpit
000-099,S-ATLAS,020-029,Core Aircraft Systems,025,Equipment Furnishings,025-110,110,Cockpit Seats,025-110_Cockpit-Seats,01_OPTIONS_ARCHITECTURE/01-03_TECHNOLOGIES/01-03-01_Q+ATLANTIDE/000-099_S-ATLAS/020-029_Core-Aircraft-Systems/025_Equipment-Furnishings/025-110_Cockpit-Seats,https://github.com/AmedeoPelliccia/Q-plus-A/tree/main/01_OPTIONS_ARCHITECTURE/01-03_TECHNOLOGIES/01-03-01_Q%2BATLANTIDE/000-099_S-ATLAS/020-029_Core-Aircraft-Systems/025_Equipment-Furnishings/025-110_Cockpit-Seats
000-099,S-ATLAS,020-029,Core Aircraft Systems,025,Equipment Furnishings,025-120,120,Cockpit Linings,025-120_Cockpit-Linings,01_OPTIONS_ARCHITECTURE/01-03_TECHNOLOGIES/01-03-01_Q+ATLANTIDE/000-099_S-ATLAS/020-029_Core-Aircraft-Systems/025_Equipment-Furnishings/025-120_Cockpit-Linings,https://github.com/AmedeoPelliccia/Q-plus-A/tree/main/01_OPTIONS_ARCHITECTURE/01-03_TECHNOLOGIES/01-03-01_Q%2BATLANTIDE/000-099_S-ATLAS/020-029_Core-Aircraft-Systems/025_Equipment-Furnishings/025-120_Cockpit-Linings
000-099,S-ATLAS,020-029,Core Aircraft Systems,025,Equipment Furnishings,025-130,130,Cockpit Consoles,025-130_Cockpit-Consoles,01_OPTIONS_ARCHITECTURE/01-03_TECHNOLOGIES/01-03-01_Q+ATLANTIDE/000-099_S-ATLAS/020-029_Core-Aircraft-Systems/025_Equipment-Furnishings/025-130_Cockpit-Consoles,https://github.com/AmedeoPelliccia/Q-plus-A/tree/main/01_OPTIONS_ARCHITECTURE/01-03_TECHNOLOGIES/01-03-01_Q%2BATLANTIDE/000-099_S-ATLAS/020-029_Core-Aircraft-Systems/025_Equipment-Furnishings/025-130_Cockpit-Consoles
000-099,S-ATLAS,020-029,Core Aircraft Systems,025,Equipment Furnishings,025-140,140,Cockpit Floor Finishing,025-140_Cockpit-Floor-Finishing,01_OPTIONS_ARCHITECTURE/01-03_TECHNOLOGIES/01-03-01_Q+ATLANTIDE/000-099_S-ATLAS/020-029_Core-Aircraft-Systems/025_Equipment-Furnishings/025-140_Cockpit-Floor-Finishing,https://github.com/AmedeoPelliccia/Q-plus-A/tree/main/01_OPTIONS_ARCHITECTURE/01-03_TECHNOLOGIES/01-03-01_Q%2BATLANTIDE/000-099_S-ATLAS/020-029_Core-Aircraft-Systems/025_Equipment-Furnishings/025-140_Cockpit-Floor-Finishing
000-099,S-ATLAS,020-029,Core Aircraft Systems,025,Equipment Furnishings,025-200,200,Passenger Cabin,025-200_Passenger-Cabin,01_OPTIONS_ARCHITECTURE/01-03_TECHNOLOGIES/01-03-01_Q+ATLANTIDE/000-099_S-ATLAS/020-029_Core-Aircraft-Systems/025_Equipment-Furnishings/025-200_Passenger-Cabin,https://github.com/AmedeoPelliccia/Q-plus-A/tree/main/01_OPTIONS_ARCHITECTURE/01-03_TECHNOLOGIES/01-03-01_Q%2BATLANTIDE/000-099_S-ATLAS/020-029_Core-Aircraft-Systems/025_Equipment-Furnishings/025-200_Passenger-Cabin
000-099,S-ATLAS,020-029,Core Aircraft Systems,025,Equipment Furnishings,025-210,210,Passenger Cabin Seats,025-210_Passenger-Cabin-Seats,01_OPTIONS_ARCHITECTURE/01-03_TECHNOLOGIES/01-03-01_Q+ATLANTIDE/000-099_S-ATLAS/020-029_Core-Aircraft-Systems/025_Equipment-Furnishings/025-210_Passenger-Cabin-Seats,https://github.com/AmedeoPelliccia/Q-plus-A/tree/main/01_OPTIONS_ARCHITECTURE/01-03_TECHNOLOGIES/01-03-01_Q%2BATLANTIDE/000-099_S-ATLAS/020-029_Core-Aircraft-Systems/025_Equipment-Furnishings/025-210_Passenger-Cabin-Seats
000-099,S-ATLAS,020-029,Core Aircraft Systems,025,Equipment Furnishings,025-220,220,Passenger Cabin Ceiling,025-220_Passenger-Cabin-Ceiling,01_OPTIONS_ARCHITECTURE/01-03_TECHNOLOGIES/01-03-01_Q+ATLANTIDE/000-099_S-ATLAS/020-029_Core-Aircraft-Systems/025_Equipment-Furnishings/025-220_Passenger-Cabin-Ceiling,https://github.com/AmedeoPelliccia/Q-plus-A/tree/main/01_OPTIONS_ARCHITECTURE/01-03_TECHNOLOGIES/01-03-01_Q%2BATLANTIDE/000-099_S-ATLAS/020-029_Core-Aircraft-Systems/025_Equipment-Furnishings/025-220_Passenger-Cabin-Ceiling
000-099,S-ATLAS,020-029,Core Aircraft Systems,025,Equipment Furnishings,025-230,230,Passenger Cabin Sidewall Panels,025-230_Passenger-Cabin-Sidewall-Panels,01_OPTIONS_ARCHITECTURE/01-03_TECHNOLOGIES/01-03-01_Q+ATLANTIDE/000-099_S-ATLAS/020-029_Core-Aircraft-Systems/025_Equipment-Furnishings/025-230_Passenger-Cabin-Sidewall-Panels,https://github.com/AmedeoPelliccia/Q-plus-A/tree/main/01_OPTIONS_ARCHITECTURE/01-03_TECHNOLOGIES/01-03-01_Q%2BATLANTIDE/000-099_S-ATLAS/020-029_Core-Aircraft-Systems/025_Equipment-Furnishings/025-230_Passenger-Cabin-Sidewall-Panels
000-099,S-ATLAS,020-029,Core Aircraft Systems,025,Equipment Furnishings,025-240,240,Passenger Cabin Floor Finish,025-240_Passenger-Cabin-Floor-Finish,01_OPTIONS_ARCHITECTURE/01-03_TECHNOLOGIES/01-03-01_Q+ATLANTIDE/000-099_S-ATLAS/020-029_Core-Aircraft-Systems/025_Equipment-Furnishings/025-240_Passenger-Cabin-Floor-Finish,https://github.com/AmedeoPelliccia/Q-plus-A/tree/main/01_OPTIONS_ARCHITECTURE/01-03_TECHNOLOGIES/01-03-01_Q%2BATLANTIDE/000-099_S-ATLAS/020-029_Core-Aircraft-Systems/025_Equipment-Furnishings/025-240_Passenger-Cabin-Floor-Finish
000-099,S-ATLAS,020-029,Core Aircraft Systems,025,Equipment Furnishings,025-250,250,Flight Attendant Panels,025-250_Flight-Attendant-Panels,01_OPTIONS_ARCHITECTURE/01-03_TECHNOLOGIES/01-03-01_Q+ATLANTIDE/000-099_S-ATLAS/020-029_Core-Aircraft-Systems/025_Equipment-Furnishings/025-250_Flight-Attendant-Panels,https://github.com/AmedeoPelliccia/Q-plus-A/tree/main/01_OPTIONS_ARCHITECTURE/01-03_TECHNOLOGIES/01-03-01_Q%2BATLANTIDE/000-099_S-ATLAS/020-029_Core-Aircraft-Systems/025_Equipment-Furnishings/025-250_Flight-Attendant-Panels
000-099,S-ATLAS,020-029,Core Aircraft Systems,025,Equipment Furnishings,025-260,260,Closets Wardrobes,025-260_Closets-Wardrobes,01_OPTIONS_ARCHITECTURE/01-03_TECHNOLOGIES/01-03-01_Q+ATLANTIDE/000-099_S-ATLAS/020-029_Core-Aircraft-Systems/025_Equipment-Furnishings/025-260_Closets-Wardrobes,https://github.com/AmedeoPelliccia/Q-plus-A/tree/main/01_OPTIONS_ARCHITECTURE/01-03_TECHNOLOGIES/01-03-01_Q%2BATLANTIDE/000-099_S-ATLAS/020-029_Core-Aircraft-Systems/025_Equipment-Furnishings/025-260_Closets-Wardrobes
000-099,S-ATLAS,020-029,Core Aircraft Systems,025,Equipment Furnishings,025-270,270,Partitions,025-270_Partitions,01_OPTIONS_ARCHITECTURE/01-03_TECHNOLOGIES/01-03-01_Q+ATLANTIDE/000-099_S-ATLAS/020-029_Core-Aircraft-Systems/025_Equipment-Furnishings/025-270_Partitions,https://github.com/AmedeoPelliccia/Q-plus-A/tree/main/01_OPTIONS_ARCHITECTURE/01-03_TECHNOLOGIES/01-03-01_Q%2BATLANTIDE/000-099_S-ATLAS/020-029_Core-Aircraft-Systems/025_Equipment-Furnishings/025-270_Partitions
000-099,S-ATLAS,020-029,Core Aircraft Systems,025,Equipment Furnishings,025-280,280,Racks and Consoles,025-280_Racks-and-Consoles,01_OPTIONS_ARCHITECTURE/01-03_TECHNOLOGIES/01-03-01_Q+ATLANTIDE/000-099_S-ATLAS/020-029_Core-Aircraft-Systems/025_Equipment-Furnishings/025-280_Racks-and-Consoles,https://github.com/AmedeoPelliccia/Q-plus-A/tree/main/01_OPTIONS_ARCHITECTURE/01-03_TECHNOLOGIES/01-03-01_Q%2BATLANTIDE/000-099_S-ATLAS/020-029_Core-Aircraft-Systems/025_Equipment-Furnishings/025-280_Racks-and-Consoles
000-099,S-ATLAS,020-029,Core Aircraft Systems,025,Equipment Furnishings,025-290,290,Cabin Tables,025-290_Cabin-Tables,01_OPTIONS_ARCHITECTURE/01-03_TECHNOLOGIES/01-03-01_Q+ATLANTIDE/000-099_S-ATLAS/020-029_Core-Aircraft-Systems/025_Equipment-Furnishings/025-290_Cabin-Tables,https://github.com/AmedeoPelliccia/Q-plus-A/tree/main/01_OPTIONS_ARCHITECTURE/01-03_TECHNOLOGIES/01-03-01_Q%2BATLANTIDE/000-099_S-ATLAS/020-029_Core-Aircraft-Systems/025_Equipment-Furnishings/025-290_Cabin-Tables
000-099,S-ATLAS,020-029,Core Aircraft Systems,025,Equipment Furnishings,025-300,300,Galleys,025-300_Galleys,01_OPTIONS_ARCHITECTURE/01-03_TECHNOLOGIES/01-03-01_Q+ATLANTIDE/000-099_S-ATLAS/020-029_Core-Aircraft-Systems/025_Equipment-Furnishings/025-300_Galleys,https://github.com/AmedeoPelliccia/Q-plus-A/tree/main/01_OPTIONS_ARCHITECTURE/01-03_TECHNOLOGIES/01-03-01_Q%2BATLANTIDE/000-099_S-ATLAS/020-029_Core-Aircraft-Systems/025_Equipment-Furnishings/025-300_Galleys
000-099,S-ATLAS,020-029,Core Aircraft Systems,025,Equipment Furnishings,025-310,310,Forward Galleys,025-310_Forward-Galleys,01_OPTIONS_ARCHITECTURE/01-03_TECHNOLOGIES/01-03-01_Q+ATLANTIDE/000-099_S-ATLAS/020-029_Core-Aircraft-Systems/025_Equipment-Furnishings/025-310_Forward-Galleys,https://github.com/AmedeoPelliccia/Q-plus-A/tree/main/01_OPTIONS_ARCHITECTURE/01-03_TECHNOLOGIES/01-03-01_Q%2BATLANTIDE/000-099_S-ATLAS/020-029_Core-Aircraft-Systems/025_Equipment-Furnishings/025-310_Forward-Galleys
000-099,S-ATLAS,020-029,Core Aircraft Systems,025,Equipment Furnishings,025-340,340,Aft Galleys,025-340_Aft-Galleys,01_OPTIONS_ARCHITECTURE/01-03_TECHNOLOGIES/01-03-01_Q+ATLANTIDE/000-099_S-ATLAS/020-029_Core-Aircraft-Systems/025_Equipment-Furnishings/025-340_Aft-Galleys,https://github.com/AmedeoPelliccia/Q-plus-A/tree/main/01_OPTIONS_ARCHITECTURE/01-03_TECHNOLOGIES/01-03-01_Q%2BATLANTIDE/000-099_S-ATLAS/020-029_Core-Aircraft-Systems/025_Equipment-Furnishings/025-340_Aft-Galleys
000-099,S-ATLAS,020-029,Core Aircraft Systems,025,Equipment Furnishings,025-360,360,Galley Electrical System,025-360_Galley-Electrical-System,01_OPTIONS_ARCHITECTURE/01-03_TECHNOLOGIES/01-03-01_Q+ATLANTIDE/000-099_S-ATLAS/020-029_Core-Aircraft-Systems/025_Equipment-Furnishings/025-360_Galley-Electrical-System,https://github.com/AmedeoPelliccia/Q-plus-A/tree/main/01_OPTIONS_ARCHITECTURE/01-03_TECHNOLOGIES/01-03-01_Q%2BATLANTIDE/000-099_S-ATLAS/020-029_Core-Aircraft-Systems/025_Equipment-Furnishings/025-360_Galley-Electrical-System
000-099,S-ATLAS,020-029,Core Aircraft Systems,025,Equipment Furnishings,025-370,370,Galley Inserts,025-370_Galley-Inserts,01_OPTIONS_ARCHITECTURE/01-03_TECHNOLOGIES/01-03-01_Q+ATLANTIDE/000-099_S-ATLAS/020-029_Core-Aircraft-Systems/025_Equipment-Furnishings/025-370_Galley-Inserts,https://github.com/AmedeoPelliccia/Q-plus-A/tree/main/01_OPTIONS_ARCHITECTURE/01-03_TECHNOLOGIES/01-03-01_Q%2BATLANTIDE/000-099_S-ATLAS/020-029_Core-Aircraft-Systems/025_Equipment-Furnishings/025-370_Galley-Inserts
000-099,S-ATLAS,020-029,Core Aircraft Systems,025,Equipment Furnishings,025-380,380,Bar,025-380_Bar,01_OPTIONS_ARCHITECTURE/01-03_TECHNOLOGIES/01-03-01_Q+ATLANTIDE/000-099_S-ATLAS/020-029_Core-Aircraft-Systems/025_Equipment-Furnishings/025-380_Bar,https://github.com/AmedeoPelliccia/Q-plus-A/tree/main/01_OPTIONS_ARCHITECTURE/01-03_TECHNOLOGIES/01-03-01_Q%2BATLANTIDE/000-099_S-ATLAS/020-029_Core-Aircraft-Systems/025_Equipment-Furnishings/025-380_Bar
000-099,S-ATLAS,020-029,Core Aircraft Systems,025,Equipment Furnishings,025-400,400,Lavatories,025-400_Lavatories,01_OPTIONS_ARCHITECTURE/01-03_TECHNOLOGIES/01-03-01_Q+ATLANTIDE/000-099_S-ATLAS/020-029_Core-Aircraft-Systems/025_Equipment-Furnishings/025-400_Lavatories,https://github.com/AmedeoPelliccia/Q-plus-A/tree/main/01_OPTIONS_ARCHITECTURE/01-03_TECHNOLOGIES/01-03-01_Q%2BATLANTIDE/000-099_S-ATLAS/020-029_Core-Aircraft-Systems/025_Equipment-Furnishings/025-400_Lavatories
000-099,S-ATLAS,020-029,Core Aircraft Systems,025,Equipment Furnishings,025-410,410,Forward Lavatories,025-410_Forward-Lavatories,01_OPTIONS_ARCHITECTURE/01-03_TECHNOLOGIES/01-03-01_Q+ATLANTIDE/000-099_S-ATLAS/020-029_Core-Aircraft-Systems/025_Equipment-Furnishings/025-410_Forward-Lavatories,https://github.com/AmedeoPelliccia/Q-plus-A/tree/main/01_OPTIONS_ARCHITECTURE/01-03_TECHNOLOGIES/01-03-01_Q%2BATLANTIDE/000-099_S-ATLAS/020-029_Core-Aircraft-Systems/025_Equipment-Furnishings/025-410_Forward-Lavatories
000-099,S-ATLAS,020-029,Core Aircraft Systems,025,Equipment Furnishings,025-420,420,Aft Lavatories,025-420_Aft-Lavatories,01_OPTIONS_ARCHITECTURE/01-03_TECHNOLOGIES/01-03-01_Q+ATLANTIDE/000-099_S-ATLAS/020-029_Core-Aircraft-Systems/025_Equipment-Furnishings/025-420_Aft-Lavatories,https://github.com/AmedeoPelliccia/Q-plus-A/tree/main/01_OPTIONS_ARCHITECTURE/01-03_TECHNOLOGIES/01-03-01_Q%2BATLANTIDE/000-099_S-ATLAS/020-029_Core-Aircraft-Systems/025_Equipment-Furnishings/025-420_Aft-Lavatories
000-099,S-ATLAS,020-029,Core Aircraft Systems,025,Equipment Furnishings,025-430,430,Toilet Unit,025-430_Toilet-Unit,01_OPTIONS_ARCHITECTURE/01-03_TECHNOLOGIES/01-03-01_Q+ATLANTIDE/000-099_S-ATLAS/020-029_Core-Aircraft-Systems/025_Equipment-Furnishings/025-430_Toilet-Unit,https://github.com/AmedeoPelliccia/Q-plus-A/tree/main/01_OPTIONS_ARCHITECTURE/01-03_TECHNOLOGIES/01-03-01_Q%2BATLANTIDE/000-099_S-ATLAS/020-029_Core-Aircraft-Systems/025_Equipment-Furnishings/025-430_Toilet-Unit
000-099,S-ATLAS,020-029,Core Aircraft Systems,025,Equipment Furnishings,025-440,440,Lavatory Door Assembly,025-440_Lavatory-Door-Assembly,01_OPTIONS_ARCHITECTURE/01-03_TECHNOLOGIES/01-03-01_Q+ATLANTIDE/000-099_S-ATLAS/020-029_Core-Aircraft-Systems/025_Equipment-Furnishings/025-440_Lavatory-Door-Assembly,https://github.com/AmedeoPelliccia/Q-plus-A/tree/main/01_OPTIONS_ARCHITECTURE/01-03_TECHNOLOGIES/01-03-01_Q%2BATLANTIDE/000-099_S-ATLAS/020-029_Core-Aircraft-Systems/025_Equipment-Furnishings/025-440_Lavatory-Door-Assembly
000-099,S-ATLAS,020-029,Core Aircraft Systems,025,Equipment Furnishings,025-450,450,Lavatory Waste Disposal Door,025-450_Lavatory-Waste-Disposal-Door,01_OPTIONS_ARCHITECTURE/01-03_TECHNOLOGIES/01-03-01_Q+ATLANTIDE/000-099_S-ATLAS/020-029_Core-Aircraft-Systems/025_Equipment-Furnishings/025-450_Lavatory-Waste-Disposal-Door,https://github.com/AmedeoPelliccia/Q-plus-A/tree/main/01_OPTIONS_ARCHITECTURE/01-03_TECHNOLOGIES/01-03-01_Q%2BATLANTIDE/000-099_S-ATLAS/020-029_Core-Aircraft-Systems/025_Equipment-Furnishings/025-450_Lavatory-Waste-Disposal-Door
000-099,S-ATLAS,020-029,Core Aircraft Systems,025,Equipment Furnishings,025-460,460,Lavatory Items,025-460_Lavatory-Items,01_OPTIONS_ARCHITECTURE/01-03_TECHNOLOGIES/01-03-01_Q+ATLANTIDE/000-099_S-ATLAS/020-029_Core-Aircraft-Systems/025_Equipment-Furnishings/025-460_Lavatory-Items,https://github.com/AmedeoPelliccia/Q-plus-A/tree/main/01_OPTIONS_ARCHITECTURE/01-03_TECHNOLOGIES/01-03-01_Q%2BATLANTIDE/000-099_S-ATLAS/020-029_Core-Aircraft-Systems/025_Equipment-Furnishings/025-460_Lavatory-Items
000-099,S-ATLAS,020-029,Core Aircraft Systems,025,Equipment Furnishings,025-470,470,Mid Lavatories,025-470_Mid-Lavatories,01_OPTIONS_ARCHITECTURE/01-03_TECHNOLOGIES/01-03-01_Q+ATLANTIDE/000-099_S-ATLAS/020-029_Core-Aircraft-Systems/025_Equipment-Furnishings/025-470_Mid-Lavatories,https://github.com/AmedeoPelliccia/Q-plus-A/tree/main/01_OPTIONS_ARCHITECTURE/01-03_TECHNOLOGIES/01-03-01_Q%2BATLANTIDE/000-099_S-ATLAS/020-029_Core-Aircraft-Systems/025_Equipment-Furnishings/025-470_Mid-Lavatories
000-099,S-ATLAS,020-029,Core Aircraft Systems,025,Equipment Furnishings,025-480,480,VIP Lavatories,025-480_VIP-Lavatories,01_OPTIONS_ARCHITECTURE/01-03_TECHNOLOGIES/01-03-01_Q+ATLANTIDE/000-099_S-ATLAS/020-029_Core-Aircraft-Systems/025_Equipment-Furnishings/025-480_VIP-Lavatories,https://github.com/AmedeoPelliccia/Q-plus-A/tree/main/01_OPTIONS_ARCHITECTURE/01-03_TECHNOLOGIES/01-03-01_Q%2BATLANTIDE/000-099_S-ATLAS/020-029_Core-Aircraft-Systems/025_Equipment-Furnishings/025-480_VIP-Lavatories
000-099,S-ATLAS,020-029,Core Aircraft Systems,025,Equipment Furnishings,025-500,500,Additional Compartments,025-500_Additional-Compartments,01_OPTIONS_ARCHITECTURE/01-03_TECHNOLOGIES/01-03-01_Q+ATLANTIDE/000-099_S-ATLAS/020-029_Core-Aircraft-Systems/025_Equipment-Furnishings/025-500_Additional-Compartments,https://github.com/AmedeoPelliccia/Q-plus-A/tree/main/01_OPTIONS_ARCHITECTURE/01-03_TECHNOLOGIES/01-03-01_Q%2BATLANTIDE/000-099_S-ATLAS/020-029_Core-Aircraft-Systems/025_Equipment-Furnishings/025-500_Additional-Compartments
000-099,S-ATLAS,020-029,Core Aircraft Systems,025,Equipment Furnishings,025-510,510,Doors Compartments,025-510_Doors-Compartments,01_OPTIONS_ARCHITECTURE/01-03_TECHNOLOGIES/01-03-01_Q+ATLANTIDE/000-099_S-ATLAS/020-029_Core-Aircraft-Systems/025_Equipment-Furnishings/025-510_Doors-Compartments,https://github.com/AmedeoPelliccia/Q-plus-A/tree/main/01_OPTIONS_ARCHITECTURE/01-03_TECHNOLOGIES/01-03-01_Q%2BATLANTIDE/000-099_S-ATLAS/020-029_Core-Aircraft-Systems/025_Equipment-Furnishings/025-510_Doors-Compartments
000-099,S-ATLAS,020-029,Core Aircraft Systems,025,Equipment Furnishings,025-520,520,Miscellaneous Compartment,025-520_Miscellaneous-Compartment,01_OPTIONS_ARCHITECTURE/01-03_TECHNOLOGIES/01-03-01_Q+ATLANTIDE/000-099_S-ATLAS/020-029_Core-Aircraft-Systems/025_Equipment-Furnishings/025-520_Miscellaneous-Compartment,https://github.com/AmedeoPelliccia/Q-plus-A/tree/main/01_OPTIONS_ARCHITECTURE/01-03_TECHNOLOGIES/01-03-01_Q%2BATLANTIDE/000-099_S-ATLAS/020-029_Core-Aircraft-Systems/025_Equipment-Furnishings/025-520_Miscellaneous-Compartment
000-099,S-ATLAS,020-029,Core Aircraft Systems,025,Equipment Furnishings,025-530,530,Aft Baggage Compartment,025-530_Aft-Baggage-Compartment,01_OPTIONS_ARCHITECTURE/01-03_TECHNOLOGIES/01-03-01_Q+ATLANTIDE/000-099_S-ATLAS/020-029_Core-Aircraft-Systems/025_Equipment-Furnishings/025-530_Aft-Baggage-Compartment,https://github.com/AmedeoPelliccia/Q-plus-A/tree/main/01_OPTIONS_ARCHITECTURE/01-03_TECHNOLOGIES/01-03-01_Q%2BATLANTIDE/000-099_S-ATLAS/020-029_Core-Aircraft-Systems/025_Equipment-Furnishings/025-530_Aft-Baggage-Compartment
000-099,S-ATLAS,020-029,Core Aircraft Systems,025,Equipment Furnishings,025-600,600,Emergency,025-600_Emergency,01_OPTIONS_ARCHITECTURE/01-03_TECHNOLOGIES/01-03-01_Q+ATLANTIDE/000-099_S-ATLAS/020-029_Core-Aircraft-Systems/025_Equipment-Furnishings/025-600_Emergency,https://github.com/AmedeoPelliccia/Q-plus-A/tree/main/01_OPTIONS_ARCHITECTURE/01-03_TECHNOLOGIES/01-03-01_Q%2BATLANTIDE/000-099_S-ATLAS/020-029_Core-Aircraft-Systems/025_Equipment-Furnishings/025-600_Emergency
000-099,S-ATLAS,020-029,Core Aircraft Systems,025,Equipment Furnishings,025-610,610,ELT System,025-610_ELT-System,01_OPTIONS_ARCHITECTURE/01-03_TECHNOLOGIES/01-03-01_Q+ATLANTIDE/000-099_S-ATLAS/020-029_Core-Aircraft-Systems/025_Equipment-Furnishings/025-610_ELT-System,https://github.com/AmedeoPelliccia/Q-plus-A/tree/main/01_OPTIONS_ARCHITECTURE/01-03_TECHNOLOGIES/01-03-01_Q%2BATLANTIDE/000-099_S-ATLAS/020-029_Core-Aircraft-Systems/025_Equipment-Furnishings/025-610_ELT-System
000-099,S-ATLAS,020-029,Core Aircraft Systems,025,Equipment Furnishings,025-620,620,Emergency Miscellaneous Equipment,025-620_Emergency-Miscellaneous-Equipment,01_OPTIONS_ARCHITECTURE/01-03_TECHNOLOGIES/01-03-01_Q+ATLANTIDE/000-099_S-ATLAS/020-029_Core-Aircraft-Systems/025_Equipment-Furnishings/025-620_Emergency-Miscellaneous-Equipment,https://github.com/AmedeoPelliccia/Q-plus-A/tree/main/01_OPTIONS_ARCHITECTURE/01-03_TECHNOLOGIES/01-03-01_Q%2BATLANTIDE/000-099_S-ATLAS/020-029_Core-Aircraft-Systems/025_Equipment-Furnishings/025-620_Emergency-Miscellaneous-Equipment
000-099,S-ATLAS,020-029,Core Aircraft Systems,025,Equipment Furnishings,025-630,630,Portable ELT System,025-630_Portable-ELT-System,01_OPTIONS_ARCHITECTURE/01-03_TECHNOLOGIES/01-03-01_Q+ATLANTIDE/000-099_S-ATLAS/020-029_Core-Aircraft-Systems/025_Equipment-Furnishings/025-630_Portable-ELT-System,https://github.com/AmedeoPelliccia/Q-plus-A/tree/main/01_OPTIONS_ARCHITECTURE/01-03_TECHNOLOGIES/01-03-01_Q%2BATLANTIDE/000-099_S-ATLAS/020-029_Core-Aircraft-Systems/025_Equipment-Furnishings/025-630_Portable-ELT-System
000-099,S-ATLAS,020-029,Core Aircraft Systems,025,Equipment Furnishings,025-650,650,Emergency Evacuation Slide System,025-650_Emergency-Evacuation-Slide-System,01_OPTIONS_ARCHITECTURE/01-03_TECHNOLOGIES/01-03-01_Q+ATLANTIDE/000-099_S-ATLAS/020-029_Core-Aircraft-Systems/025_Equipment-Furnishings/025-650_Emergency-Evacuation-Slide-System,https://github.com/AmedeoPelliccia/Q-plus-A/tree/main/01_OPTIONS_ARCHITECTURE/01-03_TECHNOLOGIES/01-03-01_Q%2BATLANTIDE/000-099_S-ATLAS/020-029_Core-Aircraft-Systems/025_Equipment-Furnishings/025-650_Emergency-Evacuation-Slide-System
000-099,S-ATLAS,020-029,Core Aircraft Systems,025,Equipment Furnishings,025-660,660,Life Rafts System,025-660_Life-Rafts-System,01_OPTIONS_ARCHITECTURE/01-03_TECHNOLOGIES/01-03-01_Q+ATLANTIDE/000-099_S-ATLAS/020-029_Core-Aircraft-Systems/025_Equipment-Furnishings/025-660_Life-Rafts-System,https://github.com/AmedeoPelliccia/Q-plus-A/tree/main/01_OPTIONS_ARCHITECTURE/01-03_TECHNOLOGIES/01-03-01_Q%2BATLANTIDE/000-099_S-ATLAS/020-029_Core-Aircraft-Systems/025_Equipment-Furnishings/025-660_Life-Rafts-System
000-099,S-ATLAS,020-029,Core Aircraft Systems,025,Equipment Furnishings,025-670,670,Flight Attendant Demonstration Kit,025-670_Flight-Attendant-Demonstration-Kit,01_OPTIONS_ARCHITECTURE/01-03_TECHNOLOGIES/01-03-01_Q+ATLANTIDE/000-099_S-ATLAS/020-029_Core-Aircraft-Systems/025_Equipment-Furnishings/025-670_Flight-Attendant-Demonstration-Kit,https://github.com/AmedeoPelliccia/Q-plus-A/tree/main/01_OPTIONS_ARCHITECTURE/01-03_TECHNOLOGIES/01-03-01_Q%2BATLANTIDE/000-099_S-ATLAS/020-029_Core-Aircraft-Systems/025_Equipment-Furnishings/025-670_Flight-Attendant-Demonstration-Kit
000-099,S-ATLAS,020-029,Core Aircraft Systems,025,Equipment Furnishings,025-700,700,Accessory Compartments,025-700_Accessory-Compartments,01_OPTIONS_ARCHITECTURE/01-03_TECHNOLOGIES/01-03-01_Q+ATLANTIDE/000-099_S-ATLAS/020-029_Core-Aircraft-Systems/025_Equipment-Furnishings/025-700_Accessory-Compartments,https://github.com/AmedeoPelliccia/Q-plus-A/tree/main/01_OPTIONS_ARCHITECTURE/01-03_TECHNOLOGIES/01-03-01_Q%2BATLANTIDE/000-099_S-ATLAS/020-029_Core-Aircraft-Systems/025_Equipment-Furnishings/025-700_Accessory-Compartments
000-099,S-ATLAS,020-029,Core Aircraft Systems,025,Equipment Furnishings,025-800,800,Insulation,025-800_Insulation,01_OPTIONS_ARCHITECTURE/01-03_TECHNOLOGIES/01-03-01_Q+ATLANTIDE/000-099_S-ATLAS/020-029_Core-Aircraft-Systems/025_Equipment-Furnishings/025-800_Insulation,https://github.com/AmedeoPelliccia/Q-plus-A/tree/main/01_OPTIONS_ARCHITECTURE/01-03_TECHNOLOGIES/01-03-01_Q%2BATLANTIDE/000-099_S-ATLAS/020-029_Core-Aircraft-Systems/025_Equipment-Furnishings/025-800_Insulation
000-099,S-ATLAS,020-029,Core Aircraft Systems,025,Equipment Furnishings,025-810,810,Cockpit and Passenger Cabin Insulation,025-810_Cockpit-and-Passenger-Cabin-Insulation,01_OPTIONS_ARCHITECTURE/01-03_TECHNOLOGIES/01-03-01_Q+ATLANTIDE/000-099_S-ATLAS/020-029_Core-Aircraft-Systems/025_Equipment-Furnishings/025-810_Cockpit-and-Passenger-Cabin-Insulation,https://github.com/AmedeoPelliccia/Q-plus-A/tree/main/01_OPTIONS_ARCHITECTURE/01-03_TECHNOLOGIES/01-03-01_Q%2BATLANTIDE/000-099_S-ATLAS/020-029_Core-Aircraft-Systems/025_Equipment-Furnishings/025-810_Cockpit-and-Passenger-Cabin-Insulation
000-099,S-ATLAS,020-029,Core Aircraft Systems,025,Equipment Furnishings,025-820,820,Sound Dampener System,025-820_Sound-Dampener-System,01_OPTIONS_ARCHITECTURE/01-03_TECHNOLOGIES/01-03-01_Q+ATLANTIDE/000-099_S-ATLAS/020-029_Core-Aircraft-Systems/025_Equipment-Furnishings/025-820_Sound-Dampener-System,https://github.com/AmedeoPelliccia/Q-plus-A/tree/main/01_OPTIONS_ARCHITECTURE/01-03_TECHNOLOGIES/01-03-01_Q%2BATLANTIDE/000-099_S-ATLAS/020-029_Core-Aircraft-Systems/025_Equipment-Furnishings/025-820_Sound-Dampener-System
000-099,S-ATLAS,020-029,Core Aircraft Systems,025,Equipment Furnishings,025-830,830,Noise Treatment Felt System,025-830_Noise-Treatment-Felt-System,01_OPTIONS_ARCHITECTURE/01-03_TECHNOLOGIES/01-03-01_Q+ATLANTIDE/000-099_S-ATLAS/020-029_Core-Aircraft-Systems/025_Equipment-Furnishings/025-830_Noise-Treatment-Felt-System,https://github.com/AmedeoPelliccia/Q-plus-A/tree/main/01_OPTIONS_ARCHITECTURE/01-03_TECHNOLOGIES/01-03-01_Q%2BATLANTIDE/000-099_S-ATLAS/020-029_Core-Aircraft-Systems/025_Equipment-Furnishings/025-830_Noise-Treatment-Felt-System
000-099,S-ATLAS,020-029,Core Aircraft Systems,025,Equipment Furnishings,025-840,840,Smoke Seal System,025-840_Smoke-Seal-System,01_OPTIONS_ARCHITECTURE/01-03_TECHNOLOGIES/01-03-01_Q+ATLANTIDE/000-099_S-ATLAS/020-029_Core-Aircraft-Systems/025_Equipment-Furnishings/025-840_Smoke-Seal-System,https://github.com/AmedeoPelliccia/Q-plus-A/tree/main/01_OPTIONS_ARCHITECTURE/01-03_TECHNOLOGIES/01-03-01_Q%2BATLANTIDE/000-099_S-ATLAS/020-029_Core-Aircraft-Systems/025_Equipment-Furnishings/025-840_Smoke-Seal-System
000-099,S-ATLAS,020-029,Core Aircraft Systems,025,Equipment Furnishings,025-850,850,Soft Blue Sound Dampener System,025-850_Soft-Blue-Sound-Dampener-System,01_OPTIONS_ARCHITECTURE/01-03_TECHNOLOGIES/01-03-01_Q+ATLANTIDE/000-099_S-ATLAS/020-029_Core-Aircraft-Systems/025_Equipment-Furnishings/025-850_Soft-Blue-Sound-Dampener-System,https://github.com/AmedeoPelliccia/Q-plus-A/tree/main/01_OPTIONS_ARCHITECTURE/01-03_TECHNOLOGIES/01-03-01_Q%2BATLANTIDE/000-099_S-ATLAS/020-029_Core-Aircraft-Systems/025_Equipment-Furnishings/025-850_Soft-Blue-Sound-Dampener-System
000-099,S-ATLAS,020-029,Core Aircraft Systems,025,Equipment Furnishings,025-860,860,Vibration Damper System,025-860_Vibration-Damper-System,01_OPTIONS_ARCHITECTURE/01-03_TECHNOLOGIES/01-03-01_Q+ATLANTIDE/000-099_S-ATLAS/020-029_Core-Aircraft-Systems/025_Equipment-Furnishings/025-860_Vibration-Damper-System,https://github.com/AmedeoPelliccia/Q-plus-A/tree/main/01_OPTIONS_ARCHITECTURE/01-03_TECHNOLOGIES/01-03-01_Q%2BATLANTIDE/000-099_S-ATLAS/020-029_Core-Aircraft-Systems/025_Equipment-Furnishings/025-860_Vibration-Damper-System
000-099,S-ATLAS,020-029,Core Aircraft Systems,025,Equipment Furnishings,025-900,900,Sustainable Materials Circularity and Cabin Efficiency,025-900_Sustainable-Materials-Circularity-and-Cabin-Efficiency,01_OPTIONS_ARCHITECTURE/01-03_TECHNOLOGIES/01-03-01_Q+ATLANTIDE/000-099_S-ATLAS/020-029_Core-Aircraft-Systems/025_Equipment-Furnishings/025-900_Sustainable-Materials-Circularity-and-Cabin-Efficiency,https://github.com/AmedeoPelliccia/Q-plus-A/tree/main/01_OPTIONS_ARCHITECTURE/01-03_TECHNOLOGIES/01-03-01_Q%2BATLANTIDE/000-099_S-ATLAS/020-029_Core-Aircraft-Systems/025_Equipment-Furnishings/025-900_Sustainable-Materials-Circularity-and-Cabin-Efficiency
000-099,S-ATLAS,020-029,Core Aircraft Systems,026,Fire Protection,026-000,000,General,026-000_General,01_OPTIONS_ARCHITECTURE/01-03_TECHNOLOGIES/01-03-01_Q+ATLANTIDE/000-099_S-ATLAS/020-029_Core-Aircraft-Systems/026_Fire-Protection/026-000_General,https://github.com/AmedeoPelliccia/Q-plus-A/tree/main/01_OPTIONS_ARCHITECTURE/01-03_TECHNOLOGIES/01-03-01_Q%2BATLANTIDE/000-099_S-ATLAS/020-029_Core-Aircraft-Systems/026_Fire-Protection/026-000_General
000-099,S-ATLAS,020-029,Core Aircraft Systems,026,Fire Protection,026-100,100,Fire Smoke Detection,026-100_Fire-Smoke-Detection,01_OPTIONS_ARCHITECTURE/01-03_TECHNOLOGIES/01-03-01_Q+ATLANTIDE/000-099_S-ATLAS/020-029_Core-Aircraft-Systems/026_Fire-Protection/026-100_Fire-Smoke-Detection,https://github.com/AmedeoPelliccia/Q-plus-A/tree/main/01_OPTIONS_ARCHITECTURE/01-03_TECHNOLOGIES/01-03-01_Q%2BATLANTIDE/000-099_S-ATLAS/020-029_Core-Aircraft-Systems/026_Fire-Protection/026-100_Fire-Smoke-Detection
000-099,S-ATLAS,020-029,Core Aircraft Systems,026,Fire Protection,026-110,110,Propulsion Module Fire Overheat Detection,026-110_Propulsion-Module-Fire-Overheat-Detection,01_OPTIONS_ARCHITECTURE/01-03_TECHNOLOGIES/01-03-01_Q+ATLANTIDE/000-099_S-ATLAS/020-029_Core-Aircraft-Systems/026_Fire-Protection/026-110_Propulsion-Module-Fire-Overheat-Detection,https://github.com/AmedeoPelliccia/Q-plus-A/tree/main/01_OPTIONS_ARCHITECTURE/01-03_TECHNOLOGIES/01-03-01_Q%2BATLANTIDE/000-099_S-ATLAS/020-029_Core-Aircraft-Systems/026_Fire-Protection/026-110_Propulsion-Module-Fire-Overheat-Detection
000-099,S-ATLAS,020-029,Core Aircraft Systems,026,Fire Protection,026-120,120,Auxiliary Power Module Fire Overheat Detection,026-120_Auxiliary-Power-Module-Fire-Overheat-Detection,01_OPTIONS_ARCHITECTURE/01-03_TECHNOLOGIES/01-03-01_Q+ATLANTIDE/000-099_S-ATLAS/020-029_Core-Aircraft-Systems/026_Fire-Protection/026-120_Auxiliary-Power-Module-Fire-Overheat-Detection,https://github.com/AmedeoPelliccia/Q-plus-A/tree/main/01_OPTIONS_ARCHITECTURE/01-03_TECHNOLOGIES/01-03-01_Q%2BATLANTIDE/000-099_S-ATLAS/020-029_Core-Aircraft-Systems/026_Fire-Protection/026-120_Auxiliary-Power-Module-Fire-Overheat-Detection
000-099,S-ATLAS,020-029,Core Aircraft Systems,026,Fire Protection,026-130,130,Passenger Cabin Smoke Detection,026-130_Passenger-Cabin-Smoke-Detection,01_OPTIONS_ARCHITECTURE/01-03_TECHNOLOGIES/01-03-01_Q+ATLANTIDE/000-099_S-ATLAS/020-029_Core-Aircraft-Systems/026_Fire-Protection/026-130_Passenger-Cabin-Smoke-Detection,https://github.com/AmedeoPelliccia/Q-plus-A/tree/main/01_OPTIONS_ARCHITECTURE/01-03_TECHNOLOGIES/01-03-01_Q%2BATLANTIDE/000-099_S-ATLAS/020-029_Core-Aircraft-Systems/026_Fire-Protection/026-130_Passenger-Cabin-Smoke-Detection
000-099,S-ATLAS,020-029,Core Aircraft Systems,026,Fire Protection,026-140,140,Lavatory Smoke Detection,026-140_Lavatory-Smoke-Detection,01_OPTIONS_ARCHITECTURE/01-03_TECHNOLOGIES/01-03-01_Q+ATLANTIDE/000-099_S-ATLAS/020-029_Core-Aircraft-Systems/026_Fire-Protection/026-140_Lavatory-Smoke-Detection,https://github.com/AmedeoPelliccia/Q-plus-A/tree/main/01_OPTIONS_ARCHITECTURE/01-03_TECHNOLOGIES/01-03-01_Q%2BATLANTIDE/000-099_S-ATLAS/020-029_Core-Aircraft-Systems/026_Fire-Protection/026-140_Lavatory-Smoke-Detection
000-099,S-ATLAS,020-029,Core Aircraft Systems,026,Fire Protection,026-150,150,Cargo Compartment Smoke Detection,026-150_Cargo-Compartment-Smoke-Detection,01_OPTIONS_ARCHITECTURE/01-03_TECHNOLOGIES/01-03-01_Q+ATLANTIDE/000-099_S-ATLAS/020-029_Core-Aircraft-Systems/026_Fire-Protection/026-150_Cargo-Compartment-Smoke-Detection,https://github.com/AmedeoPelliccia/Q-plus-A/tree/main/01_OPTIONS_ARCHITECTURE/01-03_TECHNOLOGIES/01-03-01_Q%2BATLANTIDE/000-099_S-ATLAS/020-029_Core-Aircraft-Systems/026_Fire-Protection/026-150_Cargo-Compartment-Smoke-Detection
000-099,S-ATLAS,020-029,Core Aircraft Systems,026,Fire Protection,026-160,160,Recirculation Bay Smoke Detection,026-160_Recirculation-Bay-Smoke-Detection,01_OPTIONS_ARCHITECTURE/01-03_TECHNOLOGIES/01-03-01_Q+ATLANTIDE/000-099_S-ATLAS/020-029_Core-Aircraft-Systems/026_Fire-Protection/026-160_Recirculation-Bay-Smoke-Detection,https://github.com/AmedeoPelliccia/Q-plus-A/tree/main/01_OPTIONS_ARCHITECTURE/01-03_TECHNOLOGIES/01-03-01_Q%2BATLANTIDE/000-099_S-ATLAS/020-029_Core-Aircraft-Systems/026_Fire-Protection/026-160_Recirculation-Bay-Smoke-Detection
000-099,S-ATLAS,020-029,Core Aircraft Systems,026,Fire Protection,026-170,170,Landing Gear Bay Fire Detection,026-170_Landing-Gear-Bay-Fire-Detection,01_OPTIONS_ARCHITECTURE/01-03_TECHNOLOGIES/01-03-01_Q+ATLANTIDE/000-099_S-ATLAS/020-029_Core-Aircraft-Systems/026_Fire-Protection/026-170_Landing-Gear-Bay-Fire-Detection,https://github.com/AmedeoPelliccia/Q-plus-A/tree/main/01_OPTIONS_ARCHITECTURE/01-03_TECHNOLOGIES/01-03-01_Q%2BATLANTIDE/000-099_S-ATLAS/020-029_Core-Aircraft-Systems/026_Fire-Protection/026-170_Landing-Gear-Bay-Fire-Detection
000-099,S-ATLAS,020-029,Core Aircraft Systems,026,Fire Protection,026-180,180,Electronic Equipment Rack Smoke Detection,026-180_Electronic-Equipment-Rack-Smoke-Detection,01_OPTIONS_ARCHITECTURE/01-03_TECHNOLOGIES/01-03-01_Q+ATLANTIDE/000-099_S-ATLAS/020-029_Core-Aircraft-Systems/026_Fire-Protection/026-180_Electronic-Equipment-Rack-Smoke-Detection,https://github.com/AmedeoPelliccia/Q-plus-A/tree/main/01_OPTIONS_ARCHITECTURE/01-03_TECHNOLOGIES/01-03-01_Q%2BATLANTIDE/000-099_S-ATLAS/020-029_Core-Aircraft-Systems/026_Fire-Protection/026-180_Electronic-Equipment-Rack-Smoke-Detection
000-099,S-ATLAS,020-029,Core Aircraft Systems,026,Fire Protection,026-200,200,Fire Extinguishing,026-200_Fire-Extinguishing,01_OPTIONS_ARCHITECTURE/01-03_TECHNOLOGIES/01-03-01_Q+ATLANTIDE/000-099_S-ATLAS/020-029_Core-Aircraft-Systems/026_Fire-Protection/026-200_Fire-Extinguishing,https://github.com/AmedeoPelliccia/Q-plus-A/tree/main/01_OPTIONS_ARCHITECTURE/01-03_TECHNOLOGIES/01-03-01_Q%2BATLANTIDE/000-099_S-ATLAS/020-029_Core-Aircraft-Systems/026_Fire-Protection/026-200_Fire-Extinguishing
000-099,S-ATLAS,020-029,Core Aircraft Systems,026,Fire Protection,026-210,210,Propulsion Module Fire Extinguishing,026-210_Propulsion-Module-Fire-Extinguishing,01_OPTIONS_ARCHITECTURE/01-03_TECHNOLOGIES/01-03-01_Q+ATLANTIDE/000-099_S-ATLAS/020-029_Core-Aircraft-Systems/026_Fire-Protection/026-210_Propulsion-Module-Fire-Extinguishing,https://github.com/AmedeoPelliccia/Q-plus-A/tree/main/01_OPTIONS_ARCHITECTURE/01-03_TECHNOLOGIES/01-03-01_Q%2BATLANTIDE/000-099_S-ATLAS/020-029_Core-Aircraft-Systems/026_Fire-Protection/026-210_Propulsion-Module-Fire-Extinguishing
000-099,S-ATLAS,020-029,Core Aircraft Systems,026,Fire Protection,026-220,220,Auxiliary Power Module Fire Extinguishing,026-220_Auxiliary-Power-Module-Fire-Extinguishing,01_OPTIONS_ARCHITECTURE/01-03_TECHNOLOGIES/01-03-01_Q+ATLANTIDE/000-099_S-ATLAS/020-029_Core-Aircraft-Systems/026_Fire-Protection/026-220_Auxiliary-Power-Module-Fire-Extinguishing,https://github.com/AmedeoPelliccia/Q-plus-A/tree/main/01_OPTIONS_ARCHITECTURE/01-03_TECHNOLOGIES/01-03-01_Q%2BATLANTIDE/000-099_S-ATLAS/020-029_Core-Aircraft-Systems/026_Fire-Protection/026-220_Auxiliary-Power-Module-Fire-Extinguishing
000-099,S-ATLAS,020-029,Core Aircraft Systems,026,Fire Protection,026-230,230,Cargo Compartment Fire Extinguishing,026-230_Cargo-Compartment-Fire-Extinguishing,01_OPTIONS_ARCHITECTURE/01-03_TECHNOLOGIES/01-03-01_Q+ATLANTIDE/000-099_S-ATLAS/020-029_Core-Aircraft-Systems/026_Fire-Protection/026-230_Cargo-Compartment-Fire-Extinguishing,https://github.com/AmedeoPelliccia/Q-plus-A/tree/main/01_OPTIONS_ARCHITECTURE/01-03_TECHNOLOGIES/01-03-01_Q%2BATLANTIDE/000-099_S-ATLAS/020-029_Core-Aircraft-Systems/026_Fire-Protection/026-230_Cargo-Compartment-Fire-Extinguishing
000-099,S-ATLAS,020-029,Core Aircraft Systems,026,Fire Protection,026-240,240,Portable Fire Extinguishing,026-240_Portable-Fire-Extinguishing,01_OPTIONS_ARCHITECTURE/01-03_TECHNOLOGIES/01-03-01_Q+ATLANTIDE/000-099_S-ATLAS/020-029_Core-Aircraft-Systems/026_Fire-Protection/026-240_Portable-Fire-Extinguishing,https://github.com/AmedeoPelliccia/Q-plus-A/tree/main/01_OPTIONS_ARCHITECTURE/01-03_TECHNOLOGIES/01-03-01_Q%2BATLANTIDE/000-099_S-ATLAS/020-029_Core-Aircraft-Systems/026_Fire-Protection/026-240_Portable-Fire-Extinguishing
000-099,S-ATLAS,020-029,Core Aircraft Systems,026,Fire Protection,026-250,250,Lavatory Auto Discharge Fire Extinguishing,026-250_Lavatory-Auto-Discharge-Fire-Extinguishing,01_OPTIONS_ARCHITECTURE/01-03_TECHNOLOGIES/01-03-01_Q+ATLANTIDE/000-099_S-ATLAS/020-029_Core-Aircraft-Systems/026_Fire-Protection/026-250_Lavatory-Auto-Discharge-Fire-Extinguishing,https://github.com/AmedeoPelliccia/Q-plus-A/tree/main/01_OPTIONS_ARCHITECTURE/01-03_TECHNOLOGIES/01-03-01_Q%2BATLANTIDE/000-099_S-ATLAS/020-029_Core-Aircraft-Systems/026_Fire-Protection/026-250_Lavatory-Auto-Discharge-Fire-Extinguishing
000-099,S-ATLAS,020-029,Core Aircraft Systems,026,Fire Protection,026-260,260,Monument Auto Discharge Fire Extinguishing,026-260_Monument-Auto-Discharge-Fire-Extinguishing,01_OPTIONS_ARCHITECTURE/01-03_TECHNOLOGIES/01-03-01_Q+ATLANTIDE/000-099_S-ATLAS/020-029_Core-Aircraft-Systems/026_Fire-Protection/026-260_Monument-Auto-Discharge-Fire-Extinguishing,https://github.com/AmedeoPelliccia/Q-plus-A/tree/main/01_OPTIONS_ARCHITECTURE/01-03_TECHNOLOGIES/01-03-01_Q%2BATLANTIDE/000-099_S-ATLAS/020-029_Core-Aircraft-Systems/026_Fire-Protection/026-260_Monument-Auto-Discharge-Fire-Extinguishing
000-099,S-ATLAS,020-029,Core Aircraft Systems,026,Fire Protection,026-900,900,Energy System Fire Protection,026-900_Energy-System-Fire-Protection,01_OPTIONS_ARCHITECTURE/01-03_TECHNOLOGIES/01-03-01_Q+ATLANTIDE/000-099_S-ATLAS/020-029_Core-Aircraft-Systems/026_Fire-Protection/026-900_Energy-System-Fire-Protection,https://github.com/AmedeoPelliccia/Q-plus-A/tree/main/01_OPTIONS_ARCHITECTURE/01-03_TECHNOLOGIES/01-03-01_Q%2BATLANTIDE/000-099_S-ATLAS/020-029_Core-Aircraft-Systems/026_Fire-Protection/026-900_Energy-System-Fire-Protection
000-099,S-ATLAS,020-029,Core Aircraft Systems,027,Flight Control,027-000,000,General,027-000_General,01_OPTIONS_ARCHITECTURE/01-03_TECHNOLOGIES/01-03-01_Q+ATLANTIDE/000-099_S-ATLAS/020-029_Core-Aircraft-Systems/027_Flight-Control/027-000_General,https://github.com/AmedeoPelliccia/Q-plus-A/tree/main/01_OPTIONS_ARCHITECTURE/01-03_TECHNOLOGIES/01-03-01_Q%2BATLANTIDE/000-099_S-ATLAS/020-029_Core-Aircraft-Systems/027_Flight-Control/027-000_General
000-099,S-ATLAS,020-029,Core Aircraft Systems,027,Flight Control,027-030,030,Flight Controls Electrical System,027-030_Flight-Controls-Electrical-System,01_OPTIONS_ARCHITECTURE/01-03_TECHNOLOGIES/01-03-01_Q+ATLANTIDE/000-099_S-ATLAS/020-029_Core-Aircraft-Systems/027_Flight-Control/027-030_Flight-Controls-Electrical-System,https://github.com/AmedeoPelliccia/Q-plus-A/tree/main/01_OPTIONS_ARCHITECTURE/01-03_TECHNOLOGIES/01-03-01_Q%2BATLANTIDE/000-099_S-ATLAS/020-029_Core-Aircraft-Systems/027_Flight-Control/027-030_Flight-Controls-Electrical-System
000-099,S-ATLAS,020-029,Core Aircraft Systems,027,Flight Control,027-100,100,Aileron,027-100_Aileron,01_OPTIONS_ARCHITECTURE/01-03_TECHNOLOGIES/01-03-01_Q+ATLANTIDE/000-099_S-ATLAS/020-029_Core-Aircraft-Systems/027_Flight-Control/027-100_Aileron,https://github.com/AmedeoPelliccia/Q-plus-A/tree/main/01_OPTIONS_ARCHITECTURE/01-03_TECHNOLOGIES/01-03-01_Q%2BATLANTIDE/000-099_S-ATLAS/020-029_Core-Aircraft-Systems/027_Flight-Control/027-100_Aileron
000-099,S-ATLAS,020-029,Core Aircraft Systems,027,Flight Control,027-110,110,Aileron Mechanical Components,027-110_Aileron-Mechanical-Components,01_OPTIONS_ARCHITECTURE/01-03_TECHNOLOGIES/01-03-01_Q+ATLANTIDE/000-099_S-ATLAS/020-029_Core-Aircraft-Systems/027_Flight-Control/027-110_Aileron-Mechanical-Components,https://github.com/AmedeoPelliccia/Q-plus-A/tree/main/01_OPTIONS_ARCHITECTURE/01-03_TECHNOLOGIES/01-03-01_Q%2BATLANTIDE/000-099_S-ATLAS/020-029_Core-Aircraft-Systems/027_Flight-Control/027-110_Aileron-Mechanical-Components
000-099,S-ATLAS,020-029,Core Aircraft Systems,027,Flight Control,027-120,120,Aileron Powered Actuation,027-120_Aileron-Powered-Actuation,01_OPTIONS_ARCHITECTURE/01-03_TECHNOLOGIES/01-03-01_Q+ATLANTIDE/000-099_S-ATLAS/020-029_Core-Aircraft-Systems/027_Flight-Control/027-120_Aileron-Powered-Actuation,https://github.com/AmedeoPelliccia/Q-plus-A/tree/main/01_OPTIONS_ARCHITECTURE/01-03_TECHNOLOGIES/01-03-01_Q%2BATLANTIDE/000-099_S-ATLAS/020-029_Core-Aircraft-Systems/027_Flight-Control/027-120_Aileron-Powered-Actuation
000-099,S-ATLAS,020-029,Core Aircraft Systems,027,Flight Control,027-130,130,Aileron Electrical System,027-130_Aileron-Electrical-System,01_OPTIONS_ARCHITECTURE/01-03_TECHNOLOGIES/01-03-01_Q+ATLANTIDE/000-099_S-ATLAS/020-029_Core-Aircraft-Systems/027_Flight-Control/027-130_Aileron-Electrical-System,https://github.com/AmedeoPelliccia/Q-plus-A/tree/main/01_OPTIONS_ARCHITECTURE/01-03_TECHNOLOGIES/01-03-01_Q%2BATLANTIDE/000-099_S-ATLAS/020-029_Core-Aircraft-Systems/027_Flight-Control/027-130_Aileron-Electrical-System
000-099,S-ATLAS,020-029,Core Aircraft Systems,027,Flight Control,027-140,140,Aileron Trim,027-140_Aileron-Trim,01_OPTIONS_ARCHITECTURE/01-03_TECHNOLOGIES/01-03-01_Q+ATLANTIDE/000-099_S-ATLAS/020-029_Core-Aircraft-Systems/027_Flight-Control/027-140_Aileron-Trim,https://github.com/AmedeoPelliccia/Q-plus-A/tree/main/01_OPTIONS_ARCHITECTURE/01-03_TECHNOLOGIES/01-03-01_Q%2BATLANTIDE/000-099_S-ATLAS/020-029_Core-Aircraft-Systems/027_Flight-Control/027-140_Aileron-Trim
000-099,S-ATLAS,020-029,Core Aircraft Systems,027,Flight Control,027-200,200,Rudder,027-200_Rudder,01_OPTIONS_ARCHITECTURE/01-03_TECHNOLOGIES/01-03-01_Q+ATLANTIDE/000-099_S-ATLAS/020-029_Core-Aircraft-Systems/027_Flight-Control/027-200_Rudder,https://github.com/AmedeoPelliccia/Q-plus-A/tree/main/01_OPTIONS_ARCHITECTURE/01-03_TECHNOLOGIES/01-03-01_Q%2BATLANTIDE/000-099_S-ATLAS/020-029_Core-Aircraft-Systems/027_Flight-Control/027-200_Rudder
000-099,S-ATLAS,020-029,Core Aircraft Systems,027,Flight Control,027-210,210,Rudder Mechanical Components,027-210_Rudder-Mechanical-Components,01_OPTIONS_ARCHITECTURE/01-03_TECHNOLOGIES/01-03-01_Q+ATLANTIDE/000-099_S-ATLAS/020-029_Core-Aircraft-Systems/027_Flight-Control/027-210_Rudder-Mechanical-Components,https://github.com/AmedeoPelliccia/Q-plus-A/tree/main/01_OPTIONS_ARCHITECTURE/01-03_TECHNOLOGIES/01-03-01_Q%2BATLANTIDE/000-099_S-ATLAS/020-029_Core-Aircraft-Systems/027_Flight-Control/027-210_Rudder-Mechanical-Components
000-099,S-ATLAS,020-029,Core Aircraft Systems,027,Flight Control,027-220,220,Rudder Powered Actuation,027-220_Rudder-Powered-Actuation,01_OPTIONS_ARCHITECTURE/01-03_TECHNOLOGIES/01-03-01_Q+ATLANTIDE/000-099_S-ATLAS/020-029_Core-Aircraft-Systems/027_Flight-Control/027-220_Rudder-Powered-Actuation,https://github.com/AmedeoPelliccia/Q-plus-A/tree/main/01_OPTIONS_ARCHITECTURE/01-03_TECHNOLOGIES/01-03-01_Q%2BATLANTIDE/000-099_S-ATLAS/020-029_Core-Aircraft-Systems/027_Flight-Control/027-220_Rudder-Powered-Actuation
000-099,S-ATLAS,020-029,Core Aircraft Systems,027,Flight Control,027-230,230,Rudder Electrical System,027-230_Rudder-Electrical-System,01_OPTIONS_ARCHITECTURE/01-03_TECHNOLOGIES/01-03-01_Q+ATLANTIDE/000-099_S-ATLAS/020-029_Core-Aircraft-Systems/027_Flight-Control/027-230_Rudder-Electrical-System,https://github.com/AmedeoPelliccia/Q-plus-A/tree/main/01_OPTIONS_ARCHITECTURE/01-03_TECHNOLOGIES/01-03-01_Q%2BATLANTIDE/000-099_S-ATLAS/020-029_Core-Aircraft-Systems/027_Flight-Control/027-230_Rudder-Electrical-System
000-099,S-ATLAS,020-029,Core Aircraft Systems,027,Flight Control,027-240,240,Rudder Trim,027-240_Rudder-Trim,01_OPTIONS_ARCHITECTURE/01-03_TECHNOLOGIES/01-03-01_Q+ATLANTIDE/000-099_S-ATLAS/020-029_Core-Aircraft-Systems/027_Flight-Control/027-240_Rudder-Trim,https://github.com/AmedeoPelliccia/Q-plus-A/tree/main/01_OPTIONS_ARCHITECTURE/01-03_TECHNOLOGIES/01-03-01_Q%2BATLANTIDE/000-099_S-ATLAS/020-029_Core-Aircraft-Systems/027_Flight-Control/027-240_Rudder-Trim
000-099,S-ATLAS,020-029,Core Aircraft Systems,027,Flight Control,027-300,300,Elevator,027-300_Elevator,01_OPTIONS_ARCHITECTURE/01-03_TECHNOLOGIES/01-03-01_Q+ATLANTIDE/000-099_S-ATLAS/020-029_Core-Aircraft-Systems/027_Flight-Control/027-300_Elevator,https://github.com/AmedeoPelliccia/Q-plus-A/tree/main/01_OPTIONS_ARCHITECTURE/01-03_TECHNOLOGIES/01-03-01_Q%2BATLANTIDE/000-099_S-ATLAS/020-029_Core-Aircraft-Systems/027_Flight-Control/027-300_Elevator
000-099,S-ATLAS,020-029,Core Aircraft Systems,027,Flight Control,027-310,310,Elevator Mechanical Components,027-310_Elevator-Mechanical-Components,01_OPTIONS_ARCHITECTURE/01-03_TECHNOLOGIES/01-03-01_Q+ATLANTIDE/000-099_S-ATLAS/020-029_Core-Aircraft-Systems/027_Flight-Control/027-310_Elevator-Mechanical-Components,https://github.com/AmedeoPelliccia/Q-plus-A/tree/main/01_OPTIONS_ARCHITECTURE/01-03_TECHNOLOGIES/01-03-01_Q%2BATLANTIDE/000-099_S-ATLAS/020-029_Core-Aircraft-Systems/027_Flight-Control/027-310_Elevator-Mechanical-Components
000-099,S-ATLAS,020-029,Core Aircraft Systems,027,Flight Control,027-320,320,Elevator Powered Actuation,027-320_Elevator-Powered-Actuation,01_OPTIONS_ARCHITECTURE/01-03_TECHNOLOGIES/01-03-01_Q+ATLANTIDE/000-099_S-ATLAS/020-029_Core-Aircraft-Systems/027_Flight-Control/027-320_Elevator-Powered-Actuation,https://github.com/AmedeoPelliccia/Q-plus-A/tree/main/01_OPTIONS_ARCHITECTURE/01-03_TECHNOLOGIES/01-03-01_Q%2BATLANTIDE/000-099_S-ATLAS/020-029_Core-Aircraft-Systems/027_Flight-Control/027-320_Elevator-Powered-Actuation
000-099,S-ATLAS,020-029,Core Aircraft Systems,027,Flight Control,027-330,330,Elevator Electrical System,027-330_Elevator-Electrical-System,01_OPTIONS_ARCHITECTURE/01-03_TECHNOLOGIES/01-03-01_Q+ATLANTIDE/000-099_S-ATLAS/020-029_Core-Aircraft-Systems/027_Flight-Control/027-330_Elevator-Electrical-System,https://github.com/AmedeoPelliccia/Q-plus-A/tree/main/01_OPTIONS_ARCHITECTURE/01-03_TECHNOLOGIES/01-03-01_Q%2BATLANTIDE/000-099_S-ATLAS/020-029_Core-Aircraft-Systems/027_Flight-Control/027-330_Elevator-Electrical-System
000-099,S-ATLAS,020-029,Core Aircraft Systems,027,Flight Control,027-360,360,Stall Warning and Protection,027-360_Stall-Warning-and-Protection,01_OPTIONS_ARCHITECTURE/01-03_TECHNOLOGIES/01-03-01_Q+ATLANTIDE/000-099_S-ATLAS/020-029_Core-Aircraft-Systems/027_Flight-Control/027-360_Stall-Warning-and-Protection,https://github.com/AmedeoPelliccia/Q-plus-A/tree/main/01_OPTIONS_ARCHITECTURE/01-03_TECHNOLOGIES/01-03-01_Q%2BATLANTIDE/000-099_S-ATLAS/020-029_Core-Aircraft-Systems/027_Flight-Control/027-360_Stall-Warning-and-Protection
000-099,S-ATLAS,020-029,Core Aircraft Systems,027,Flight Control,027-400,400,Horizontal Stabilizer,027-400_Horizontal-Stabilizer,01_OPTIONS_ARCHITECTURE/01-03_TECHNOLOGIES/01-03-01_Q+ATLANTIDE/000-099_S-ATLAS/020-029_Core-Aircraft-Systems/027_Flight-Control/027-400_Horizontal-Stabilizer,https://github.com/AmedeoPelliccia/Q-plus-A/tree/main/01_OPTIONS_ARCHITECTURE/01-03_TECHNOLOGIES/01-03-01_Q%2BATLANTIDE/000-099_S-ATLAS/020-029_Core-Aircraft-Systems/027_Flight-Control/027-400_Horizontal-Stabilizer
000-099,S-ATLAS,020-029,Core Aircraft Systems,027,Flight Control,027-410,410,Horizontal Stabilizer Mechanical Components,027-410_Horizontal-Stabilizer-Mechanical-Components,01_OPTIONS_ARCHITECTURE/01-03_TECHNOLOGIES/01-03-01_Q+ATLANTIDE/000-099_S-ATLAS/020-029_Core-Aircraft-Systems/027_Flight-Control/027-410_Horizontal-Stabilizer-Mechanical-Components,https://github.com/AmedeoPelliccia/Q-plus-A/tree/main/01_OPTIONS_ARCHITECTURE/01-03_TECHNOLOGIES/01-03-01_Q%2BATLANTIDE/000-099_S-ATLAS/020-029_Core-Aircraft-Systems/027_Flight-Control/027-410_Horizontal-Stabilizer-Mechanical-Components
000-099,S-ATLAS,020-029,Core Aircraft Systems,027,Flight Control,027-430,430,Horizontal Stabilizer Electrical System,027-430_Horizontal-Stabilizer-Electrical-System,01_OPTIONS_ARCHITECTURE/01-03_TECHNOLOGIES/01-03-01_Q+ATLANTIDE/000-099_S-ATLAS/020-029_Core-Aircraft-Systems/027_Flight-Control/027-430_Horizontal-Stabilizer-Electrical-System,https://github.com/AmedeoPelliccia/Q-plus-A/tree/main/01_OPTIONS_ARCHITECTURE/01-03_TECHNOLOGIES/01-03-01_Q%2BATLANTIDE/000-099_S-ATLAS/020-029_Core-Aircraft-Systems/027_Flight-Control/027-430_Horizontal-Stabilizer-Electrical-System
000-099,S-ATLAS,020-029,Core Aircraft Systems,027,Flight Control,027-500,500,Flap,027-500_Flap,01_OPTIONS_ARCHITECTURE/01-03_TECHNOLOGIES/01-03-01_Q+ATLANTIDE/000-099_S-ATLAS/020-029_Core-Aircraft-Systems/027_Flight-Control/027-500_Flap,https://github.com/AmedeoPelliccia/Q-plus-A/tree/main/01_OPTIONS_ARCHITECTURE/01-03_TECHNOLOGIES/01-03-01_Q%2BATLANTIDE/000-099_S-ATLAS/020-029_Core-Aircraft-Systems/027_Flight-Control/027-500_Flap
000-099,S-ATLAS,020-029,Core Aircraft Systems,027,Flight Control,027-510,510,Flap Mechanical Drive Line,027-510_Flap-Mechanical-Drive-Line,01_OPTIONS_ARCHITECTURE/01-03_TECHNOLOGIES/01-03-01_Q+ATLANTIDE/000-099_S-ATLAS/020-029_Core-Aircraft-Systems/027_Flight-Control/027-510_Flap-Mechanical-Drive-Line,https://github.com/AmedeoPelliccia/Q-plus-A/tree/main/01_OPTIONS_ARCHITECTURE/01-03_TECHNOLOGIES/01-03-01_Q%2BATLANTIDE/000-099_S-ATLAS/020-029_Core-Aircraft-Systems/027_Flight-Control/027-510_Flap-Mechanical-Drive-Line
000-099,S-ATLAS,020-029,Core Aircraft Systems,027,Flight Control,027-530,530,Flap Electrical System,027-530_Flap-Electrical-System,01_OPTIONS_ARCHITECTURE/01-03_TECHNOLOGIES/01-03-01_Q+ATLANTIDE/000-099_S-ATLAS/020-029_Core-Aircraft-Systems/027_Flight-Control/027-530_Flap-Electrical-System,https://github.com/AmedeoPelliccia/Q-plus-A/tree/main/01_OPTIONS_ARCHITECTURE/01-03_TECHNOLOGIES/01-03-01_Q%2BATLANTIDE/000-099_S-ATLAS/020-029_Core-Aircraft-Systems/027_Flight-Control/027-530_Flap-Electrical-System
000-099,S-ATLAS,020-029,Core Aircraft Systems,027,Flight Control,027-600,600,Spoilers and Air Brakes,027-600_Spoilers-and-Air-Brakes,01_OPTIONS_ARCHITECTURE/01-03_TECHNOLOGIES/01-03-01_Q+ATLANTIDE/000-099_S-ATLAS/020-029_Core-Aircraft-Systems/027_Flight-Control/027-600_Spoilers-and-Air-Brakes,https://github.com/AmedeoPelliccia/Q-plus-A/tree/main/01_OPTIONS_ARCHITECTURE/01-03_TECHNOLOGIES/01-03-01_Q%2BATLANTIDE/000-099_S-ATLAS/020-029_Core-Aircraft-Systems/027_Flight-Control/027-600_Spoilers-and-Air-Brakes
000-099,S-ATLAS,020-029,Core Aircraft Systems,027,Flight Control,027-610,610,Ground Spoiler Mechanical Components,027-610_Ground-Spoiler-Mechanical-Components,01_OPTIONS_ARCHITECTURE/01-03_TECHNOLOGIES/01-03-01_Q+ATLANTIDE/000-099_S-ATLAS/020-029_Core-Aircraft-Systems/027_Flight-Control/027-610_Ground-Spoiler-Mechanical-Components,https://github.com/AmedeoPelliccia/Q-plus-A/tree/main/01_OPTIONS_ARCHITECTURE/01-03_TECHNOLOGIES/01-03-01_Q%2BATLANTIDE/000-099_S-ATLAS/020-029_Core-Aircraft-Systems/027_Flight-Control/027-610_Ground-Spoiler-Mechanical-Components
000-099,S-ATLAS,020-029,Core Aircraft Systems,027,Flight Control,027-620,620,Ground Spoiler Powered Actuation,027-620_Ground-Spoiler-Powered-Actuation,01_OPTIONS_ARCHITECTURE/01-03_TECHNOLOGIES/01-03-01_Q+ATLANTIDE/000-099_S-ATLAS/020-029_Core-Aircraft-Systems/027_Flight-Control/027-620_Ground-Spoiler-Powered-Actuation,https://github.com/AmedeoPelliccia/Q-plus-A/tree/main/01_OPTIONS_ARCHITECTURE/01-03_TECHNOLOGIES/01-03-01_Q%2BATLANTIDE/000-099_S-ATLAS/020-029_Core-Aircraft-Systems/027_Flight-Control/027-620_Ground-Spoiler-Powered-Actuation
000-099,S-ATLAS,020-029,Core Aircraft Systems,027,Flight Control,027-630,630,Ground Spoiler Electrical System,027-630_Ground-Spoiler-Electrical-System,01_OPTIONS_ARCHITECTURE/01-03_TECHNOLOGIES/01-03-01_Q+ATLANTIDE/000-099_S-ATLAS/020-029_Core-Aircraft-Systems/027_Flight-Control/027-630_Ground-Spoiler-Electrical-System,https://github.com/AmedeoPelliccia/Q-plus-A/tree/main/01_OPTIONS_ARCHITECTURE/01-03_TECHNOLOGIES/01-03-01_Q%2BATLANTIDE/000-099_S-ATLAS/020-029_Core-Aircraft-Systems/027_Flight-Control/027-630_Ground-Spoiler-Electrical-System
000-099,S-ATLAS,020-029,Core Aircraft Systems,027,Flight Control,027-640,640,Multifunction Spoiler Mechanical Components,027-640_Multifunction-Spoiler-Mechanical-Components,01_OPTIONS_ARCHITECTURE/01-03_TECHNOLOGIES/01-03-01_Q+ATLANTIDE/000-099_S-ATLAS/020-029_Core-Aircraft-Systems/027_Flight-Control/027-640_Multifunction-Spoiler-Mechanical-Components,https://github.com/AmedeoPelliccia/Q-plus-A/tree/main/01_OPTIONS_ARCHITECTURE/01-03_TECHNOLOGIES/01-03-01_Q%2BATLANTIDE/000-099_S-ATLAS/020-029_Core-Aircraft-Systems/027_Flight-Control/027-640_Multifunction-Spoiler-Mechanical-Components
000-099,S-ATLAS,020-029,Core Aircraft Systems,027,Flight Control,027-650,650,Multifunction Spoiler Powered Actuation,027-650_Multifunction-Spoiler-Powered-Actuation,01_OPTIONS_ARCHITECTURE/01-03_TECHNOLOGIES/01-03-01_Q+ATLANTIDE/000-099_S-ATLAS/020-029_Core-Aircraft-Systems/027_Flight-Control/027-650_Multifunction-Spoiler-Powered-Actuation,https://github.com/AmedeoPelliccia/Q-plus-A/tree/main/01_OPTIONS_ARCHITECTURE/01-03_TECHNOLOGIES/01-03-01_Q%2BATLANTIDE/000-099_S-ATLAS/020-029_Core-Aircraft-Systems/027_Flight-Control/027-650_Multifunction-Spoiler-Powered-Actuation
000-099,S-ATLAS,020-029,Core Aircraft Systems,027,Flight Control,027-660,660,Multifunction Spoiler Electrical System,027-660_Multifunction-Spoiler-Electrical-System,01_OPTIONS_ARCHITECTURE/01-03_TECHNOLOGIES/01-03-01_Q+ATLANTIDE/000-099_S-ATLAS/020-029_Core-Aircraft-Systems/027_Flight-Control/027-660_Multifunction-Spoiler-Electrical-System,https://github.com/AmedeoPelliccia/Q-plus-A/tree/main/01_OPTIONS_ARCHITECTURE/01-03_TECHNOLOGIES/01-03-01_Q%2BATLANTIDE/000-099_S-ATLAS/020-029_Core-Aircraft-Systems/027_Flight-Control/027-660_Multifunction-Spoiler-Electrical-System
000-099,S-ATLAS,020-029,Core Aircraft Systems,027,Flight Control,027-670,670,Ventral Air Brake Mechanical Components,027-670_Ventral-Air-Brake-Mechanical-Components,01_OPTIONS_ARCHITECTURE/01-03_TECHNOLOGIES/01-03-01_Q+ATLANTIDE/000-099_S-ATLAS/020-029_Core-Aircraft-Systems/027_Flight-Control/027-670_Ventral-Air-Brake-Mechanical-Components,https://github.com/AmedeoPelliccia/Q-plus-A/tree/main/01_OPTIONS_ARCHITECTURE/01-03_TECHNOLOGIES/01-03-01_Q%2BATLANTIDE/000-099_S-ATLAS/020-029_Core-Aircraft-Systems/027_Flight-Control/027-670_Ventral-Air-Brake-Mechanical-Components
000-099,S-ATLAS,020-029,Core Aircraft Systems,027,Flight Control,027-680,680,Ventral Air Brake Powered Actuation,027-680_Ventral-Air-Brake-Powered-Actuation,01_OPTIONS_ARCHITECTURE/01-03_TECHNOLOGIES/01-03-01_Q+ATLANTIDE/000-099_S-ATLAS/020-029_Core-Aircraft-Systems/027_Flight-Control/027-680_Ventral-Air-Brake-Powered-Actuation,https://github.com/AmedeoPelliccia/Q-plus-A/tree/main/01_OPTIONS_ARCHITECTURE/01-03_TECHNOLOGIES/01-03-01_Q%2BATLANTIDE/000-099_S-ATLAS/020-029_Core-Aircraft-Systems/027_Flight-Control/027-680_Ventral-Air-Brake-Powered-Actuation
000-099,S-ATLAS,020-029,Core Aircraft Systems,027,Flight Control,027-690,690,Ventral Air Brake Electrical System,027-690_Ventral-Air-Brake-Electrical-System,01_OPTIONS_ARCHITECTURE/01-03_TECHNOLOGIES/01-03-01_Q+ATLANTIDE/000-099_S-ATLAS/020-029_Core-Aircraft-Systems/027_Flight-Control/027-690_Ventral-Air-Brake-Electrical-System,https://github.com/AmedeoPelliccia/Q-plus-A/tree/main/01_OPTIONS_ARCHITECTURE/01-03_TECHNOLOGIES/01-03-01_Q%2BATLANTIDE/000-099_S-ATLAS/020-029_Core-Aircraft-Systems/027_Flight-Control/027-690_Ventral-Air-Brake-Electrical-System
000-099,S-ATLAS,020-029,Core Aircraft Systems,027,Flight Control,027-800,800,Slat,027-800_Slat,01_OPTIONS_ARCHITECTURE/01-03_TECHNOLOGIES/01-03-01_Q+ATLANTIDE/000-099_S-ATLAS/020-029_Core-Aircraft-Systems/027_Flight-Control/027-800_Slat,https://github.com/AmedeoPelliccia/Q-plus-A/tree/main/01_OPTIONS_ARCHITECTURE/01-03_TECHNOLOGIES/01-03-01_Q%2BATLANTIDE/000-099_S-ATLAS/020-029_Core-Aircraft-Systems/027_Flight-Control/027-800_Slat
000-099,S-ATLAS,020-029,Core Aircraft Systems,027,Flight Control,027-810,810,Slat Mechanical Components,027-810_Slat-Mechanical-Components,01_OPTIONS_ARCHITECTURE/01-03_TECHNOLOGIES/01-03-01_Q+ATLANTIDE/000-099_S-ATLAS/020-029_Core-Aircraft-Systems/027_Flight-Control/027-810_Slat-Mechanical-Components,https://github.com/AmedeoPelliccia/Q-plus-A/tree/main/01_OPTIONS_ARCHITECTURE/01-03_TECHNOLOGIES/01-03-01_Q%2BATLANTIDE/000-099_S-ATLAS/020-029_Core-Aircraft-Systems/027_Flight-Control/027-810_Slat-Mechanical-Components
000-099,S-ATLAS,020-029,Core Aircraft Systems,027,Flight Control,027-830,830,Slat Electrical System,027-830_Slat-Electrical-System,01_OPTIONS_ARCHITECTURE/01-03_TECHNOLOGIES/01-03-01_Q+ATLANTIDE/000-099_S-ATLAS/020-029_Core-Aircraft-Systems/027_Flight-Control/027-830_Slat-Electrical-System,https://github.com/AmedeoPelliccia/Q-plus-A/tree/main/01_OPTIONS_ARCHITECTURE/01-03_TECHNOLOGIES/01-03-01_Q%2BATLANTIDE/000-099_S-ATLAS/020-029_Core-Aircraft-Systems/027_Flight-Control/027-830_Slat-Electrical-System
000-099,S-ATLAS,020-029,Core Aircraft Systems,027,Flight Control,027-900,900,More Electric Flight Control Actuation,027-900_More-Electric-Flight-Control-Actuation,01_OPTIONS_ARCHITECTURE/01-03_TECHNOLOGIES/01-03-01_Q+ATLANTIDE/000-099_S-ATLAS/020-029_Core-Aircraft-Systems/027_Flight-Control/027-900_More-Electric-Flight-Control-Actuation,https://github.com/AmedeoPelliccia/Q-plus-A/tree/main/01_OPTIONS_ARCHITECTURE/01-03_TECHNOLOGIES/01-03-01_Q%2BATLANTIDE/000-099_S-ATLAS/020-029_Core-Aircraft-Systems/027_Flight-Control/027-900_More-Electric-Flight-Control-Actuation
000-099,S-ATLAS,020-029,Core Aircraft Systems,028,Energy Carrier Storage and Distribution,028-000,000,General,028-000_General,01_OPTIONS_ARCHITECTURE/01-03_TECHNOLOGIES/01-03-01_Q+ATLANTIDE/000-099_S-ATLAS/020-029_Core-Aircraft-Systems/028_Energy-Carrier-Storage-and-Distribution/028-000_General,https://github.com/AmedeoPelliccia/Q-plus-A/tree/main/01_OPTIONS_ARCHITECTURE/01-03_TECHNOLOGIES/01-03-01_Q%2BATLANTIDE/000-099_S-ATLAS/020-029_Core-Aircraft-Systems/028_Energy-Carrier-Storage-and-Distribution/028-000_General
000-099,S-ATLAS,020-029,Core Aircraft Systems,028,Energy Carrier Storage and Distribution,028-100,100,Energy Carrier Storage,028-100_Energy-Carrier-Storage,01_OPTIONS_ARCHITECTURE/01-03_TECHNOLOGIES/01-03-01_Q+ATLANTIDE/000-099_S-ATLAS/020-029_Core-Aircraft-Systems/028_Energy-Carrier-Storage-and-Distribution/028-100_Energy-Carrier-Storage,https://github.com/AmedeoPelliccia/Q-plus-A/tree/main/01_OPTIONS_ARCHITECTURE/01-03_TECHNOLOGIES/01-03-01_Q%2BATLANTIDE/000-099_S-ATLAS/020-029_Core-Aircraft-Systems/028_Energy-Carrier-Storage-and-Distribution/028-100_Energy-Carrier-Storage
000-099,S-ATLAS,020-029,Core Aircraft Systems,028,Energy Carrier Storage and Distribution,028-110,110,Primary Storage Unit,028-110_Primary-Storage-Unit,01_OPTIONS_ARCHITECTURE/01-03_TECHNOLOGIES/01-03-01_Q+ATLANTIDE/000-099_S-ATLAS/020-029_Core-Aircraft-Systems/028_Energy-Carrier-Storage-and-Distribution/028-110_Primary-Storage-Unit,https://github.com/AmedeoPelliccia/Q-plus-A/tree/main/01_OPTIONS_ARCHITECTURE/01-03_TECHNOLOGIES/01-03-01_Q%2BATLANTIDE/000-099_S-ATLAS/020-029_Core-Aircraft-Systems/028_Energy-Carrier-Storage-and-Distribution/028-110_Primary-Storage-Unit
000-099,S-ATLAS,020-029,Core Aircraft Systems,028,Energy Carrier Storage and Distribution,028-120,120,Storage Venting Conditioning,028-120_Storage-Venting-Conditioning,01_OPTIONS_ARCHITECTURE/01-03_TECHNOLOGIES/01-03-01_Q+ATLANTIDE/000-099_S-ATLAS/020-029_Core-Aircraft-Systems/028_Energy-Carrier-Storage-and-Distribution/028-120_Storage-Venting-Conditioning,https://github.com/AmedeoPelliccia/Q-plus-A/tree/main/01_OPTIONS_ARCHITECTURE/01-03_TECHNOLOGIES/01-03-01_Q%2BATLANTIDE/000-099_S-ATLAS/020-029_Core-Aircraft-Systems/028_Energy-Carrier-Storage-and-Distribution/028-120_Storage-Venting-Conditioning
000-099,S-ATLAS,020-029,Core Aircraft Systems,028,Energy Carrier Storage and Distribution,028-130,130,Auxiliary Storage Unit,028-130_Auxiliary-Storage-Unit,01_OPTIONS_ARCHITECTURE/01-03_TECHNOLOGIES/01-03-01_Q+ATLANTIDE/000-099_S-ATLAS/020-029_Core-Aircraft-Systems/028_Energy-Carrier-Storage-and-Distribution/028-130_Auxiliary-Storage-Unit,https://github.com/AmedeoPelliccia/Q-plus-A/tree/main/01_OPTIONS_ARCHITECTURE/01-03_TECHNOLOGIES/01-03-01_Q%2BATLANTIDE/000-099_S-ATLAS/020-029_Core-Aircraft-Systems/028_Energy-Carrier-Storage-and-Distribution/028-130_Auxiliary-Storage-Unit
000-099,S-ATLAS,020-029,Core Aircraft Systems,028,Energy Carrier Storage and Distribution,028-140,140,Auxiliary Storage Venting Conditioning,028-140_Auxiliary-Storage-Venting-Conditioning,01_OPTIONS_ARCHITECTURE/01-03_TECHNOLOGIES/01-03-01_Q+ATLANTIDE/000-099_S-ATLAS/020-029_Core-Aircraft-Systems/028_Energy-Carrier-Storage-and-Distribution/028-140_Auxiliary-Storage-Venting-Conditioning,https://github.com/AmedeoPelliccia/Q-plus-A/tree/main/01_OPTIONS_ARCHITECTURE/01-03_TECHNOLOGIES/01-03-01_Q%2BATLANTIDE/000-099_S-ATLAS/020-029_Core-Aircraft-Systems/028_Energy-Carrier-Storage-and-Distribution/028-140_Auxiliary-Storage-Venting-Conditioning
000-099,S-ATLAS,020-029,Core Aircraft Systems,028,Energy Carrier Storage and Distribution,028-200,200,Energy Carrier Distribution,028-200_Energy-Carrier-Distribution,01_OPTIONS_ARCHITECTURE/01-03_TECHNOLOGIES/01-03-01_Q+ATLANTIDE/000-099_S-ATLAS/020-029_Core-Aircraft-Systems/028_Energy-Carrier-Storage-and-Distribution/028-200_Energy-Carrier-Distribution,https://github.com/AmedeoPelliccia/Q-plus-A/tree/main/01_OPTIONS_ARCHITECTURE/01-03_TECHNOLOGIES/01-03-01_Q%2BATLANTIDE/000-099_S-ATLAS/020-029_Core-Aircraft-Systems/028_Energy-Carrier-Storage-and-Distribution/028-200_Energy-Carrier-Distribution
000-099,S-ATLAS,020-029,Core Aircraft Systems,028,Energy Carrier Storage and Distribution,028-210,210,Propulsion Feed Delivery,028-210_Propulsion-Feed-Delivery,01_OPTIONS_ARCHITECTURE/01-03_TECHNOLOGIES/01-03-01_Q+ATLANTIDE/000-099_S-ATLAS/020-029_Core-Aircraft-Systems/028_Energy-Carrier-Storage-and-Distribution/028-210_Propulsion-Feed-Delivery,https://github.com/AmedeoPelliccia/Q-plus-A/tree/main/01_OPTIONS_ARCHITECTURE/01-03_TECHNOLOGIES/01-03-01_Q%2BATLANTIDE/000-099_S-ATLAS/020-029_Core-Aircraft-Systems/028_Energy-Carrier-Storage-and-Distribution/028-210_Propulsion-Feed-Delivery
000-099,S-ATLAS,020-029,Core Aircraft Systems,028,Energy Carrier Storage and Distribution,028-220,220,Auxiliary Power Feed Delivery,028-220_Auxiliary-Power-Feed-Delivery,01_OPTIONS_ARCHITECTURE/01-03_TECHNOLOGIES/01-03-01_Q+ATLANTIDE/000-099_S-ATLAS/020-029_Core-Aircraft-Systems/028_Energy-Carrier-Storage-and-Distribution/028-220_Auxiliary-Power-Feed-Delivery,https://github.com/AmedeoPelliccia/Q-plus-A/tree/main/01_OPTIONS_ARCHITECTURE/01-03_TECHNOLOGIES/01-03-01_Q%2BATLANTIDE/000-099_S-ATLAS/020-029_Core-Aircraft-Systems/028_Energy-Carrier-Storage-and-Distribution/028-220_Auxiliary-Power-Feed-Delivery
000-099,S-ATLAS,020-029,Core Aircraft Systems,028,Energy Carrier Storage and Distribution,028-230,230,Pressure Replenishment,028-230_Pressure-Replenishment,01_OPTIONS_ARCHITECTURE/01-03_TECHNOLOGIES/01-03-01_Q+ATLANTIDE/000-099_S-ATLAS/020-029_Core-Aircraft-Systems/028_Energy-Carrier-Storage-and-Distribution/028-230_Pressure-Replenishment,https://github.com/AmedeoPelliccia/Q-plus-A/tree/main/01_OPTIONS_ARCHITECTURE/01-03_TECHNOLOGIES/01-03-01_Q%2BATLANTIDE/000-099_S-ATLAS/020-029_Core-Aircraft-Systems/028_Energy-Carrier-Storage-and-Distribution/028-230_Pressure-Replenishment
000-099,S-ATLAS,020-029,Core Aircraft Systems,028,Energy Carrier Storage and Distribution,028-240,240,Gravity Manual Replenishment,028-240_Gravity-Manual-Replenishment,01_OPTIONS_ARCHITECTURE/01-03_TECHNOLOGIES/01-03-01_Q+ATLANTIDE/000-099_S-ATLAS/020-029_Core-Aircraft-Systems/028_Energy-Carrier-Storage-and-Distribution/028-240_Gravity-Manual-Replenishment,https://github.com/AmedeoPelliccia/Q-plus-A/tree/main/01_OPTIONS_ARCHITECTURE/01-03_TECHNOLOGIES/01-03-01_Q%2BATLANTIDE/000-099_S-ATLAS/020-029_Core-Aircraft-Systems/028_Energy-Carrier-Storage-and-Distribution/028-240_Gravity-Manual-Replenishment
000-099,S-ATLAS,020-029,Core Aircraft Systems,028,Energy Carrier Storage and Distribution,028-250,250,Energy Pump Converter Wiring Connectors,028-250_Energy-Pump-Converter-Wiring-Connectors,01_OPTIONS_ARCHITECTURE/01-03_TECHNOLOGIES/01-03-01_Q+ATLANTIDE/000-099_S-ATLAS/020-029_Core-Aircraft-Systems/028_Energy-Carrier-Storage-and-Distribution/028-250_Energy-Pump-Converter-Wiring-Connectors,https://github.com/AmedeoPelliccia/Q-plus-A/tree/main/01_OPTIONS_ARCHITECTURE/01-03_TECHNOLOGIES/01-03-01_Q%2BATLANTIDE/000-099_S-ATLAS/020-029_Core-Aircraft-Systems/028_Energy-Carrier-Storage-and-Distribution/028-250_Energy-Pump-Converter-Wiring-Connectors
000-099,S-ATLAS,020-029,Core Aircraft Systems,028,Energy Carrier Storage and Distribution,028-260,260,Energy Transfer and Balancing,028-260_Energy-Transfer-and-Balancing,01_OPTIONS_ARCHITECTURE/01-03_TECHNOLOGIES/01-03-01_Q+ATLANTIDE/000-099_S-ATLAS/020-029_Core-Aircraft-Systems/028_Energy-Carrier-Storage-and-Distribution/028-260_Energy-Transfer-and-Balancing,https://github.com/AmedeoPelliccia/Q-plus-A/tree/main/01_OPTIONS_ARCHITECTURE/01-03_TECHNOLOGIES/01-03-01_Q%2BATLANTIDE/000-099_S-ATLAS/020-029_Core-Aircraft-Systems/028_Energy-Carrier-Storage-and-Distribution/028-260_Energy-Transfer-and-Balancing
000-099,S-ATLAS,020-029,Core Aircraft Systems,028,Energy Carrier Storage and Distribution,028-400,400,Energy Carrier Quantity and State Indication,028-400_Energy-Carrier-Quantity-and-State-Indication,01_OPTIONS_ARCHITECTURE/01-03_TECHNOLOGIES/01-03-01_Q+ATLANTIDE/000-099_S-ATLAS/020-029_Core-Aircraft-Systems/028_Energy-Carrier-Storage-and-Distribution/028-400_Energy-Carrier-Quantity-and-State-Indication,https://github.com/AmedeoPelliccia/Q-plus-A/tree/main/01_OPTIONS_ARCHITECTURE/01-03_TECHNOLOGIES/01-03-01_Q%2BATLANTIDE/000-099_S-ATLAS/020-029_Core-Aircraft-Systems/028_Energy-Carrier-Storage-and-Distribution/028-400_Energy-Carrier-Quantity-and-State-Indication
000-099,S-ATLAS,020-029,Core Aircraft Systems,028,Energy Carrier Storage and Distribution,028-410,410,Electrical Quantity State Indication SoC,028-410_Electrical-Quantity-State-Indication-SoC,01_OPTIONS_ARCHITECTURE/01-03_TECHNOLOGIES/01-03-01_Q+ATLANTIDE/000-099_S-ATLAS/020-029_Core-Aircraft-Systems/028_Energy-Carrier-Storage-and-Distribution/028-410_Electrical-Quantity-State-Indication-SoC,https://github.com/AmedeoPelliccia/Q-plus-A/tree/main/01_OPTIONS_ARCHITECTURE/01-03_TECHNOLOGIES/01-03-01_Q%2BATLANTIDE/000-099_S-ATLAS/020-029_Core-Aircraft-Systems/028_Energy-Carrier-Storage-and-Distribution/028-410_Electrical-Quantity-State-Indication-SoC
000-099,S-ATLAS,020-029,Core Aircraft Systems,028,Energy Carrier Storage and Distribution,028-420,420,Direct Level Indication,028-420_Direct-Level-Indication,01_OPTIONS_ARCHITECTURE/01-03_TECHNOLOGIES/01-03-01_Q+ATLANTIDE/000-099_S-ATLAS/020-029_Core-Aircraft-Systems/028_Energy-Carrier-Storage-and-Distribution/028-420_Direct-Level-Indication,https://github.com/AmedeoPelliccia/Q-plus-A/tree/main/01_OPTIONS_ARCHITECTURE/01-03_TECHNOLOGIES/01-03-01_Q%2BATLANTIDE/000-099_S-ATLAS/020-029_Core-Aircraft-Systems/028_Energy-Carrier-Storage-and-Distribution/028-420_Direct-Level-Indication
000-099,S-ATLAS,020-029,Core Aircraft Systems,028,Energy Carrier Storage and Distribution,028-430,430,Energy Carrier Temperature Indication,028-430_Energy-Carrier-Temperature-Indication,01_OPTIONS_ARCHITECTURE/01-03_TECHNOLOGIES/01-03-01_Q+ATLANTIDE/000-099_S-ATLAS/020-029_Core-Aircraft-Systems/028_Energy-Carrier-Storage-and-Distribution/028-430_Energy-Carrier-Temperature-Indication,https://github.com/AmedeoPelliccia/Q-plus-A/tree/main/01_OPTIONS_ARCHITECTURE/01-03_TECHNOLOGIES/01-03-01_Q%2BATLANTIDE/000-099_S-ATLAS/020-029_Core-Aircraft-Systems/028_Energy-Carrier-Storage-and-Distribution/028-430_Energy-Carrier-Temperature-Indication
000-099,S-ATLAS,020-029,Core Aircraft Systems,028,Energy Carrier Storage and Distribution,028-440,440,Low Energy Level Warning,028-440_Low-Energy-Level-Warning,01_OPTIONS_ARCHITECTURE/01-03_TECHNOLOGIES/01-03-01_Q+ATLANTIDE/000-099_S-ATLAS/020-029_Core-Aircraft-Systems/028_Energy-Carrier-Storage-and-Distribution/028-440_Low-Energy-Level-Warning,https://github.com/AmedeoPelliccia/Q-plus-A/tree/main/01_OPTIONS_ARCHITECTURE/01-03_TECHNOLOGIES/01-03-01_Q%2BATLANTIDE/000-099_S-ATLAS/020-029_Core-Aircraft-Systems/028_Energy-Carrier-Storage-and-Distribution/028-440_Low-Energy-Level-Warning
000-099,S-ATLAS,020-029,Core Aircraft Systems,028,Energy Carrier Storage and Distribution,028-900,900,Energy Carrier Management,028-900_Energy-Carrier-Management,01_OPTIONS_ARCHITECTURE/01-03_TECHNOLOGIES/01-03-01_Q+ATLANTIDE/000-099_S-ATLAS/020-029_Core-Aircraft-Systems/028_Energy-Carrier-Storage-and-Distribution/028-900_Energy-Carrier-Management,https://github.com/AmedeoPelliccia/Q-plus-A/tree/main/01_OPTIONS_ARCHITECTURE/01-03_TECHNOLOGIES/01-03-01_Q%2BATLANTIDE/000-099_S-ATLAS/020-029_Core-Aircraft-Systems/028_Energy-Carrier-Storage-and-Distribution/028-900_Energy-Carrier-Management
000-099,S-ATLAS,020-029,Core Aircraft Systems,029,Actuation and Utility Power,029-000,000,General,029-000_General,01_OPTIONS_ARCHITECTURE/01-03_TECHNOLOGIES/01-03-01_Q+ATLANTIDE/000-099_S-ATLAS/020-029_Core-Aircraft-Systems/029_Actuation-and-Utility-Power/029-000_General,https://github.com/AmedeoPelliccia/Q-plus-A/tree/main/01_OPTIONS_ARCHITECTURE/01-03_TECHNOLOGIES/01-03-01_Q%2BATLANTIDE/000-099_S-ATLAS/020-029_Core-Aircraft-Systems/029_Actuation-and-Utility-Power/029-000_General
000-099,S-ATLAS,020-029,Core Aircraft Systems,029,Actuation and Utility Power,029-100,100,Main Power Generation,029-100_Main-Power-Generation,01_OPTIONS_ARCHITECTURE/01-03_TECHNOLOGIES/01-03-01_Q+ATLANTIDE/000-099_S-ATLAS/020-029_Core-Aircraft-Systems/029_Actuation-and-Utility-Power/029-100_Main-Power-Generation,https://github.com/AmedeoPelliccia/Q-plus-A/tree/main/01_OPTIONS_ARCHITECTURE/01-03_TECHNOLOGIES/01-03-01_Q%2BATLANTIDE/000-099_S-ATLAS/020-029_Core-Aircraft-Systems/029_Actuation-and-Utility-Power/029-100_Main-Power-Generation
000-099,S-ATLAS,020-029,Core Aircraft Systems,029,Actuation and Utility Power,029-110,110,Primary Power Systems,029-110_Primary-Power-Systems,01_OPTIONS_ARCHITECTURE/01-03_TECHNOLOGIES/01-03-01_Q+ATLANTIDE/000-099_S-ATLAS/020-029_Core-Aircraft-Systems/029_Actuation-and-Utility-Power/029-110_Primary-Power-Systems,https://github.com/AmedeoPelliccia/Q-plus-A/tree/main/01_OPTIONS_ARCHITECTURE/01-03_TECHNOLOGIES/01-03-01_Q%2BATLANTIDE/000-099_S-ATLAS/020-029_Core-Aircraft-Systems/029_Actuation-and-Utility-Power/029-110_Primary-Power-Systems
000-099,S-ATLAS,020-029,Core Aircraft Systems,029,Actuation and Utility Power,029-120,120,Tertiary Power System,029-120_Tertiary-Power-System,01_OPTIONS_ARCHITECTURE/01-03_TECHNOLOGIES/01-03-01_Q+ATLANTIDE/000-099_S-ATLAS/020-029_Core-Aircraft-Systems/029_Actuation-and-Utility-Power/029-120_Tertiary-Power-System,https://github.com/AmedeoPelliccia/Q-plus-A/tree/main/01_OPTIONS_ARCHITECTURE/01-03_TECHNOLOGIES/01-03-01_Q%2BATLANTIDE/000-099_S-ATLAS/020-029_Core-Aircraft-Systems/029_Actuation-and-Utility-Power/029-120_Tertiary-Power-System
000-099,S-ATLAS,020-029,Core Aircraft Systems,029,Actuation and Utility Power,029-130,130,Ground Service Connections,029-130_Ground-Service-Connections,01_OPTIONS_ARCHITECTURE/01-03_TECHNOLOGIES/01-03-01_Q+ATLANTIDE/000-099_S-ATLAS/020-029_Core-Aircraft-Systems/029_Actuation-and-Utility-Power/029-130_Ground-Service-Connections,https://github.com/AmedeoPelliccia/Q-plus-A/tree/main/01_OPTIONS_ARCHITECTURE/01-03_TECHNOLOGIES/01-03-01_Q%2BATLANTIDE/000-099_S-ATLAS/020-029_Core-Aircraft-Systems/029_Actuation-and-Utility-Power/029-130_Ground-Service-Connections
000-099,S-ATLAS,020-029,Core Aircraft Systems,029,Actuation and Utility Power,029-300,300,Indicating,029-300_Indicating,01_OPTIONS_ARCHITECTURE/01-03_TECHNOLOGIES/01-03-01_Q+ATLANTIDE/000-099_S-ATLAS/020-029_Core-Aircraft-Systems/029_Actuation-and-Utility-Power/029-300_Indicating,https://github.com/AmedeoPelliccia/Q-plus-A/tree/main/01_OPTIONS_ARCHITECTURE/01-03_TECHNOLOGIES/01-03-01_Q%2BATLANTIDE/000-099_S-ATLAS/020-029_Core-Aircraft-Systems/029_Actuation-and-Utility-Power/029-300_Indicating
000-099,S-ATLAS,020-029,Core Aircraft Systems,029,Actuation and Utility Power,029-310,310,Pressure State Indicating,029-310_Pressure-State-Indicating,01_OPTIONS_ARCHITECTURE/01-03_TECHNOLOGIES/01-03-01_Q+ATLANTIDE/000-099_S-ATLAS/020-029_Core-Aircraft-Systems/029_Actuation-and-Utility-Power/029-310_Pressure-State-Indicating,https://github.com/AmedeoPelliccia/Q-plus-A/tree/main/01_OPTIONS_ARCHITECTURE/01-03_TECHNOLOGIES/01-03-01_Q%2BATLANTIDE/000-099_S-ATLAS/020-029_Core-Aircraft-Systems/029_Actuation-and-Utility-Power/029-310_Pressure-State-Indicating
000-099,S-ATLAS,020-029,Core Aircraft Systems,029,Actuation and Utility Power,029-320,320,Quantity Indicating,029-320_Quantity-Indicating,01_OPTIONS_ARCHITECTURE/01-03_TECHNOLOGIES/01-03-01_Q+ATLANTIDE/000-099_S-ATLAS/020-029_Core-Aircraft-Systems/029_Actuation-and-Utility-Power/029-320_Quantity-Indicating,https://github.com/AmedeoPelliccia/Q-plus-A/tree/main/01_OPTIONS_ARCHITECTURE/01-03_TECHNOLOGIES/01-03-01_Q%2BATLANTIDE/000-099_S-ATLAS/020-029_Core-Aircraft-Systems/029_Actuation-and-Utility-Power/029-320_Quantity-Indicating
000-099,S-ATLAS,020-029,Core Aircraft Systems,029,Actuation and Utility Power,029-330,330,Temperature Indicating,029-330_Temperature-Indicating,01_OPTIONS_ARCHITECTURE/01-03_TECHNOLOGIES/01-03-01_Q+ATLANTIDE/000-099_S-ATLAS/020-029_Core-Aircraft-Systems/029_Actuation-and-Utility-Power/029-330_Temperature-Indicating,https://github.com/AmedeoPelliccia/Q-plus-A/tree/main/01_OPTIONS_ARCHITECTURE/01-03_TECHNOLOGIES/01-03-01_Q%2BATLANTIDE/000-099_S-ATLAS/020-029_Core-Aircraft-Systems/029_Actuation-and-Utility-Power/029-330_Temperature-Indicating
000-099,S-ATLAS,020-029,Core Aircraft Systems,029,Actuation and Utility Power,029-900,900,Distributed Electric Actuation and Utility Power,029-900_Distributed-Electric-Actuation-and-Utility-Power,01_OPTIONS_ARCHITECTURE/01-03_TECHNOLOGIES/01-03-01_Q+ATLANTIDE/000-099_S-ATLAS/020-029_Core-Aircraft-Systems/029_Actuation-and-Utility-Power/029-900_Distributed-Electric-Actuation-and-Utility-Power,https://github.com/AmedeoPelliccia/Q-plus-A/tree/main/01_OPTIONS_ARCHITECTURE/01-03_TECHNOLOGIES/01-03-01_Q%2BATLANTIDE/000-099_S-ATLAS/020-029_Core-Aircraft-Systems/029_Actuation-and-Utility-Power/029-900_Distributed-Electric-Actuation-and-Utility-Power
000-099,S-ATLAS,030-039,Protection and Mechanical Systems,030,Ice and Rain Protection,030-000,000,General,030-000_General,01_OPTIONS_ARCHITECTURE/01-03_TECHNOLOGIES/01-03-01_Q+ATLANTIDE/000-099_S-ATLAS/030-039_Protection-and-Mechanical-Systems/030_Ice-and-Rain-Protection/030-000_General,https://github.com/AmedeoPelliccia/Q-plus-A/tree/main/01_OPTIONS_ARCHITECTURE/01-03_TECHNOLOGIES/01-03-01_Q%2BATLANTIDE/000-099_S-ATLAS/030-039_Protection-and-Mechanical-Systems/030_Ice-and-Rain-Protection/030-000_General
000-099,S-ATLAS,030-039,Protection and Mechanical Systems,030,Ice and Rain Protection,030-100,100,Airfoil Anti Ice,030-100_Airfoil-Anti-Ice,01_OPTIONS_ARCHITECTURE/01-03_TECHNOLOGIES/01-03-01_Q+ATLANTIDE/000-099_S-ATLAS/030-039_Protection-and-Mechanical-Systems/030_Ice-and-Rain-Protection/030-100_Airfoil-Anti-Ice,https://github.com/AmedeoPelliccia/Q-plus-A/tree/main/01_OPTIONS_ARCHITECTURE/01-03_TECHNOLOGIES/01-03-01_Q%2BATLANTIDE/000-099_S-ATLAS/030-039_Protection-and-Mechanical-Systems/030_Ice-and-Rain-Protection/030-100_Airfoil-Anti-Ice
000-099,S-ATLAS,030-039,Protection and Mechanical Systems,030,Ice and Rain Protection,030-110,110,Wing Anti Ice Electrothermal,030-110_Wing-Anti-Ice-Electrothermal,01_OPTIONS_ARCHITECTURE/01-03_TECHNOLOGIES/01-03-01_Q+ATLANTIDE/000-099_S-ATLAS/030-039_Protection-and-Mechanical-Systems/030_Ice-and-Rain-Protection/030-110_Wing-Anti-Ice-Electrothermal,https://github.com/AmedeoPelliccia/Q-plus-A/tree/main/01_OPTIONS_ARCHITECTURE/01-03_TECHNOLOGIES/01-03-01_Q%2BATLANTIDE/000-099_S-ATLAS/030-039_Protection-and-Mechanical-Systems/030_Ice-and-Rain-Protection/030-110_Wing-Anti-Ice-Electrothermal
000-099,S-ATLAS,030-039,Protection and Mechanical Systems,030,Ice and Rain Protection,030-200,200,Propulsion Module Inlet Anti Ice,030-200_Propulsion-Module-Inlet-Anti-Ice,01_OPTIONS_ARCHITECTURE/01-03_TECHNOLOGIES/01-03-01_Q+ATLANTIDE/000-099_S-ATLAS/030-039_Protection-and-Mechanical-Systems/030_Ice-and-Rain-Protection/030-200_Propulsion-Module-Inlet-Anti-Ice,https://github.com/AmedeoPelliccia/Q-plus-A/tree/main/01_OPTIONS_ARCHITECTURE/01-03_TECHNOLOGIES/01-03-01_Q%2BATLANTIDE/000-099_S-ATLAS/030-039_Protection-and-Mechanical-Systems/030_Ice-and-Rain-Protection/030-200_Propulsion-Module-Inlet-Anti-Ice
000-099,S-ATLAS,030-039,Protection and Mechanical Systems,030,Ice and Rain Protection,030-210,210,Propulsion Module Anti Ice Electric,030-210_Propulsion-Module-Anti-Ice-Electric,01_OPTIONS_ARCHITECTURE/01-03_TECHNOLOGIES/01-03-01_Q+ATLANTIDE/000-099_S-ATLAS/030-039_Protection-and-Mechanical-Systems/030_Ice-and-Rain-Protection/030-210_Propulsion-Module-Anti-Ice-Electric,https://github.com/AmedeoPelliccia/Q-plus-A/tree/main/01_OPTIONS_ARCHITECTURE/01-03_TECHNOLOGIES/01-03-01_Q%2BATLANTIDE/000-099_S-ATLAS/030-039_Protection-and-Mechanical-Systems/030_Ice-and-Rain-Protection/030-210_Propulsion-Module-Anti-Ice-Electric
000-099,S-ATLAS,030-039,Protection and Mechanical Systems,030,Ice and Rain Protection,030-300,300,Pitot and Static,030-300_Pitot-and-Static,01_OPTIONS_ARCHITECTURE/01-03_TECHNOLOGIES/01-03-01_Q+ATLANTIDE/000-099_S-ATLAS/030-039_Protection-and-Mechanical-Systems/030_Ice-and-Rain-Protection/030-300_Pitot-and-Static,https://github.com/AmedeoPelliccia/Q-plus-A/tree/main/01_OPTIONS_ARCHITECTURE/01-03_TECHNOLOGIES/01-03-01_Q%2BATLANTIDE/000-099_S-ATLAS/030-039_Protection-and-Mechanical-Systems/030_Ice-and-Rain-Protection/030-300_Pitot-and-Static
000-099,S-ATLAS,030-039,Protection and Mechanical Systems,030,Ice and Rain Protection,030-310,310,Integrated Pitot Static AOA Sensor Heating,030-310_Integrated-Pitot-Static-AOA-Sensor-Heating,01_OPTIONS_ARCHITECTURE/01-03_TECHNOLOGIES/01-03-01_Q+ATLANTIDE/000-099_S-ATLAS/030-039_Protection-and-Mechanical-Systems/030_Ice-and-Rain-Protection/030-310_Integrated-Pitot-Static-AOA-Sensor-Heating,https://github.com/AmedeoPelliccia/Q-plus-A/tree/main/01_OPTIONS_ARCHITECTURE/01-03_TECHNOLOGIES/01-03-01_Q%2BATLANTIDE/000-099_S-ATLAS/030-039_Protection-and-Mechanical-Systems/030_Ice-and-Rain-Protection/030-310_Integrated-Pitot-Static-AOA-Sensor-Heating
000-099,S-ATLAS,030-039,Protection and Mechanical Systems,030,Ice and Rain Protection,030-320,320,Static Port Heating,030-320_Static-Port-Heating,01_OPTIONS_ARCHITECTURE/01-03_TECHNOLOGIES/01-03-01_Q+ATLANTIDE/000-099_S-ATLAS/030-039_Protection-and-Mechanical-Systems/030_Ice-and-Rain-Protection/030-320_Static-Port-Heating,https://github.com/AmedeoPelliccia/Q-plus-A/tree/main/01_OPTIONS_ARCHITECTURE/01-03_TECHNOLOGIES/01-03-01_Q%2BATLANTIDE/000-099_S-ATLAS/030-039_Protection-and-Mechanical-Systems/030_Ice-and-Rain-Protection/030-320_Static-Port-Heating
000-099,S-ATLAS,030-039,Protection and Mechanical Systems,030,Ice and Rain Protection,030-330,330,TAT Sensor Heating,030-330_TAT-Sensor-Heating,01_OPTIONS_ARCHITECTURE/01-03_TECHNOLOGIES/01-03-01_Q+ATLANTIDE/000-099_S-ATLAS/030-039_Protection-and-Mechanical-Systems/030_Ice-and-Rain-Protection/030-330_TAT-Sensor-Heating,https://github.com/AmedeoPelliccia/Q-plus-A/tree/main/01_OPTIONS_ARCHITECTURE/01-03_TECHNOLOGIES/01-03-01_Q%2BATLANTIDE/000-099_S-ATLAS/030-039_Protection-and-Mechanical-Systems/030_Ice-and-Rain-Protection/030-330_TAT-Sensor-Heating
000-099,S-ATLAS,030-039,Protection and Mechanical Systems,030,Ice and Rain Protection,030-400,400,Windows Windshields and Doors,030-400_Windows-Windshields-and-Doors,01_OPTIONS_ARCHITECTURE/01-03_TECHNOLOGIES/01-03-01_Q+ATLANTIDE/000-099_S-ATLAS/030-039_Protection-and-Mechanical-Systems/030_Ice-and-Rain-Protection/030-400_Windows-Windshields-and-Doors,https://github.com/AmedeoPelliccia/Q-plus-A/tree/main/01_OPTIONS_ARCHITECTURE/01-03_TECHNOLOGIES/01-03-01_Q%2BATLANTIDE/000-099_S-ATLAS/030-039_Protection-and-Mechanical-Systems/030_Ice-and-Rain-Protection/030-400_Windows-Windshields-and-Doors
000-099,S-ATLAS,030-039,Protection and Mechanical Systems,030,Ice and Rain Protection,030-410,410,Windshield Wiper,030-410_Windshield-Wiper,01_OPTIONS_ARCHITECTURE/01-03_TECHNOLOGIES/01-03-01_Q+ATLANTIDE/000-099_S-ATLAS/030-039_Protection-and-Mechanical-Systems/030_Ice-and-Rain-Protection/030-410_Windshield-Wiper,https://github.com/AmedeoPelliccia/Q-plus-A/tree/main/01_OPTIONS_ARCHITECTURE/01-03_TECHNOLOGIES/01-03-01_Q%2BATLANTIDE/000-099_S-ATLAS/030-039_Protection-and-Mechanical-Systems/030_Ice-and-Rain-Protection/030-410_Windshield-Wiper
000-099,S-ATLAS,030-039,Protection and Mechanical Systems,030,Ice and Rain Protection,030-420,420,Windshield Heating,030-420_Windshield-Heating,01_OPTIONS_ARCHITECTURE/01-03_TECHNOLOGIES/01-03-01_Q+ATLANTIDE/000-099_S-ATLAS/030-039_Protection-and-Mechanical-Systems/030_Ice-and-Rain-Protection/030-420_Windshield-Heating,https://github.com/AmedeoPelliccia/Q-plus-A/tree/main/01_OPTIONS_ARCHITECTURE/01-03_TECHNOLOGIES/01-03-01_Q%2BATLANTIDE/000-099_S-ATLAS/030-039_Protection-and-Mechanical-Systems/030_Ice-and-Rain-Protection/030-420_Windshield-Heating
000-099,S-ATLAS,030-039,Protection and Mechanical Systems,030,Ice and Rain Protection,030-430,430,Passenger Door Heating,030-430_Passenger-Door-Heating,01_OPTIONS_ARCHITECTURE/01-03_TECHNOLOGIES/01-03-01_Q+ATLANTIDE/000-099_S-ATLAS/030-039_Protection-and-Mechanical-Systems/030_Ice-and-Rain-Protection/030-430_Passenger-Door-Heating,https://github.com/AmedeoPelliccia/Q-plus-A/tree/main/01_OPTIONS_ARCHITECTURE/01-03_TECHNOLOGIES/01-03-01_Q%2BATLANTIDE/000-099_S-ATLAS/030-039_Protection-and-Mechanical-Systems/030_Ice-and-Rain-Protection/030-430_Passenger-Door-Heating
000-099,S-ATLAS,030-039,Protection and Mechanical Systems,030,Ice and Rain Protection,030-440,440,EFVS Window Heating,030-440_EFVS-Window-Heating,01_OPTIONS_ARCHITECTURE/01-03_TECHNOLOGIES/01-03-01_Q+ATLANTIDE/000-099_S-ATLAS/030-039_Protection-and-Mechanical-Systems/030_Ice-and-Rain-Protection/030-440_EFVS-Window-Heating,https://github.com/AmedeoPelliccia/Q-plus-A/tree/main/01_OPTIONS_ARCHITECTURE/01-03_TECHNOLOGIES/01-03-01_Q%2BATLANTIDE/000-099_S-ATLAS/030-039_Protection-and-Mechanical-Systems/030_Ice-and-Rain-Protection/030-440_EFVS-Window-Heating
000-099,S-ATLAS,030-039,Protection and Mechanical Systems,030,Ice and Rain Protection,030-700,700,Water Waste Line Freeze Protection,030-700_Water-Waste-Line-Freeze-Protection,01_OPTIONS_ARCHITECTURE/01-03_TECHNOLOGIES/01-03-01_Q+ATLANTIDE/000-099_S-ATLAS/030-039_Protection-and-Mechanical-Systems/030_Ice-and-Rain-Protection/030-700_Water-Waste-Line-Freeze-Protection,https://github.com/AmedeoPelliccia/Q-plus-A/tree/main/01_OPTIONS_ARCHITECTURE/01-03_TECHNOLOGIES/01-03-01_Q%2BATLANTIDE/000-099_S-ATLAS/030-039_Protection-and-Mechanical-Systems/030_Ice-and-Rain-Protection/030-700_Water-Waste-Line-Freeze-Protection
000-099,S-ATLAS,030-039,Protection and Mechanical Systems,030,Ice and Rain Protection,030-710,710,Potable Water Heating,030-710_Potable-Water-Heating,01_OPTIONS_ARCHITECTURE/01-03_TECHNOLOGIES/01-03-01_Q+ATLANTIDE/000-099_S-ATLAS/030-039_Protection-and-Mechanical-Systems/030_Ice-and-Rain-Protection/030-710_Potable-Water-Heating,https://github.com/AmedeoPelliccia/Q-plus-A/tree/main/01_OPTIONS_ARCHITECTURE/01-03_TECHNOLOGIES/01-03-01_Q%2BATLANTIDE/000-099_S-ATLAS/030-039_Protection-and-Mechanical-Systems/030_Ice-and-Rain-Protection/030-710_Potable-Water-Heating
000-099,S-ATLAS,030-039,Protection and Mechanical Systems,030,Ice and Rain Protection,030-720,720,Grey Water Heating,030-720_Grey-Water-Heating,01_OPTIONS_ARCHITECTURE/01-03_TECHNOLOGIES/01-03-01_Q+ATLANTIDE/000-099_S-ATLAS/030-039_Protection-and-Mechanical-Systems/030_Ice-and-Rain-Protection/030-720_Grey-Water-Heating,https://github.com/AmedeoPelliccia/Q-plus-A/tree/main/01_OPTIONS_ARCHITECTURE/01-03_TECHNOLOGIES/01-03-01_Q%2BATLANTIDE/000-099_S-ATLAS/030-039_Protection-and-Mechanical-Systems/030_Ice-and-Rain-Protection/030-720_Grey-Water-Heating
000-099,S-ATLAS,030-039,Protection and Mechanical Systems,030,Ice and Rain Protection,030-730,730,Recirculating WSP Valve Heating,030-730_Recirculating-WSP-Valve-Heating,01_OPTIONS_ARCHITECTURE/01-03_TECHNOLOGIES/01-03-01_Q+ATLANTIDE/000-099_S-ATLAS/030-039_Protection-and-Mechanical-Systems/030_Ice-and-Rain-Protection/030-730_Recirculating-WSP-Valve-Heating,https://github.com/AmedeoPelliccia/Q-plus-A/tree/main/01_OPTIONS_ARCHITECTURE/01-03_TECHNOLOGIES/01-03-01_Q%2BATLANTIDE/000-099_S-ATLAS/030-039_Protection-and-Mechanical-Systems/030_Ice-and-Rain-Protection/030-730_Recirculating-WSP-Valve-Heating
000-099,S-ATLAS,030-039,Protection and Mechanical Systems,030,Ice and Rain Protection,030-740,740,Vacuum Waste Heating,030-740_Vacuum-Waste-Heating,01_OPTIONS_ARCHITECTURE/01-03_TECHNOLOGIES/01-03-01_Q+ATLANTIDE/000-099_S-ATLAS/030-039_Protection-and-Mechanical-Systems/030_Ice-and-Rain-Protection/030-740_Vacuum-Waste-Heating,https://github.com/AmedeoPelliccia/Q-plus-A/tree/main/01_OPTIONS_ARCHITECTURE/01-03_TECHNOLOGIES/01-03-01_Q%2BATLANTIDE/000-099_S-ATLAS/030-039_Protection-and-Mechanical-Systems/030_Ice-and-Rain-Protection/030-740_Vacuum-Waste-Heating
000-099,S-ATLAS,030-039,Protection and Mechanical Systems,030,Ice and Rain Protection,030-800,800,Ice Detection,030-800_Ice-Detection,01_OPTIONS_ARCHITECTURE/01-03_TECHNOLOGIES/01-03-01_Q+ATLANTIDE/000-099_S-ATLAS/030-039_Protection-and-Mechanical-Systems/030_Ice-and-Rain-Protection/030-800_Ice-Detection,https://github.com/AmedeoPelliccia/Q-plus-A/tree/main/01_OPTIONS_ARCHITECTURE/01-03_TECHNOLOGIES/01-03-01_Q%2BATLANTIDE/000-099_S-ATLAS/030-039_Protection-and-Mechanical-Systems/030_Ice-and-Rain-Protection/030-800_Ice-Detection
000-099,S-ATLAS,030-039,Protection and Mechanical Systems,030,Ice and Rain Protection,030-810,810,Ice Detector,030-810_Ice-Detector,01_OPTIONS_ARCHITECTURE/01-03_TECHNOLOGIES/01-03-01_Q+ATLANTIDE/000-099_S-ATLAS/030-039_Protection-and-Mechanical-Systems/030_Ice-and-Rain-Protection/030-810_Ice-Detector,https://github.com/AmedeoPelliccia/Q-plus-A/tree/main/01_OPTIONS_ARCHITECTURE/01-03_TECHNOLOGIES/01-03-01_Q%2BATLANTIDE/000-099_S-ATLAS/030-039_Protection-and-Mechanical-Systems/030_Ice-and-Rain-Protection/030-810_Ice-Detector
000-099,S-ATLAS,030-039,Protection and Mechanical Systems,030,Ice and Rain Protection,030-820,820,Super Large Droplet Ice Detector,030-820_Super-Large-Droplet-Ice-Detector,01_OPTIONS_ARCHITECTURE/01-03_TECHNOLOGIES/01-03-01_Q+ATLANTIDE/000-099_S-ATLAS/030-039_Protection-and-Mechanical-Systems/030_Ice-and-Rain-Protection/030-820_Super-Large-Droplet-Ice-Detector,https://github.com/AmedeoPelliccia/Q-plus-A/tree/main/01_OPTIONS_ARCHITECTURE/01-03_TECHNOLOGIES/01-03-01_Q%2BATLANTIDE/000-099_S-ATLAS/030-039_Protection-and-Mechanical-Systems/030_Ice-and-Rain-Protection/030-820_Super-Large-Droplet-Ice-Detector
000-099,S-ATLAS,030-039,Protection and Mechanical Systems,030,Ice and Rain Protection,030-900,900,Bleedless Energy Integrated Ice Protection,030-900_Bleedless-Energy-Integrated-Ice-Protection,01_OPTIONS_ARCHITECTURE/01-03_TECHNOLOGIES/01-03-01_Q+ATLANTIDE/000-099_S-ATLAS/030-039_Protection-and-Mechanical-Systems/030_Ice-and-Rain-Protection/030-900_Bleedless-Energy-Integrated-Ice-Protection,https://github.com/AmedeoPelliccia/Q-plus-A/tree/main/01_OPTIONS_ARCHITECTURE/01-03_TECHNOLOGIES/01-03-01_Q%2BATLANTIDE/000-099_S-ATLAS/030-039_Protection-and-Mechanical-Systems/030_Ice-and-Rain-Protection/030-900_Bleedless-Energy-Integrated-Ice-Protection
000-099,S-ATLAS,030-039,Protection and Mechanical Systems,031,Indicating and Recording Systems,031-000,000,General,031-000_General,01_OPTIONS_ARCHITECTURE/01-03_TECHNOLOGIES/01-03-01_Q+ATLANTIDE/000-099_S-ATLAS/030-039_Protection-and-Mechanical-Systems/031_Indicating-and-Recording-Systems/031-000_General,https://github.com/AmedeoPelliccia/Q-plus-A/tree/main/01_OPTIONS_ARCHITECTURE/01-03_TECHNOLOGIES/01-03-01_Q%2BATLANTIDE/000-099_S-ATLAS/030-039_Protection-and-Mechanical-Systems/031_Indicating-and-Recording-Systems/031-000_General
000-099,S-ATLAS,030-039,Protection and Mechanical Systems,031,Indicating and Recording Systems,031-100,100,Instrument and Control Panels,031-100_Instrument-and-Control-Panels,01_OPTIONS_ARCHITECTURE/01-03_TECHNOLOGIES/01-03-01_Q+ATLANTIDE/000-099_S-ATLAS/030-039_Protection-and-Mechanical-Systems/031_Indicating-and-Recording-Systems/031-100_Instrument-and-Control-Panels,https://github.com/AmedeoPelliccia/Q-plus-A/tree/main/01_OPTIONS_ARCHITECTURE/01-03_TECHNOLOGIES/01-03-01_Q%2BATLANTIDE/000-099_S-ATLAS/030-039_Protection-and-Mechanical-Systems/031_Indicating-and-Recording-Systems/031-100_Instrument-and-Control-Panels
000-099,S-ATLAS,030-039,Protection and Mechanical Systems,031,Indicating and Recording Systems,031-110,110,Main Panel,031-110_Main-Panel,01_OPTIONS_ARCHITECTURE/01-03_TECHNOLOGIES/01-03-01_Q+ATLANTIDE/000-099_S-ATLAS/030-039_Protection-and-Mechanical-Systems/031_Indicating-and-Recording-Systems/031-110_Main-Panel,https://github.com/AmedeoPelliccia/Q-plus-A/tree/main/01_OPTIONS_ARCHITECTURE/01-03_TECHNOLOGIES/01-03-01_Q%2BATLANTIDE/000-099_S-ATLAS/030-039_Protection-and-Mechanical-Systems/031_Indicating-and-Recording-Systems/031-110_Main-Panel
000-099,S-ATLAS,030-039,Protection and Mechanical Systems,031,Indicating and Recording Systems,031-120,120,Glareshield Panel,031-120_Glareshield-Panel,01_OPTIONS_ARCHITECTURE/01-03_TECHNOLOGIES/01-03-01_Q+ATLANTIDE/000-099_S-ATLAS/030-039_Protection-and-Mechanical-Systems/031_Indicating-and-Recording-Systems/031-120_Glareshield-Panel,https://github.com/AmedeoPelliccia/Q-plus-A/tree/main/01_OPTIONS_ARCHITECTURE/01-03_TECHNOLOGIES/01-03-01_Q%2BATLANTIDE/000-099_S-ATLAS/030-039_Protection-and-Mechanical-Systems/031_Indicating-and-Recording-Systems/031-120_Glareshield-Panel
000-099,S-ATLAS,030-039,Protection and Mechanical Systems,031,Indicating and Recording Systems,031-130,130,Lighting Panel,031-130_Lighting-Panel,01_OPTIONS_ARCHITECTURE/01-03_TECHNOLOGIES/01-03-01_Q+ATLANTIDE/000-099_S-ATLAS/030-039_Protection-and-Mechanical-Systems/031_Indicating-and-Recording-Systems/031-130_Lighting-Panel,https://github.com/AmedeoPelliccia/Q-plus-A/tree/main/01_OPTIONS_ARCHITECTURE/01-03_TECHNOLOGIES/01-03-01_Q%2BATLANTIDE/000-099_S-ATLAS/030-039_Protection-and-Mechanical-Systems/031_Indicating-and-Recording-Systems/031-130_Lighting-Panel
000-099,S-ATLAS,030-039,Protection and Mechanical Systems,031,Indicating and Recording Systems,031-140,140,Pedestal Panel,031-140_Pedestal-Panel,01_OPTIONS_ARCHITECTURE/01-03_TECHNOLOGIES/01-03-01_Q+ATLANTIDE/000-099_S-ATLAS/030-039_Protection-and-Mechanical-Systems/031_Indicating-and-Recording-Systems/031-140_Pedestal-Panel,https://github.com/AmedeoPelliccia/Q-plus-A/tree/main/01_OPTIONS_ARCHITECTURE/01-03_TECHNOLOGIES/01-03-01_Q%2BATLANTIDE/000-099_S-ATLAS/030-039_Protection-and-Mechanical-Systems/031_Indicating-and-Recording-Systems/031-140_Pedestal-Panel
000-099,S-ATLAS,030-039,Protection and Mechanical Systems,031,Indicating and Recording Systems,031-150,150,Overhead Panel,031-150_Overhead-Panel,01_OPTIONS_ARCHITECTURE/01-03_TECHNOLOGIES/01-03-01_Q+ATLANTIDE/000-099_S-ATLAS/030-039_Protection-and-Mechanical-Systems/031_Indicating-and-Recording-Systems/031-150_Overhead-Panel,https://github.com/AmedeoPelliccia/Q-plus-A/tree/main/01_OPTIONS_ARCHITECTURE/01-03_TECHNOLOGIES/01-03-01_Q%2BATLANTIDE/000-099_S-ATLAS/030-039_Protection-and-Mechanical-Systems/031_Indicating-and-Recording-Systems/031-150_Overhead-Panel
000-099,S-ATLAS,030-039,Protection and Mechanical Systems,031,Indicating and Recording Systems,031-160,160,Circuit Breaker Panel,031-160_Circuit-Breaker-Panel,01_OPTIONS_ARCHITECTURE/01-03_TECHNOLOGIES/01-03-01_Q+ATLANTIDE/000-099_S-ATLAS/030-039_Protection-and-Mechanical-Systems/031_Indicating-and-Recording-Systems/031-160_Circuit-Breaker-Panel,https://github.com/AmedeoPelliccia/Q-plus-A/tree/main/01_OPTIONS_ARCHITECTURE/01-03_TECHNOLOGIES/01-03-01_Q%2BATLANTIDE/000-099_S-ATLAS/030-039_Protection-and-Mechanical-Systems/031_Indicating-and-Recording-Systems/031-160_Circuit-Breaker-Panel
000-099,S-ATLAS,030-039,Protection and Mechanical Systems,031,Indicating and Recording Systems,031-170,170,Multifunction Panel,031-170_Multifunction-Panel,01_OPTIONS_ARCHITECTURE/01-03_TECHNOLOGIES/01-03-01_Q+ATLANTIDE/000-099_S-ATLAS/030-039_Protection-and-Mechanical-Systems/031_Indicating-and-Recording-Systems/031-170_Multifunction-Panel,https://github.com/AmedeoPelliccia/Q-plus-A/tree/main/01_OPTIONS_ARCHITECTURE/01-03_TECHNOLOGIES/01-03-01_Q%2BATLANTIDE/000-099_S-ATLAS/030-039_Protection-and-Mechanical-Systems/031_Indicating-and-Recording-Systems/031-170_Multifunction-Panel
000-099,S-ATLAS,030-039,Protection and Mechanical Systems,031,Indicating and Recording Systems,031-200,200,Independent Instruments,031-200_Independent-Instruments,01_OPTIONS_ARCHITECTURE/01-03_TECHNOLOGIES/01-03-01_Q+ATLANTIDE/000-099_S-ATLAS/030-039_Protection-and-Mechanical-Systems/031_Indicating-and-Recording-Systems/031-200_Independent-Instruments,https://github.com/AmedeoPelliccia/Q-plus-A/tree/main/01_OPTIONS_ARCHITECTURE/01-03_TECHNOLOGIES/01-03-01_Q%2BATLANTIDE/000-099_S-ATLAS/030-039_Protection-and-Mechanical-Systems/031_Indicating-and-Recording-Systems/031-200_Independent-Instruments
000-099,S-ATLAS,030-039,Protection and Mechanical Systems,031,Indicating and Recording Systems,031-210,210,Clock,031-210_Clock,01_OPTIONS_ARCHITECTURE/01-03_TECHNOLOGIES/01-03-01_Q+ATLANTIDE/000-099_S-ATLAS/030-039_Protection-and-Mechanical-Systems/031_Indicating-and-Recording-Systems/031-210_Clock,https://github.com/AmedeoPelliccia/Q-plus-A/tree/main/01_OPTIONS_ARCHITECTURE/01-03_TECHNOLOGIES/01-03-01_Q%2BATLANTIDE/000-099_S-ATLAS/030-039_Protection-and-Mechanical-Systems/031_Indicating-and-Recording-Systems/031-210_Clock
000-099,S-ATLAS,030-039,Protection and Mechanical Systems,031,Indicating and Recording Systems,031-220,220,Chronometer,031-220_Chronometer,01_OPTIONS_ARCHITECTURE/01-03_TECHNOLOGIES/01-03-01_Q+ATLANTIDE/000-099_S-ATLAS/030-039_Protection-and-Mechanical-Systems/031_Indicating-and-Recording-Systems/031-220_Chronometer,https://github.com/AmedeoPelliccia/Q-plus-A/tree/main/01_OPTIONS_ARCHITECTURE/01-03_TECHNOLOGIES/01-03-01_Q%2BATLANTIDE/000-099_S-ATLAS/030-039_Protection-and-Mechanical-Systems/031_Indicating-and-Recording-Systems/031-220_Chronometer
000-099,S-ATLAS,030-039,Protection and Mechanical Systems,031,Indicating and Recording Systems,031-300,300,Recorders,031-300_Recorders,01_OPTIONS_ARCHITECTURE/01-03_TECHNOLOGIES/01-03-01_Q+ATLANTIDE/000-099_S-ATLAS/030-039_Protection-and-Mechanical-Systems/031_Indicating-and-Recording-Systems/031-300_Recorders,https://github.com/AmedeoPelliccia/Q-plus-A/tree/main/01_OPTIONS_ARCHITECTURE/01-03_TECHNOLOGIES/01-03-01_Q%2BATLANTIDE/000-099_S-ATLAS/030-039_Protection-and-Mechanical-Systems/031_Indicating-and-Recording-Systems/031-300_Recorders
000-099,S-ATLAS,030-039,Protection and Mechanical Systems,031,Indicating and Recording Systems,031-310,310,Digital Voice Data Recorder,031-310_Digital-Voice-Data-Recorder,01_OPTIONS_ARCHITECTURE/01-03_TECHNOLOGIES/01-03-01_Q+ATLANTIDE/000-099_S-ATLAS/030-039_Protection-and-Mechanical-Systems/031_Indicating-and-Recording-Systems/031-310_Digital-Voice-Data-Recorder,https://github.com/AmedeoPelliccia/Q-plus-A/tree/main/01_OPTIONS_ARCHITECTURE/01-03_TECHNOLOGIES/01-03-01_Q%2BATLANTIDE/000-099_S-ATLAS/030-039_Protection-and-Mechanical-Systems/031_Indicating-and-Recording-Systems/031-310_Digital-Voice-Data-Recorder
000-099,S-ATLAS,030-039,Protection and Mechanical Systems,031,Indicating and Recording Systems,031-320,320,Quick Access Recorder,031-320_Quick-Access-Recorder,01_OPTIONS_ARCHITECTURE/01-03_TECHNOLOGIES/01-03-01_Q+ATLANTIDE/000-099_S-ATLAS/030-039_Protection-and-Mechanical-Systems/031_Indicating-and-Recording-Systems/031-320_Quick-Access-Recorder,https://github.com/AmedeoPelliccia/Q-plus-A/tree/main/01_OPTIONS_ARCHITECTURE/01-03_TECHNOLOGIES/01-03-01_Q%2BATLANTIDE/000-099_S-ATLAS/030-039_Protection-and-Mechanical-Systems/031_Indicating-and-Recording-Systems/031-320_Quick-Access-Recorder
000-099,S-ATLAS,030-039,Protection and Mechanical Systems,031,Indicating and Recording Systems,031-400,400,Central Computers,031-400_Central-Computers,01_OPTIONS_ARCHITECTURE/01-03_TECHNOLOGIES/01-03-01_Q+ATLANTIDE/000-099_S-ATLAS/030-039_Protection-and-Mechanical-Systems/031_Indicating-and-Recording-Systems/031-400_Central-Computers,https://github.com/AmedeoPelliccia/Q-plus-A/tree/main/01_OPTIONS_ARCHITECTURE/01-03_TECHNOLOGIES/01-03-01_Q%2BATLANTIDE/000-099_S-ATLAS/030-039_Protection-and-Mechanical-Systems/031_Indicating-and-Recording-Systems/031-400_Central-Computers
000-099,S-ATLAS,030-039,Protection and Mechanical Systems,031,Indicating and Recording Systems,031-410,410,Modular Avionics Unit,031-410_Modular-Avionics-Unit,01_OPTIONS_ARCHITECTURE/01-03_TECHNOLOGIES/01-03-01_Q+ATLANTIDE/000-099_S-ATLAS/030-039_Protection-and-Mechanical-Systems/031_Indicating-and-Recording-Systems/031-410_Modular-Avionics-Unit,https://github.com/AmedeoPelliccia/Q-plus-A/tree/main/01_OPTIONS_ARCHITECTURE/01-03_TECHNOLOGIES/01-03-01_Q%2BATLANTIDE/000-099_S-ATLAS/030-039_Protection-and-Mechanical-Systems/031_Indicating-and-Recording-Systems/031-410_Modular-Avionics-Unit
000-099,S-ATLAS,030-039,Protection and Mechanical Systems,031,Indicating and Recording Systems,031-420,420,ASCB Bus,031-420_ASCB-Bus,01_OPTIONS_ARCHITECTURE/01-03_TECHNOLOGIES/01-03-01_Q+ATLANTIDE/000-099_S-ATLAS/030-039_Protection-and-Mechanical-Systems/031_Indicating-and-Recording-Systems/031-420_ASCB-Bus,https://github.com/AmedeoPelliccia/Q-plus-A/tree/main/01_OPTIONS_ARCHITECTURE/01-03_TECHNOLOGIES/01-03-01_Q%2BATLANTIDE/000-099_S-ATLAS/030-039_Protection-and-Mechanical-Systems/031_Indicating-and-Recording-Systems/031-420_ASCB-Bus
000-099,S-ATLAS,030-039,Protection and Mechanical Systems,031,Indicating and Recording Systems,031-430,430,General Purpose A429 Bus,031-430_General-Purpose-A429-Bus,01_OPTIONS_ARCHITECTURE/01-03_TECHNOLOGIES/01-03-01_Q+ATLANTIDE/000-099_S-ATLAS/030-039_Protection-and-Mechanical-Systems/031_Indicating-and-Recording-Systems/031-430_General-Purpose-A429-Bus,https://github.com/AmedeoPelliccia/Q-plus-A/tree/main/01_OPTIONS_ARCHITECTURE/01-03_TECHNOLOGIES/01-03-01_Q%2BATLANTIDE/000-099_S-ATLAS/030-039_Protection-and-Mechanical-Systems/031_Indicating-and-Recording-Systems/031-430_General-Purpose-A429-Bus
000-099,S-ATLAS,030-039,Protection and Mechanical Systems,031,Indicating and Recording Systems,031-500,500,Central Warning,031-500_Central-Warning,01_OPTIONS_ARCHITECTURE/01-03_TECHNOLOGIES/01-03-01_Q+ATLANTIDE/000-099_S-ATLAS/030-039_Protection-and-Mechanical-Systems/031_Indicating-and-Recording-Systems/031-500_Central-Warning,https://github.com/AmedeoPelliccia/Q-plus-A/tree/main/01_OPTIONS_ARCHITECTURE/01-03_TECHNOLOGIES/01-03-01_Q%2BATLANTIDE/000-099_S-ATLAS/030-039_Protection-and-Mechanical-Systems/031_Indicating-and-Recording-Systems/031-500_Central-Warning
000-099,S-ATLAS,030-039,Protection and Mechanical Systems,031,Indicating and Recording Systems,031-510,510,Aural Warning,031-510_Aural-Warning,01_OPTIONS_ARCHITECTURE/01-03_TECHNOLOGIES/01-03-01_Q+ATLANTIDE/000-099_S-ATLAS/030-039_Protection-and-Mechanical-Systems/031_Indicating-and-Recording-Systems/031-510_Aural-Warning,https://github.com/AmedeoPelliccia/Q-plus-A/tree/main/01_OPTIONS_ARCHITECTURE/01-03_TECHNOLOGIES/01-03-01_Q%2BATLANTIDE/000-099_S-ATLAS/030-039_Protection-and-Mechanical-Systems/031_Indicating-and-Recording-Systems/031-510_Aural-Warning
000-099,S-ATLAS,030-039,Protection and Mechanical Systems,031,Indicating and Recording Systems,031-520,520,Master Warning Caution,031-520_Master-Warning-Caution,01_OPTIONS_ARCHITECTURE/01-03_TECHNOLOGIES/01-03-01_Q+ATLANTIDE/000-099_S-ATLAS/030-039_Protection-and-Mechanical-Systems/031_Indicating-and-Recording-Systems/031-520_Master-Warning-Caution,https://github.com/AmedeoPelliccia/Q-plus-A/tree/main/01_OPTIONS_ARCHITECTURE/01-03_TECHNOLOGIES/01-03-01_Q%2BATLANTIDE/000-099_S-ATLAS/030-039_Protection-and-Mechanical-Systems/031_Indicating-and-Recording-Systems/031-520_Master-Warning-Caution
000-099,S-ATLAS,030-039,Protection and Mechanical Systems,031,Indicating and Recording Systems,031-530,530,Visual Warning Function CAS,031-530_Visual-Warning-Function-CAS,01_OPTIONS_ARCHITECTURE/01-03_TECHNOLOGIES/01-03-01_Q+ATLANTIDE/000-099_S-ATLAS/030-039_Protection-and-Mechanical-Systems/031_Indicating-and-Recording-Systems/031-530_Visual-Warning-Function-CAS,https://github.com/AmedeoPelliccia/Q-plus-A/tree/main/01_OPTIONS_ARCHITECTURE/01-03_TECHNOLOGIES/01-03-01_Q%2BATLANTIDE/000-099_S-ATLAS/030-039_Protection-and-Mechanical-Systems/031_Indicating-and-Recording-Systems/031-530_Visual-Warning-Function-CAS
000-099,S-ATLAS,030-039,Protection and Mechanical Systems,031,Indicating and Recording Systems,031-600,600,Central Display,031-600_Central-Display,01_OPTIONS_ARCHITECTURE/01-03_TECHNOLOGIES/01-03-01_Q+ATLANTIDE/000-099_S-ATLAS/030-039_Protection-and-Mechanical-Systems/031_Indicating-and-Recording-Systems/031-600_Central-Display,https://github.com/AmedeoPelliccia/Q-plus-A/tree/main/01_OPTIONS_ARCHITECTURE/01-03_TECHNOLOGIES/01-03-01_Q%2BATLANTIDE/000-099_S-ATLAS/030-039_Protection-and-Mechanical-Systems/031_Indicating-and-Recording-Systems/031-600_Central-Display
000-099,S-ATLAS,030-039,Protection and Mechanical Systems,031,Indicating and Recording Systems,031-610,610,Displays,031-610_Displays,01_OPTIONS_ARCHITECTURE/01-03_TECHNOLOGIES/01-03-01_Q+ATLANTIDE/000-099_S-ATLAS/030-039_Protection-and-Mechanical-Systems/031_Indicating-and-Recording-Systems/031-610_Displays,https://github.com/AmedeoPelliccia/Q-plus-A/tree/main/01_OPTIONS_ARCHITECTURE/01-03_TECHNOLOGIES/01-03-01_Q%2BATLANTIDE/000-099_S-ATLAS/030-039_Protection-and-Mechanical-Systems/031_Indicating-and-Recording-Systems/031-610_Displays
000-099,S-ATLAS,030-039,Protection and Mechanical Systems,031,Indicating and Recording Systems,031-620,620,Cursor Control,031-620_Cursor-Control,01_OPTIONS_ARCHITECTURE/01-03_TECHNOLOGIES/01-03-01_Q+ATLANTIDE/000-099_S-ATLAS/030-039_Protection-and-Mechanical-Systems/031_Indicating-and-Recording-Systems/031-620_Cursor-Control,https://github.com/AmedeoPelliccia/Q-plus-A/tree/main/01_OPTIONS_ARCHITECTURE/01-03_TECHNOLOGIES/01-03-01_Q%2BATLANTIDE/000-099_S-ATLAS/030-039_Protection-and-Mechanical-Systems/031_Indicating-and-Recording-Systems/031-620_Cursor-Control
000-099,S-ATLAS,030-039,Protection and Mechanical Systems,031,Indicating and Recording Systems,031-900,900,Energy System Indicating and Recording,031-900_Energy-System-Indicating-and-Recording,01_OPTIONS_ARCHITECTURE/01-03_TECHNOLOGIES/01-03-01_Q+ATLANTIDE/000-099_S-ATLAS/030-039_Protection-and-Mechanical-Systems/031_Indicating-and-Recording-Systems/031-900_Energy-System-Indicating-and-Recording,https://github.com/AmedeoPelliccia/Q-plus-A/tree/main/01_OPTIONS_ARCHITECTURE/01-03_TECHNOLOGIES/01-03-01_Q%2BATLANTIDE/000-099_S-ATLAS/030-039_Protection-and-Mechanical-Systems/031_Indicating-and-Recording-Systems/031-900_Energy-System-Indicating-and-Recording
000-099,S-ATLAS,030-039,Protection and Mechanical Systems,032,Landing Gear,032-000,000,General Landing Gear,032-000-General-Landing-Gear,01_OPTIONS_ARCHITECTURE/01-03_TECHNOLOGIES/01-03-01_Q+ATLANTIDE/000-099_S-ATLAS/030-039_Protection-and-Mechanical-Systems/032_Landing-Gear/032-000-General-Landing-Gear,https://github.com/AmedeoPelliccia/Q-plus-A/tree/main/01_OPTIONS_ARCHITECTURE/01-03_TECHNOLOGIES/01-03-01_Q%2BATLANTIDE/000-099_S-ATLAS/030-039_Protection-and-Mechanical-Systems/032_Landing-Gear/032-000-General-Landing-Gear
000-099,S-ATLAS,030-039,Protection and Mechanical Systems,032,Landing Gear,032-100,100,Main Landing Gear and Doors,032-100-Main-Landing-Gear-and-Doors,01_OPTIONS_ARCHITECTURE/01-03_TECHNOLOGIES/01-03-01_Q+ATLANTIDE/000-099_S-ATLAS/030-039_Protection-and-Mechanical-Systems/032_Landing-Gear/032-100-Main-Landing-Gear-and-Doors,https://github.com/AmedeoPelliccia/Q-plus-A/tree/main/01_OPTIONS_ARCHITECTURE/01-03_TECHNOLOGIES/01-03-01_Q%2BATLANTIDE/000-099_S-ATLAS/030-039_Protection-and-Mechanical-Systems/032_Landing-Gear/032-100-Main-Landing-Gear-and-Doors
000-099,S-ATLAS,030-039,Protection and Mechanical Systems,032,Landing Gear,032-110,110,Main landing gear structure,032-110-Main-landing-gear-structure,01_OPTIONS_ARCHITECTURE/01-03_TECHNOLOGIES/01-03-01_Q+ATLANTIDE/000-099_S-ATLAS/030-039_Protection-and-Mechanical-Systems/032_Landing-Gear/032-110-Main-landing-gear-structure,https://github.com/AmedeoPelliccia/Q-plus-A/tree/main/01_OPTIONS_ARCHITECTURE/01-03_TECHNOLOGIES/01-03-01_Q%2BATLANTIDE/000-099_S-ATLAS/030-039_Protection-and-Mechanical-Systems/032_Landing-Gear/032-110-Main-landing-gear-structure
000-099,S-ATLAS,030-039,Protection and Mechanical Systems,032,Landing Gear,032-120,120,Main landing gear doors,032-120-Main-landing-gear-doors,01_OPTIONS_ARCHITECTURE/01-03_TECHNOLOGIES/01-03-01_Q+ATLANTIDE/000-099_S-ATLAS/030-039_Protection-and-Mechanical-Systems/032_Landing-Gear/032-120-Main-landing-gear-doors,https://github.com/AmedeoPelliccia/Q-plus-A/tree/main/01_OPTIONS_ARCHITECTURE/01-03_TECHNOLOGIES/01-03-01_Q%2BATLANTIDE/000-099_S-ATLAS/030-039_Protection-and-Mechanical-Systems/032_Landing-Gear/032-120-Main-landing-gear-doors
000-099,S-ATLAS,030-039,Protection and Mechanical Systems,032,Landing Gear,032-200,200,Nose Landing Gear and Doors,032-200-Nose-Landing-Gear-and-Doors,01_OPTIONS_ARCHITECTURE/01-03_TECHNOLOGIES/01-03-01_Q+ATLANTIDE/000-099_S-ATLAS/030-039_Protection-and-Mechanical-Systems/032_Landing-Gear/032-200-Nose-Landing-Gear-and-Doors,https://github.com/AmedeoPelliccia/Q-plus-A/tree/main/01_OPTIONS_ARCHITECTURE/01-03_TECHNOLOGIES/01-03-01_Q%2BATLANTIDE/000-099_S-ATLAS/030-039_Protection-and-Mechanical-Systems/032_Landing-Gear/032-200-Nose-Landing-Gear-and-Doors
000-099,S-ATLAS,030-039,Protection and Mechanical Systems,032,Landing Gear,032-210,210,Nose landing gear structure,032-210-Nose-landing-gear-structure,01_OPTIONS_ARCHITECTURE/01-03_TECHNOLOGIES/01-03-01_Q+ATLANTIDE/000-099_S-ATLAS/030-039_Protection-and-Mechanical-Systems/032_Landing-Gear/032-210-Nose-landing-gear-structure,https://github.com/AmedeoPelliccia/Q-plus-A/tree/main/01_OPTIONS_ARCHITECTURE/01-03_TECHNOLOGIES/01-03-01_Q%2BATLANTIDE/000-099_S-ATLAS/030-039_Protection-and-Mechanical-Systems/032_Landing-Gear/032-210-Nose-landing-gear-structure
000-099,S-ATLAS,030-039,Protection and Mechanical Systems,032,Landing Gear,032-220,220,Nose landing gear doors,032-220-Nose-landing-gear-doors,01_OPTIONS_ARCHITECTURE/01-03_TECHNOLOGIES/01-03-01_Q+ATLANTIDE/000-099_S-ATLAS/030-039_Protection-and-Mechanical-Systems/032_Landing-Gear/032-220-Nose-landing-gear-doors,https://github.com/AmedeoPelliccia/Q-plus-A/tree/main/01_OPTIONS_ARCHITECTURE/01-03_TECHNOLOGIES/01-03-01_Q%2BATLANTIDE/000-099_S-ATLAS/030-039_Protection-and-Mechanical-Systems/032_Landing-Gear/032-220-Nose-landing-gear-doors
000-099,S-ATLAS,030-039,Protection and Mechanical Systems,032,Landing Gear,032-300,300,Extension and Retraction,032-300-Extension-and-Retraction,01_OPTIONS_ARCHITECTURE/01-03_TECHNOLOGIES/01-03-01_Q+ATLANTIDE/000-099_S-ATLAS/030-039_Protection-and-Mechanical-Systems/032_Landing-Gear/032-300-Extension-and-Retraction,https://github.com/AmedeoPelliccia/Q-plus-A/tree/main/01_OPTIONS_ARCHITECTURE/01-03_TECHNOLOGIES/01-03-01_Q%2BATLANTIDE/000-099_S-ATLAS/030-039_Protection-and-Mechanical-Systems/032_Landing-Gear/032-300-Extension-and-Retraction
000-099,S-ATLAS,030-039,Protection and Mechanical Systems,032,Landing Gear,032-310,310,Main gear extension retraction electric EMA,032-310-Main-gear-extension-retraction-electric-EMA,01_OPTIONS_ARCHITECTURE/01-03_TECHNOLOGIES/01-03-01_Q+ATLANTIDE/000-099_S-ATLAS/030-039_Protection-and-Mechanical-Systems/032_Landing-Gear/032-310-Main-gear-extension-retraction-electric-EMA,https://github.com/AmedeoPelliccia/Q-plus-A/tree/main/01_OPTIONS_ARCHITECTURE/01-03_TECHNOLOGIES/01-03-01_Q%2BATLANTIDE/000-099_S-ATLAS/030-039_Protection-and-Mechanical-Systems/032_Landing-Gear/032-310-Main-gear-extension-retraction-electric-EMA
000-099,S-ATLAS,030-039,Protection and Mechanical Systems,032,Landing Gear,032-320,320,Nose gear extension retraction electric EMA,032-320-Nose-gear-extension-retraction-electric-EMA,01_OPTIONS_ARCHITECTURE/01-03_TECHNOLOGIES/01-03-01_Q+ATLANTIDE/000-099_S-ATLAS/030-039_Protection-and-Mechanical-Systems/032_Landing-Gear/032-320-Nose-gear-extension-retraction-electric-EMA,https://github.com/AmedeoPelliccia/Q-plus-A/tree/main/01_OPTIONS_ARCHITECTURE/01-03_TECHNOLOGIES/01-03-01_Q%2BATLANTIDE/000-099_S-ATLAS/030-039_Protection-and-Mechanical-Systems/032_Landing-Gear/032-320-Nose-gear-extension-retraction-electric-EMA
000-099,S-ATLAS,030-039,Protection and Mechanical Systems,032,Landing Gear,032-330,330,Gear extension retraction control,032-330-Gear-extension-retraction-control,01_OPTIONS_ARCHITECTURE/01-03_TECHNOLOGIES/01-03-01_Q+ATLANTIDE/000-099_S-ATLAS/030-039_Protection-and-Mechanical-Systems/032_Landing-Gear/032-330-Gear-extension-retraction-control,https://github.com/AmedeoPelliccia/Q-plus-A/tree/main/01_OPTIONS_ARCHITECTURE/01-03_TECHNOLOGIES/01-03-01_Q%2BATLANTIDE/000-099_S-ATLAS/030-039_Protection-and-Mechanical-Systems/032_Landing-Gear/032-330-Gear-extension-retraction-control
000-099,S-ATLAS,030-039,Protection and Mechanical Systems,032,Landing Gear,032-340,340,Emergency free fall extension,032-340-Emergency-free-fall-extension,01_OPTIONS_ARCHITECTURE/01-03_TECHNOLOGIES/01-03-01_Q+ATLANTIDE/000-099_S-ATLAS/030-039_Protection-and-Mechanical-Systems/032_Landing-Gear/032-340-Emergency-free-fall-extension,https://github.com/AmedeoPelliccia/Q-plus-A/tree/main/01_OPTIONS_ARCHITECTURE/01-03_TECHNOLOGIES/01-03-01_Q%2BATLANTIDE/000-099_S-ATLAS/030-039_Protection-and-Mechanical-Systems/032_Landing-Gear/032-340-Emergency-free-fall-extension
000-099,S-ATLAS,030-039,Protection and Mechanical Systems,032,Landing Gear,032-350,350,Emergency electrical release,032-350-Emergency-electrical-release,01_OPTIONS_ARCHITECTURE/01-03_TECHNOLOGIES/01-03-01_Q+ATLANTIDE/000-099_S-ATLAS/030-039_Protection-and-Mechanical-Systems/032_Landing-Gear/032-350-Emergency-electrical-release,https://github.com/AmedeoPelliccia/Q-plus-A/tree/main/01_OPTIONS_ARCHITECTURE/01-03_TECHNOLOGIES/01-03-01_Q%2BATLANTIDE/000-099_S-ATLAS/030-039_Protection-and-Mechanical-Systems/032_Landing-Gear/032-350-Emergency-electrical-release
000-099,S-ATLAS,030-039,Protection and Mechanical Systems,032,Landing Gear,032-400,400,Wheels and Brakes,032-400-Wheels-and-Brakes,01_OPTIONS_ARCHITECTURE/01-03_TECHNOLOGIES/01-03-01_Q+ATLANTIDE/000-099_S-ATLAS/030-039_Protection-and-Mechanical-Systems/032_Landing-Gear/032-400-Wheels-and-Brakes,https://github.com/AmedeoPelliccia/Q-plus-A/tree/main/01_OPTIONS_ARCHITECTURE/01-03_TECHNOLOGIES/01-03-01_Q%2BATLANTIDE/000-099_S-ATLAS/030-039_Protection-and-Mechanical-Systems/032_Landing-Gear/032-400-Wheels-and-Brakes
000-099,S-ATLAS,030-039,Protection and Mechanical Systems,032,Landing Gear,032-410,410,Main brake electric brake by wire,032-410-Main-brake-electric-brake-by-wire,01_OPTIONS_ARCHITECTURE/01-03_TECHNOLOGIES/01-03-01_Q+ATLANTIDE/000-099_S-ATLAS/030-039_Protection-and-Mechanical-Systems/032_Landing-Gear/032-410-Main-brake-electric-brake-by-wire,https://github.com/AmedeoPelliccia/Q-plus-A/tree/main/01_OPTIONS_ARCHITECTURE/01-03_TECHNOLOGIES/01-03-01_Q%2BATLANTIDE/000-099_S-ATLAS/030-039_Protection-and-Mechanical-Systems/032_Landing-Gear/032-410-Main-brake-electric-brake-by-wire
000-099,S-ATLAS,030-039,Protection and Mechanical Systems,032,Landing Gear,032-440,440,Emergency parking brake electric,032-440-Emergency-parking-brake-electric,01_OPTIONS_ARCHITECTURE/01-03_TECHNOLOGIES/01-03-01_Q+ATLANTIDE/000-099_S-ATLAS/030-039_Protection-and-Mechanical-Systems/032_Landing-Gear/032-440-Emergency-parking-brake-electric,https://github.com/AmedeoPelliccia/Q-plus-A/tree/main/01_OPTIONS_ARCHITECTURE/01-03_TECHNOLOGIES/01-03-01_Q%2BATLANTIDE/000-099_S-ATLAS/030-039_Protection-and-Mechanical-Systems/032_Landing-Gear/032-440-Emergency-parking-brake-electric
000-099,S-ATLAS,030-039,Protection and Mechanical Systems,032,Landing Gear,032-470,470,Brake temperature monitoring,032-470-Brake-temperature-monitoring,01_OPTIONS_ARCHITECTURE/01-03_TECHNOLOGIES/01-03-01_Q+ATLANTIDE/000-099_S-ATLAS/030-039_Protection-and-Mechanical-Systems/032_Landing-Gear/032-470-Brake-temperature-monitoring,https://github.com/AmedeoPelliccia/Q-plus-A/tree/main/01_OPTIONS_ARCHITECTURE/01-03_TECHNOLOGIES/01-03-01_Q%2BATLANTIDE/000-099_S-ATLAS/030-039_Protection-and-Mechanical-Systems/032_Landing-Gear/032-470-Brake-temperature-monitoring
000-099,S-ATLAS,030-039,Protection and Mechanical Systems,032,Landing Gear,032-490,490,Wheels brakes and tyres,032-490-Wheels-brakes-and-tyres,01_OPTIONS_ARCHITECTURE/01-03_TECHNOLOGIES/01-03-01_Q+ATLANTIDE/000-099_S-ATLAS/030-039_Protection-and-Mechanical-Systems/032_Landing-Gear/032-490-Wheels-brakes-and-tyres,https://github.com/AmedeoPelliccia/Q-plus-A/tree/main/01_OPTIONS_ARCHITECTURE/01-03_TECHNOLOGIES/01-03-01_Q%2BATLANTIDE/000-099_S-ATLAS/030-039_Protection-and-Mechanical-Systems/032_Landing-Gear/032-490-Wheels-brakes-and-tyres
000-099,S-ATLAS,030-039,Protection and Mechanical Systems,032,Landing Gear,032-500,500,Steering,032-500-Steering,01_OPTIONS_ARCHITECTURE/01-03_TECHNOLOGIES/01-03-01_Q+ATLANTIDE/000-099_S-ATLAS/030-039_Protection-and-Mechanical-Systems/032_Landing-Gear/032-500-Steering,https://github.com/AmedeoPelliccia/Q-plus-A/tree/main/01_OPTIONS_ARCHITECTURE/01-03_TECHNOLOGIES/01-03-01_Q%2BATLANTIDE/000-099_S-ATLAS/030-039_Protection-and-Mechanical-Systems/032_Landing-Gear/032-500-Steering
000-099,S-ATLAS,030-039,Protection and Mechanical Systems,032,Landing Gear,032-520,520,Steering hydraulic system electric,032-520-Steering-hydraulic-system-electric,01_OPTIONS_ARCHITECTURE/01-03_TECHNOLOGIES/01-03-01_Q+ATLANTIDE/000-099_S-ATLAS/030-039_Protection-and-Mechanical-Systems/032_Landing-Gear/032-520-Steering-hydraulic-system-electric,https://github.com/AmedeoPelliccia/Q-plus-A/tree/main/01_OPTIONS_ARCHITECTURE/01-03_TECHNOLOGIES/01-03-01_Q%2BATLANTIDE/000-099_S-ATLAS/030-039_Protection-and-Mechanical-Systems/032_Landing-Gear/032-520-Steering-hydraulic-system-electric
000-099,S-ATLAS,030-039,Protection and Mechanical Systems,032,Landing Gear,032-530,530,Steering electric electronic green native primary,032-530-Steering-electric-electronic-green-native-primary,01_OPTIONS_ARCHITECTURE/01-03_TECHNOLOGIES/01-03-01_Q+ATLANTIDE/000-099_S-ATLAS/030-039_Protection-and-Mechanical-Systems/032_Landing-Gear/032-530-Steering-electric-electronic-green-native-primary,https://github.com/AmedeoPelliccia/Q-plus-A/tree/main/01_OPTIONS_ARCHITECTURE/01-03_TECHNOLOGIES/01-03-01_Q%2BATLANTIDE/000-099_S-ATLAS/030-039_Protection-and-Mechanical-Systems/032_Landing-Gear/032-530-Steering-electric-electronic-green-native-primary
000-099,S-ATLAS,030-039,Protection and Mechanical Systems,032,Landing Gear,032-600,600,Position and Warning,032-600-Position-and-Warning,01_OPTIONS_ARCHITECTURE/01-03_TECHNOLOGIES/01-03-01_Q+ATLANTIDE/000-099_S-ATLAS/030-039_Protection-and-Mechanical-Systems/032_Landing-Gear/032-600-Position-and-Warning,https://github.com/AmedeoPelliccia/Q-plus-A/tree/main/01_OPTIONS_ARCHITECTURE/01-03_TECHNOLOGIES/01-03-01_Q%2BATLANTIDE/000-099_S-ATLAS/030-039_Protection-and-Mechanical-Systems/032_Landing-Gear/032-600-Position-and-Warning
000-099,S-ATLAS,030-039,Protection and Mechanical Systems,032,Landing Gear,032-610,610,Landing gear indicating,032-610-Landing-gear-indicating,01_OPTIONS_ARCHITECTURE/01-03_TECHNOLOGIES/01-03-01_Q+ATLANTIDE/000-099_S-ATLAS/030-039_Protection-and-Mechanical-Systems/032_Landing-Gear/032-610-Landing-gear-indicating,https://github.com/AmedeoPelliccia/Q-plus-A/tree/main/01_OPTIONS_ARCHITECTURE/01-03_TECHNOLOGIES/01-03-01_Q%2BATLANTIDE/000-099_S-ATLAS/030-039_Protection-and-Mechanical-Systems/032_Landing-Gear/032-610-Landing-gear-indicating
000-099,S-ATLAS,030-039,Protection and Mechanical Systems,032,Landing Gear,032-620,620,Air ground weight on wheels,032-620-Air-ground-weight-on-wheels,01_OPTIONS_ARCHITECTURE/01-03_TECHNOLOGIES/01-03-01_Q+ATLANTIDE/000-099_S-ATLAS/030-039_Protection-and-Mechanical-Systems/032_Landing-Gear/032-620-Air-ground-weight-on-wheels,https://github.com/AmedeoPelliccia/Q-plus-A/tree/main/01_OPTIONS_ARCHITECTURE/01-03_TECHNOLOGIES/01-03-01_Q%2BATLANTIDE/000-099_S-ATLAS/030-039_Protection-and-Mechanical-Systems/032_Landing-Gear/032-620-Air-ground-weight-on-wheels
000-099,S-ATLAS,030-039,Protection and Mechanical Systems,032,Landing Gear,032-630,630,Warning,032-630-Warning,01_OPTIONS_ARCHITECTURE/01-03_TECHNOLOGIES/01-03-01_Q+ATLANTIDE/000-099_S-ATLAS/030-039_Protection-and-Mechanical-Systems/032_Landing-Gear/032-630-Warning,https://github.com/AmedeoPelliccia/Q-plus-A/tree/main/01_OPTIONS_ARCHITECTURE/01-03_TECHNOLOGIES/01-03-01_Q%2BATLANTIDE/000-099_S-ATLAS/030-039_Protection-and-Mechanical-Systems/032_Landing-Gear/032-630-Warning
000-099,S-ATLAS,030-039,Protection and Mechanical Systems,032,Landing Gear,032-900,900,Electric Landing Gear Actuation Braking and Taxi,032-900-Electric-Landing-Gear-Actuation-Braking-and-Taxi,01_OPTIONS_ARCHITECTURE/01-03_TECHNOLOGIES/01-03-01_Q+ATLANTIDE/000-099_S-ATLAS/030-039_Protection-and-Mechanical-Systems/032_Landing-Gear/032-900-Electric-Landing-Gear-Actuation-Braking-and-Taxi,https://github.com/AmedeoPelliccia/Q-plus-A/tree/main/01_OPTIONS_ARCHITECTURE/01-03_TECHNOLOGIES/01-03-01_Q%2BATLANTIDE/000-099_S-ATLAS/030-039_Protection-and-Mechanical-Systems/032_Landing-Gear/032-900-Electric-Landing-Gear-Actuation-Braking-and-Taxi
000-099,S-ATLAS,030-039,Protection and Mechanical Systems,033,Lights,033-000,000,General Lights,033-000-General-Lights,01_OPTIONS_ARCHITECTURE/01-03_TECHNOLOGIES/01-03-01_Q+ATLANTIDE/000-099_S-ATLAS/030-039_Protection-and-Mechanical-Systems/033_Lights/033-000-General-Lights,https://github.com/AmedeoPelliccia/Q-plus-A/tree/main/01_OPTIONS_ARCHITECTURE/01-03_TECHNOLOGIES/01-03-01_Q%2BATLANTIDE/000-099_S-ATLAS/030-039_Protection-and-Mechanical-Systems/033_Lights/033-000-General-Lights
000-099,S-ATLAS,030-039,Protection and Mechanical Systems,033,Lights,033-100,100,Flight Deck Lights,033-100-Flight-Deck-Lights,01_OPTIONS_ARCHITECTURE/01-03_TECHNOLOGIES/01-03-01_Q+ATLANTIDE/000-099_S-ATLAS/030-039_Protection-and-Mechanical-Systems/033_Lights/033-100-Flight-Deck-Lights,https://github.com/AmedeoPelliccia/Q-plus-A/tree/main/01_OPTIONS_ARCHITECTURE/01-03_TECHNOLOGIES/01-03-01_Q%2BATLANTIDE/000-099_S-ATLAS/030-039_Protection-and-Mechanical-Systems/033_Lights/033-100-Flight-Deck-Lights
000-099,S-ATLAS,030-039,Protection and Mechanical Systems,033,Lights,033-110,110,Flight deck lights,033-110-Flight-deck-lights,01_OPTIONS_ARCHITECTURE/01-03_TECHNOLOGIES/01-03-01_Q+ATLANTIDE/000-099_S-ATLAS/030-039_Protection-and-Mechanical-Systems/033_Lights/033-110-Flight-deck-lights,https://github.com/AmedeoPelliccia/Q-plus-A/tree/main/01_OPTIONS_ARCHITECTURE/01-03_TECHNOLOGIES/01-03-01_Q%2BATLANTIDE/000-099_S-ATLAS/030-039_Protection-and-Mechanical-Systems/033_Lights/033-110-Flight-deck-lights
000-099,S-ATLAS,030-039,Protection and Mechanical Systems,033,Lights,033-120,120,Instrument and panel lights,033-120-Instrument-and-panel-lights,01_OPTIONS_ARCHITECTURE/01-03_TECHNOLOGIES/01-03-01_Q+ATLANTIDE/000-099_S-ATLAS/030-039_Protection-and-Mechanical-Systems/033_Lights/033-120-Instrument-and-panel-lights,https://github.com/AmedeoPelliccia/Q-plus-A/tree/main/01_OPTIONS_ARCHITECTURE/01-03_TECHNOLOGIES/01-03-01_Q%2BATLANTIDE/000-099_S-ATLAS/030-039_Protection-and-Mechanical-Systems/033_Lights/033-120-Instrument-and-panel-lights
000-099,S-ATLAS,030-039,Protection and Mechanical Systems,033,Lights,033-150,150,Flood storm lights,033-150-Flood-storm-lights,01_OPTIONS_ARCHITECTURE/01-03_TECHNOLOGIES/01-03-01_Q+ATLANTIDE/000-099_S-ATLAS/030-039_Protection-and-Mechanical-Systems/033_Lights/033-150-Flood-storm-lights,https://github.com/AmedeoPelliccia/Q-plus-A/tree/main/01_OPTIONS_ARCHITECTURE/01-03_TECHNOLOGIES/01-03-01_Q%2BATLANTIDE/000-099_S-ATLAS/030-039_Protection-and-Mechanical-Systems/033_Lights/033-150-Flood-storm-lights
000-099,S-ATLAS,030-039,Protection and Mechanical Systems,033,Lights,033-200,200,Passenger Cabin Lights,033-200-Passenger-Cabin-Lights,01_OPTIONS_ARCHITECTURE/01-03_TECHNOLOGIES/01-03-01_Q+ATLANTIDE/000-099_S-ATLAS/030-039_Protection-and-Mechanical-Systems/033_Lights/033-200-Passenger-Cabin-Lights,https://github.com/AmedeoPelliccia/Q-plus-A/tree/main/01_OPTIONS_ARCHITECTURE/01-03_TECHNOLOGIES/01-03-01_Q%2BATLANTIDE/000-099_S-ATLAS/030-039_Protection-and-Mechanical-Systems/033_Lights/033-200-Passenger-Cabin-Lights
000-099,S-ATLAS,030-039,Protection and Mechanical Systems,033,Lights,033-210,210,Cabin lights,033-210-Cabin-lights,01_OPTIONS_ARCHITECTURE/01-03_TECHNOLOGIES/01-03-01_Q+ATLANTIDE/000-099_S-ATLAS/030-039_Protection-and-Mechanical-Systems/033_Lights/033-210-Cabin-lights,https://github.com/AmedeoPelliccia/Q-plus-A/tree/main/01_OPTIONS_ARCHITECTURE/01-03_TECHNOLOGIES/01-03-01_Q%2BATLANTIDE/000-099_S-ATLAS/030-039_Protection-and-Mechanical-Systems/033_Lights/033-210-Cabin-lights
000-099,S-ATLAS,030-039,Protection and Mechanical Systems,033,Lights,033-220,220,Airstair lights,033-220-Airstair-lights,01_OPTIONS_ARCHITECTURE/01-03_TECHNOLOGIES/01-03-01_Q+ATLANTIDE/000-099_S-ATLAS/030-039_Protection-and-Mechanical-Systems/033_Lights/033-220-Airstair-lights,https://github.com/AmedeoPelliccia/Q-plus-A/tree/main/01_OPTIONS_ARCHITECTURE/01-03_TECHNOLOGIES/01-03-01_Q%2BATLANTIDE/000-099_S-ATLAS/030-039_Protection-and-Mechanical-Systems/033_Lights/033-220-Airstair-lights
000-099,S-ATLAS,030-039,Protection and Mechanical Systems,033,Lights,033-230,230,Warning signs,033-230-Warning-signs,01_OPTIONS_ARCHITECTURE/01-03_TECHNOLOGIES/01-03-01_Q+ATLANTIDE/000-099_S-ATLAS/030-039_Protection-and-Mechanical-Systems/033_Lights/033-230-Warning-signs,https://github.com/AmedeoPelliccia/Q-plus-A/tree/main/01_OPTIONS_ARCHITECTURE/01-03_TECHNOLOGIES/01-03-01_Q%2BATLANTIDE/000-099_S-ATLAS/030-039_Protection-and-Mechanical-Systems/033_Lights/033-230-Warning-signs
000-099,S-ATLAS,030-039,Protection and Mechanical Systems,033,Lights,033-240,240,Attendant call indicators,033-240-Attendant-call-indicators,01_OPTIONS_ARCHITECTURE/01-03_TECHNOLOGIES/01-03-01_Q+ATLANTIDE/000-099_S-ATLAS/030-039_Protection-and-Mechanical-Systems/033_Lights/033-240-Attendant-call-indicators,https://github.com/AmedeoPelliccia/Q-plus-A/tree/main/01_OPTIONS_ARCHITECTURE/01-03_TECHNOLOGIES/01-03-01_Q%2BATLANTIDE/000-099_S-ATLAS/030-039_Protection-and-Mechanical-Systems/033_Lights/033-240-Attendant-call-indicators
000-099,S-ATLAS,030-039,Protection and Mechanical Systems,033,Lights,033-250,250,Reading lights,033-250-Reading-lights,01_OPTIONS_ARCHITECTURE/01-03_TECHNOLOGIES/01-03-01_Q+ATLANTIDE/000-099_S-ATLAS/030-039_Protection-and-Mechanical-Systems/033_Lights/033-250-Reading-lights,https://github.com/AmedeoPelliccia/Q-plus-A/tree/main/01_OPTIONS_ARCHITECTURE/01-03_TECHNOLOGIES/01-03-01_Q%2BATLANTIDE/000-099_S-ATLAS/030-039_Protection-and-Mechanical-Systems/033_Lights/033-250-Reading-lights
000-099,S-ATLAS,030-039,Protection and Mechanical Systems,033,Lights,033-260,260,Courtesy lights,033-260-Courtesy-lights,01_OPTIONS_ARCHITECTURE/01-03_TECHNOLOGIES/01-03-01_Q+ATLANTIDE/000-099_S-ATLAS/030-039_Protection-and-Mechanical-Systems/033_Lights/033-260-Courtesy-lights,https://github.com/AmedeoPelliccia/Q-plus-A/tree/main/01_OPTIONS_ARCHITECTURE/01-03_TECHNOLOGIES/01-03-01_Q%2BATLANTIDE/000-099_S-ATLAS/030-039_Protection-and-Mechanical-Systems/033_Lights/033-260-Courtesy-lights
000-099,S-ATLAS,030-039,Protection and Mechanical Systems,033,Lights,033-270,270,Wardrobe stowage lights,033-270-Wardrobe-stowage-lights,01_OPTIONS_ARCHITECTURE/01-03_TECHNOLOGIES/01-03-01_Q+ATLANTIDE/000-099_S-ATLAS/030-039_Protection-and-Mechanical-Systems/033_Lights/033-270-Wardrobe-stowage-lights,https://github.com/AmedeoPelliccia/Q-plus-A/tree/main/01_OPTIONS_ARCHITECTURE/01-03_TECHNOLOGIES/01-03-01_Q%2BATLANTIDE/000-099_S-ATLAS/030-039_Protection-and-Mechanical-Systems/033_Lights/033-270-Wardrobe-stowage-lights
000-099,S-ATLAS,030-039,Protection and Mechanical Systems,033,Lights,033-280,280,Lavatory lights,033-280-Lavatory-lights,01_OPTIONS_ARCHITECTURE/01-03_TECHNOLOGIES/01-03-01_Q+ATLANTIDE/000-099_S-ATLAS/030-039_Protection-and-Mechanical-Systems/033_Lights/033-280-Lavatory-lights,https://github.com/AmedeoPelliccia/Q-plus-A/tree/main/01_OPTIONS_ARCHITECTURE/01-03_TECHNOLOGIES/01-03-01_Q%2BATLANTIDE/000-099_S-ATLAS/030-039_Protection-and-Mechanical-Systems/033_Lights/033-280-Lavatory-lights
000-099,S-ATLAS,030-039,Protection and Mechanical Systems,033,Lights,033-290,290,Galley lights,033-290-Galley-lights,01_OPTIONS_ARCHITECTURE/01-03_TECHNOLOGIES/01-03-01_Q+ATLANTIDE/000-099_S-ATLAS/030-039_Protection-and-Mechanical-Systems/033_Lights/033-290-Galley-lights,https://github.com/AmedeoPelliccia/Q-plus-A/tree/main/01_OPTIONS_ARCHITECTURE/01-03_TECHNOLOGIES/01-03-01_Q%2BATLANTIDE/000-099_S-ATLAS/030-039_Protection-and-Mechanical-Systems/033_Lights/033-290-Galley-lights
000-099,S-ATLAS,030-039,Protection and Mechanical Systems,033,Lights,033-300,300,Cargo and Service Compartment Lights,033-300-Cargo-and-Service-Compartment-Lights,01_OPTIONS_ARCHITECTURE/01-03_TECHNOLOGIES/01-03-01_Q+ATLANTIDE/000-099_S-ATLAS/030-039_Protection-and-Mechanical-Systems/033_Lights/033-300-Cargo-and-Service-Compartment-Lights,https://github.com/AmedeoPelliccia/Q-plus-A/tree/main/01_OPTIONS_ARCHITECTURE/01-03_TECHNOLOGIES/01-03-01_Q%2BATLANTIDE/000-099_S-ATLAS/030-039_Protection-and-Mechanical-Systems/033_Lights/033-300-Cargo-and-Service-Compartment-Lights
000-099,S-ATLAS,030-039,Protection and Mechanical Systems,033,Lights,033-310,310,Cargo compartment lights,033-310-Cargo-compartment-lights,01_OPTIONS_ARCHITECTURE/01-03_TECHNOLOGIES/01-03-01_Q+ATLANTIDE/000-099_S-ATLAS/030-039_Protection-and-Mechanical-Systems/033_Lights/033-310-Cargo-compartment-lights,https://github.com/AmedeoPelliccia/Q-plus-A/tree/main/01_OPTIONS_ARCHITECTURE/01-03_TECHNOLOGIES/01-03-01_Q%2BATLANTIDE/000-099_S-ATLAS/030-039_Protection-and-Mechanical-Systems/033_Lights/033-310-Cargo-compartment-lights
000-099,S-ATLAS,030-039,Protection and Mechanical Systems,033,Lights,033-320,320,Service compartment lights,033-320-Service-compartment-lights,01_OPTIONS_ARCHITECTURE/01-03_TECHNOLOGIES/01-03-01_Q+ATLANTIDE/000-099_S-ATLAS/030-039_Protection-and-Mechanical-Systems/033_Lights/033-320-Service-compartment-lights,https://github.com/AmedeoPelliccia/Q-plus-A/tree/main/01_OPTIONS_ARCHITECTURE/01-03_TECHNOLOGIES/01-03-01_Q%2BATLANTIDE/000-099_S-ATLAS/030-039_Protection-and-Mechanical-Systems/033_Lights/033-320-Service-compartment-lights
000-099,S-ATLAS,030-039,Protection and Mechanical Systems,033,Lights,033-330,330,Baggage compartment lights,033-330-Baggage-compartment-lights,01_OPTIONS_ARCHITECTURE/01-03_TECHNOLOGIES/01-03-01_Q+ATLANTIDE/000-099_S-ATLAS/030-039_Protection-and-Mechanical-Systems/033_Lights/033-330-Baggage-compartment-lights,https://github.com/AmedeoPelliccia/Q-plus-A/tree/main/01_OPTIONS_ARCHITECTURE/01-03_TECHNOLOGIES/01-03-01_Q%2BATLANTIDE/000-099_S-ATLAS/030-039_Protection-and-Mechanical-Systems/033_Lights/033-330-Baggage-compartment-lights
000-099,S-ATLAS,030-039,Protection and Mechanical Systems,033,Lights,033-400,400,External Lights,033-400-External-Lights,01_OPTIONS_ARCHITECTURE/01-03_TECHNOLOGIES/01-03-01_Q+ATLANTIDE/000-099_S-ATLAS/030-039_Protection-and-Mechanical-Systems/033_Lights/033-400-External-Lights,https://github.com/AmedeoPelliccia/Q-plus-A/tree/main/01_OPTIONS_ARCHITECTURE/01-03_TECHNOLOGIES/01-03-01_Q%2BATLANTIDE/000-099_S-ATLAS/030-039_Protection-and-Mechanical-Systems/033_Lights/033-400-External-Lights
000-099,S-ATLAS,030-039,Protection and Mechanical Systems,033,Lights,033-410,410,Landing lights,033-410-Landing-lights,01_OPTIONS_ARCHITECTURE/01-03_TECHNOLOGIES/01-03-01_Q+ATLANTIDE/000-099_S-ATLAS/030-039_Protection-and-Mechanical-Systems/033_Lights/033-410-Landing-lights,https://github.com/AmedeoPelliccia/Q-plus-A/tree/main/01_OPTIONS_ARCHITECTURE/01-03_TECHNOLOGIES/01-03-01_Q%2BATLANTIDE/000-099_S-ATLAS/030-039_Protection-and-Mechanical-Systems/033_Lights/033-410-Landing-lights
000-099,S-ATLAS,030-039,Protection and Mechanical Systems,033,Lights,033-420,420,Taxi lights,033-420-Taxi-lights,01_OPTIONS_ARCHITECTURE/01-03_TECHNOLOGIES/01-03-01_Q+ATLANTIDE/000-099_S-ATLAS/030-039_Protection-and-Mechanical-Systems/033_Lights/033-420-Taxi-lights,https://github.com/AmedeoPelliccia/Q-plus-A/tree/main/01_OPTIONS_ARCHITECTURE/01-03_TECHNOLOGIES/01-03-01_Q%2BATLANTIDE/000-099_S-ATLAS/030-039_Protection-and-Mechanical-Systems/033_Lights/033-420-Taxi-lights
000-099,S-ATLAS,030-039,Protection and Mechanical Systems,033,Lights,033-430,430,Navigation lights,033-430-Navigation-lights,01_OPTIONS_ARCHITECTURE/01-03_TECHNOLOGIES/01-03-01_Q+ATLANTIDE/000-099_S-ATLAS/030-039_Protection-and-Mechanical-Systems/033_Lights/033-430-Navigation-lights,https://github.com/AmedeoPelliccia/Q-plus-A/tree/main/01_OPTIONS_ARCHITECTURE/01-03_TECHNOLOGIES/01-03-01_Q%2BATLANTIDE/000-099_S-ATLAS/030-039_Protection-and-Mechanical-Systems/033_Lights/033-430-Navigation-lights
000-099,S-ATLAS,030-039,Protection and Mechanical Systems,033,Lights,033-440,440,Inspection lights,033-440-Inspection-lights,01_OPTIONS_ARCHITECTURE/01-03_TECHNOLOGIES/01-03-01_Q+ATLANTIDE/000-099_S-ATLAS/030-039_Protection-and-Mechanical-Systems/033_Lights/033-440-Inspection-lights,https://github.com/AmedeoPelliccia/Q-plus-A/tree/main/01_OPTIONS_ARCHITECTURE/01-03_TECHNOLOGIES/01-03-01_Q%2BATLANTIDE/000-099_S-ATLAS/030-039_Protection-and-Mechanical-Systems/033_Lights/033-440-Inspection-lights
000-099,S-ATLAS,030-039,Protection and Mechanical Systems,033,Lights,033-450,450,Red beacon,033-450-Red-beacon,01_OPTIONS_ARCHITECTURE/01-03_TECHNOLOGIES/01-03-01_Q+ATLANTIDE/000-099_S-ATLAS/030-039_Protection-and-Mechanical-Systems/033_Lights/033-450-Red-beacon,https://github.com/AmedeoPelliccia/Q-plus-A/tree/main/01_OPTIONS_ARCHITECTURE/01-03_TECHNOLOGIES/01-03-01_Q%2BATLANTIDE/000-099_S-ATLAS/030-039_Protection-and-Mechanical-Systems/033_Lights/033-450-Red-beacon
000-099,S-ATLAS,030-039,Protection and Mechanical Systems,033,Lights,033-460,460,Logotype lights,033-460-Logotype-lights,01_OPTIONS_ARCHITECTURE/01-03_TECHNOLOGIES/01-03-01_Q+ATLANTIDE/000-099_S-ATLAS/030-039_Protection-and-Mechanical-Systems/033_Lights/033-460-Logotype-lights,https://github.com/AmedeoPelliccia/Q-plus-A/tree/main/01_OPTIONS_ARCHITECTURE/01-03_TECHNOLOGIES/01-03-01_Q%2BATLANTIDE/000-099_S-ATLAS/030-039_Protection-and-Mechanical-Systems/033_Lights/033-460-Logotype-lights
000-099,S-ATLAS,030-039,Protection and Mechanical Systems,033,Lights,033-470,470,Strobe lights,033-470-Strobe-lights,01_OPTIONS_ARCHITECTURE/01-03_TECHNOLOGIES/01-03-01_Q+ATLANTIDE/000-099_S-ATLAS/030-039_Protection-and-Mechanical-Systems/033_Lights/033-470-Strobe-lights,https://github.com/AmedeoPelliccia/Q-plus-A/tree/main/01_OPTIONS_ARCHITECTURE/01-03_TECHNOLOGIES/01-03-01_Q%2BATLANTIDE/000-099_S-ATLAS/030-039_Protection-and-Mechanical-Systems/033_Lights/033-470-Strobe-lights
000-099,S-ATLAS,030-039,Protection and Mechanical Systems,033,Lights,033-500,500,Emergency Lighting,033-500-Emergency-Lighting,01_OPTIONS_ARCHITECTURE/01-03_TECHNOLOGIES/01-03-01_Q+ATLANTIDE/000-099_S-ATLAS/030-039_Protection-and-Mechanical-Systems/033_Lights/033-500-Emergency-Lighting,https://github.com/AmedeoPelliccia/Q-plus-A/tree/main/01_OPTIONS_ARCHITECTURE/01-03_TECHNOLOGIES/01-03-01_Q%2BATLANTIDE/000-099_S-ATLAS/030-039_Protection-and-Mechanical-Systems/033_Lights/033-500-Emergency-Lighting
000-099,S-ATLAS,030-039,Protection and Mechanical Systems,033,Lights,033-510,510,Flashlight,033-510-Flashlight,01_OPTIONS_ARCHITECTURE/01-03_TECHNOLOGIES/01-03-01_Q+ATLANTIDE/000-099_S-ATLAS/030-039_Protection-and-Mechanical-Systems/033_Lights/033-510-Flashlight,https://github.com/AmedeoPelliccia/Q-plus-A/tree/main/01_OPTIONS_ARCHITECTURE/01-03_TECHNOLOGIES/01-03-01_Q%2BATLANTIDE/000-099_S-ATLAS/030-039_Protection-and-Mechanical-Systems/033_Lights/033-510-Flashlight
000-099,S-ATLAS,030-039,Protection and Mechanical Systems,033,Lights,033-900,900,LED Native Lighting and Energy Management,033-900-LED-Native-Lighting-and-Energy-Management,01_OPTIONS_ARCHITECTURE/01-03_TECHNOLOGIES/01-03-01_Q+ATLANTIDE/000-099_S-ATLAS/030-039_Protection-and-Mechanical-Systems/033_Lights/033-900-LED-Native-Lighting-and-Energy-Management,https://github.com/AmedeoPelliccia/Q-plus-A/tree/main/01_OPTIONS_ARCHITECTURE/01-03_TECHNOLOGIES/01-03-01_Q%2BATLANTIDE/000-099_S-ATLAS/030-039_Protection-and-Mechanical-Systems/033_Lights/033-900-LED-Native-Lighting-and-Energy-Management
000-099,S-ATLAS,030-039,Protection and Mechanical Systems,034,Navigation,034-000,000,General Navigation,034-000-General-Navigation,01_OPTIONS_ARCHITECTURE/01-03_TECHNOLOGIES/01-03-01_Q+ATLANTIDE/000-099_S-ATLAS/030-039_Protection-and-Mechanical-Systems/034_Navigation/034-000-General-Navigation,https://github.com/AmedeoPelliccia/Q-plus-A/tree/main/01_OPTIONS_ARCHITECTURE/01-03_TECHNOLOGIES/01-03-01_Q%2BATLANTIDE/000-099_S-ATLAS/030-039_Protection-and-Mechanical-Systems/034_Navigation/034-000-General-Navigation
000-099,S-ATLAS,030-039,Protection and Mechanical Systems,034,Navigation,034-010,010,Navigation antennas,034-010-Navigation-antennas,01_OPTIONS_ARCHITECTURE/01-03_TECHNOLOGIES/01-03-01_Q+ATLANTIDE/000-099_S-ATLAS/030-039_Protection-and-Mechanical-Systems/034_Navigation/034-010-Navigation-antennas,https://github.com/AmedeoPelliccia/Q-plus-A/tree/main/01_OPTIONS_ARCHITECTURE/01-03_TECHNOLOGIES/01-03-01_Q%2BATLANTIDE/000-099_S-ATLAS/030-039_Protection-and-Mechanical-Systems/034_Navigation/034-010-Navigation-antennas
000-099,S-ATLAS,030-039,Protection and Mechanical Systems,034,Navigation,034-020,020,Modular radio cabinet MRC MMRC NIM,034-020-Modular-radio-cabinet-MRC-MMRC-NIM,01_OPTIONS_ARCHITECTURE/01-03_TECHNOLOGIES/01-03-01_Q+ATLANTIDE/000-099_S-ATLAS/030-039_Protection-and-Mechanical-Systems/034_Navigation/034-020-Modular-radio-cabinet-MRC-MMRC-NIM,https://github.com/AmedeoPelliccia/Q-plus-A/tree/main/01_OPTIONS_ARCHITECTURE/01-03_TECHNOLOGIES/01-03-01_Q%2BATLANTIDE/000-099_S-ATLAS/030-039_Protection-and-Mechanical-Systems/034_Navigation/034-020-Modular-radio-cabinet-MRC-MMRC-NIM
000-099,S-ATLAS,030-039,Protection and Mechanical Systems,034,Navigation,034-100,100,Flight Environment Data,034-100-Flight-Environment-Data,01_OPTIONS_ARCHITECTURE/01-03_TECHNOLOGIES/01-03-01_Q+ATLANTIDE/000-099_S-ATLAS/030-039_Protection-and-Mechanical-Systems/034_Navigation/034-100-Flight-Environment-Data,https://github.com/AmedeoPelliccia/Q-plus-A/tree/main/01_OPTIONS_ARCHITECTURE/01-03_TECHNOLOGIES/01-03-01_Q%2BATLANTIDE/000-099_S-ATLAS/030-039_Protection-and-Mechanical-Systems/034_Navigation/034-100-Flight-Environment-Data
000-099,S-ATLAS,030-039,Protection and Mechanical Systems,034,Navigation,034-110,110,Integrated electronic standby system,034-110-Integrated-electronic-standby-system,01_OPTIONS_ARCHITECTURE/01-03_TECHNOLOGIES/01-03-01_Q+ATLANTIDE/000-099_S-ATLAS/030-039_Protection-and-Mechanical-Systems/034_Navigation/034-110-Integrated-electronic-standby-system,https://github.com/AmedeoPelliccia/Q-plus-A/tree/main/01_OPTIONS_ARCHITECTURE/01-03_TECHNOLOGIES/01-03-01_Q%2BATLANTIDE/000-099_S-ATLAS/030-039_Protection-and-Mechanical-Systems/034_Navigation/034-110-Integrated-electronic-standby-system
000-099,S-ATLAS,030-039,Protection and Mechanical Systems,034,Navigation,034-130,130,Integrated pitot static AOA system,034-130-Integrated-pitot-static-AOA-system,01_OPTIONS_ARCHITECTURE/01-03_TECHNOLOGIES/01-03-01_Q+ATLANTIDE/000-099_S-ATLAS/030-039_Protection-and-Mechanical-Systems/034_Navigation/034-130-Integrated-pitot-static-AOA-system,https://github.com/AmedeoPelliccia/Q-plus-A/tree/main/01_OPTIONS_ARCHITECTURE/01-03_TECHNOLOGIES/01-03-01_Q%2BATLANTIDE/000-099_S-ATLAS/030-039_Protection-and-Mechanical-Systems/034_Navigation/034-130-Integrated-pitot-static-AOA-system
000-099,S-ATLAS,030-039,Protection and Mechanical Systems,034,Navigation,034-150,150,Air data computing ADC TAT,034-150-Air-data-computing-ADC-TAT,01_OPTIONS_ARCHITECTURE/01-03_TECHNOLOGIES/01-03-01_Q+ATLANTIDE/000-099_S-ATLAS/030-039_Protection-and-Mechanical-Systems/034_Navigation/034-150-Air-data-computing-ADC-TAT,https://github.com/AmedeoPelliccia/Q-plus-A/tree/main/01_OPTIONS_ARCHITECTURE/01-03_TECHNOLOGIES/01-03-01_Q%2BATLANTIDE/000-099_S-ATLAS/030-039_Protection-and-Mechanical-Systems/034_Navigation/034-150-Air-data-computing-ADC-TAT
000-099,S-ATLAS,030-039,Protection and Mechanical Systems,034,Navigation,034-200,200,Attitude and Direction,034-200-Attitude-and-Direction,01_OPTIONS_ARCHITECTURE/01-03_TECHNOLOGIES/01-03-01_Q+ATLANTIDE/000-099_S-ATLAS/030-039_Protection-and-Mechanical-Systems/034_Navigation/034-200-Attitude-and-Direction,https://github.com/AmedeoPelliccia/Q-plus-A/tree/main/01_OPTIONS_ARCHITECTURE/01-03_TECHNOLOGIES/01-03-01_Q%2BATLANTIDE/000-099_S-ATLAS/030-039_Protection-and-Mechanical-Systems/034_Navigation/034-200-Attitude-and-Direction
000-099,S-ATLAS,030-039,Protection and Mechanical Systems,034,Navigation,034-230,230,Standby compass,034-230-Standby-compass,01_OPTIONS_ARCHITECTURE/01-03_TECHNOLOGIES/01-03-01_Q+ATLANTIDE/000-099_S-ATLAS/030-039_Protection-and-Mechanical-Systems/034_Navigation/034-230-Standby-compass,https://github.com/AmedeoPelliccia/Q-plus-A/tree/main/01_OPTIONS_ARCHITECTURE/01-03_TECHNOLOGIES/01-03-01_Q%2BATLANTIDE/000-099_S-ATLAS/030-039_Protection-and-Mechanical-Systems/034_Navigation/034-230-Standby-compass
000-099,S-ATLAS,030-039,Protection and Mechanical Systems,034,Navigation,034-250,250,Head up guidance system,034-250-Head-up-guidance-system,01_OPTIONS_ARCHITECTURE/01-03_TECHNOLOGIES/01-03-01_Q+ATLANTIDE/000-099_S-ATLAS/030-039_Protection-and-Mechanical-Systems/034_Navigation/034-250-Head-up-guidance-system,https://github.com/AmedeoPelliccia/Q-plus-A/tree/main/01_OPTIONS_ARCHITECTURE/01-03_TECHNOLOGIES/01-03-01_Q%2BATLANTIDE/000-099_S-ATLAS/030-039_Protection-and-Mechanical-Systems/034_Navigation/034-250-Head-up-guidance-system
000-099,S-ATLAS,030-039,Protection and Mechanical Systems,034,Navigation,034-260,260,Inertial reference system micro IRU,034-260-Inertial-reference-system-micro-IRU,01_OPTIONS_ARCHITECTURE/01-03_TECHNOLOGIES/01-03-01_Q+ATLANTIDE/000-099_S-ATLAS/030-039_Protection-and-Mechanical-Systems/034_Navigation/034-260-Inertial-reference-system-micro-IRU,https://github.com/AmedeoPelliccia/Q-plus-A/tree/main/01_OPTIONS_ARCHITECTURE/01-03_TECHNOLOGIES/01-03-01_Q%2BATLANTIDE/000-099_S-ATLAS/030-039_Protection-and-Mechanical-Systems/034_Navigation/034-260-Inertial-reference-system-micro-IRU
000-099,S-ATLAS,030-039,Protection and Mechanical Systems,034,Navigation,034-270,270,Enhanced flight vision system,034-270-Enhanced-flight-vision-system,01_OPTIONS_ARCHITECTURE/01-03_TECHNOLOGIES/01-03-01_Q+ATLANTIDE/000-099_S-ATLAS/030-039_Protection-and-Mechanical-Systems/034_Navigation/034-270-Enhanced-flight-vision-system,https://github.com/AmedeoPelliccia/Q-plus-A/tree/main/01_OPTIONS_ARCHITECTURE/01-03_TECHNOLOGIES/01-03-01_Q%2BATLANTIDE/000-099_S-ATLAS/030-039_Protection-and-Mechanical-Systems/034_Navigation/034-270-Enhanced-flight-vision-system
000-099,S-ATLAS,030-039,Protection and Mechanical Systems,034,Navigation,034-300,300,Landing and Taxiing Aids,034-300-Landing-and-Taxiing-Aids,01_OPTIONS_ARCHITECTURE/01-03_TECHNOLOGIES/01-03-01_Q+ATLANTIDE/000-099_S-ATLAS/030-039_Protection-and-Mechanical-Systems/034_Navigation/034-300-Landing-and-Taxiing-Aids,https://github.com/AmedeoPelliccia/Q-plus-A/tree/main/01_OPTIONS_ARCHITECTURE/01-03_TECHNOLOGIES/01-03-01_Q%2BATLANTIDE/000-099_S-ATLAS/030-039_Protection-and-Mechanical-Systems/034_Navigation/034-300-Landing-and-Taxiing-Aids
000-099,S-ATLAS,030-039,Protection and Mechanical Systems,034,Navigation,034-310,310,Radar altimeter,034-310-Radar-altimeter,01_OPTIONS_ARCHITECTURE/01-03_TECHNOLOGIES/01-03-01_Q+ATLANTIDE/000-099_S-ATLAS/030-039_Protection-and-Mechanical-Systems/034_Navigation/034-310-Radar-altimeter,https://github.com/AmedeoPelliccia/Q-plus-A/tree/main/01_OPTIONS_ARCHITECTURE/01-03_TECHNOLOGIES/01-03-01_Q%2BATLANTIDE/000-099_S-ATLAS/030-039_Protection-and-Mechanical-Systems/034_Navigation/034-310-Radar-altimeter
000-099,S-ATLAS,030-039,Protection and Mechanical Systems,034,Navigation,034-320,320,VHF nav VOR LOC marker glide slope,034-320-VHF-nav-VOR-LOC-marker-glide-slope,01_OPTIONS_ARCHITECTURE/01-03_TECHNOLOGIES/01-03-01_Q+ATLANTIDE/000-099_S-ATLAS/030-039_Protection-and-Mechanical-Systems/034_Navigation/034-320-VHF-nav-VOR-LOC-marker-glide-slope,https://github.com/AmedeoPelliccia/Q-plus-A/tree/main/01_OPTIONS_ARCHITECTURE/01-03_TECHNOLOGIES/01-03-01_Q%2BATLANTIDE/000-099_S-ATLAS/030-039_Protection-and-Mechanical-Systems/034_Navigation/034-320-VHF-nav-VOR-LOC-marker-glide-slope
000-099,S-ATLAS,030-039,Protection and Mechanical Systems,034,Navigation,034-400,400,Independent Position Determining,034-400-Independent-Position-Determining,01_OPTIONS_ARCHITECTURE/01-03_TECHNOLOGIES/01-03-01_Q+ATLANTIDE/000-099_S-ATLAS/030-039_Protection-and-Mechanical-Systems/034_Navigation/034-400-Independent-Position-Determining,https://github.com/AmedeoPelliccia/Q-plus-A/tree/main/01_OPTIONS_ARCHITECTURE/01-03_TECHNOLOGIES/01-03-01_Q%2BATLANTIDE/000-099_S-ATLAS/030-039_Protection-and-Mechanical-Systems/034_Navigation/034-400-Independent-Position-Determining
000-099,S-ATLAS,030-039,Protection and Mechanical Systems,034,Navigation,034-410,410,EGPWS windshear,034-410-EGPWS-windshear,01_OPTIONS_ARCHITECTURE/01-03_TECHNOLOGIES/01-03-01_Q+ATLANTIDE/000-099_S-ATLAS/030-039_Protection-and-Mechanical-Systems/034_Navigation/034-410-EGPWS-windshear,https://github.com/AmedeoPelliccia/Q-plus-A/tree/main/01_OPTIONS_ARCHITECTURE/01-03_TECHNOLOGIES/01-03-01_Q%2BATLANTIDE/000-099_S-ATLAS/030-039_Protection-and-Mechanical-Systems/034_Navigation/034-410-EGPWS-windshear
000-099,S-ATLAS,030-039,Protection and Mechanical Systems,034,Navigation,034-420,420,Weather radar,034-420-Weather-radar,01_OPTIONS_ARCHITECTURE/01-03_TECHNOLOGIES/01-03-01_Q+ATLANTIDE/000-099_S-ATLAS/030-039_Protection-and-Mechanical-Systems/034_Navigation/034-420-Weather-radar,https://github.com/AmedeoPelliccia/Q-plus-A/tree/main/01_OPTIONS_ARCHITECTURE/01-03_TECHNOLOGIES/01-03-01_Q%2BATLANTIDE/000-099_S-ATLAS/030-039_Protection-and-Mechanical-Systems/034_Navigation/034-420-Weather-radar
000-099,S-ATLAS,030-039,Protection and Mechanical Systems,034,Navigation,034-430,430,TCAS,034-430-TCAS,01_OPTIONS_ARCHITECTURE/01-03_TECHNOLOGIES/01-03-01_Q+ATLANTIDE/000-099_S-ATLAS/030-039_Protection-and-Mechanical-Systems/034_Navigation/034-430-TCAS,https://github.com/AmedeoPelliccia/Q-plus-A/tree/main/01_OPTIONS_ARCHITECTURE/01-03_TECHNOLOGIES/01-03-01_Q%2BATLANTIDE/000-099_S-ATLAS/030-039_Protection-and-Mechanical-Systems/034_Navigation/034-430-TCAS
000-099,S-ATLAS,030-039,Protection and Mechanical Systems,034,Navigation,034-440,440,Lightning sensor,034-440-Lightning-sensor,01_OPTIONS_ARCHITECTURE/01-03_TECHNOLOGIES/01-03-01_Q+ATLANTIDE/000-099_S-ATLAS/030-039_Protection-and-Mechanical-Systems/034_Navigation/034-440-Lightning-sensor,https://github.com/AmedeoPelliccia/Q-plus-A/tree/main/01_OPTIONS_ARCHITECTURE/01-03_TECHNOLOGIES/01-03-01_Q%2BATLANTIDE/000-099_S-ATLAS/030-039_Protection-and-Mechanical-Systems/034_Navigation/034-440-Lightning-sensor
000-099,S-ATLAS,030-039,Protection and Mechanical Systems,034,Navigation,034-500,500,Dependent Position Determining,034-500-Dependent-Position-Determining,01_OPTIONS_ARCHITECTURE/01-03_TECHNOLOGIES/01-03-01_Q+ATLANTIDE/000-099_S-ATLAS/030-039_Protection-and-Mechanical-Systems/034_Navigation/034-500-Dependent-Position-Determining,https://github.com/AmedeoPelliccia/Q-plus-A/tree/main/01_OPTIONS_ARCHITECTURE/01-03_TECHNOLOGIES/01-03-01_Q%2BATLANTIDE/000-099_S-ATLAS/030-039_Protection-and-Mechanical-Systems/034_Navigation/034-500-Dependent-Position-Determining
000-099,S-ATLAS,030-039,Protection and Mechanical Systems,034,Navigation,034-510,510,DME,034-510-DME,01_OPTIONS_ARCHITECTURE/01-03_TECHNOLOGIES/01-03-01_Q+ATLANTIDE/000-099_S-ATLAS/030-039_Protection-and-Mechanical-Systems/034_Navigation/034-510-DME,https://github.com/AmedeoPelliccia/Q-plus-A/tree/main/01_OPTIONS_ARCHITECTURE/01-03_TECHNOLOGIES/01-03-01_Q%2BATLANTIDE/000-099_S-ATLAS/030-039_Protection-and-Mechanical-Systems/034_Navigation/034-510-DME
000-099,S-ATLAS,030-039,Protection and Mechanical Systems,034,Navigation,034-520,520,Transponder,034-520-Transponder,01_OPTIONS_ARCHITECTURE/01-03_TECHNOLOGIES/01-03-01_Q+ATLANTIDE/000-099_S-ATLAS/030-039_Protection-and-Mechanical-Systems/034_Navigation/034-520-Transponder,https://github.com/AmedeoPelliccia/Q-plus-A/tree/main/01_OPTIONS_ARCHITECTURE/01-03_TECHNOLOGIES/01-03-01_Q%2BATLANTIDE/000-099_S-ATLAS/030-039_Protection-and-Mechanical-Systems/034_Navigation/034-520-Transponder
000-099,S-ATLAS,030-039,Protection and Mechanical Systems,034,Navigation,034-530,530,ADF,034-530-ADF,01_OPTIONS_ARCHITECTURE/01-03_TECHNOLOGIES/01-03-01_Q+ATLANTIDE/000-099_S-ATLAS/030-039_Protection-and-Mechanical-Systems/034_Navigation/034-530-ADF,https://github.com/AmedeoPelliccia/Q-plus-A/tree/main/01_OPTIONS_ARCHITECTURE/01-03_TECHNOLOGIES/01-03-01_Q%2BATLANTIDE/000-099_S-ATLAS/030-039_Protection-and-Mechanical-Systems/034_Navigation/034-530-ADF
000-099,S-ATLAS,030-039,Protection and Mechanical Systems,034,Navigation,034-560,560,GPS,034-560-GPS,01_OPTIONS_ARCHITECTURE/01-03_TECHNOLOGIES/01-03-01_Q+ATLANTIDE/000-099_S-ATLAS/030-039_Protection-and-Mechanical-Systems/034_Navigation/034-560-GPS,https://github.com/AmedeoPelliccia/Q-plus-A/tree/main/01_OPTIONS_ARCHITECTURE/01-03_TECHNOLOGIES/01-03-01_Q%2BATLANTIDE/000-099_S-ATLAS/030-039_Protection-and-Mechanical-Systems/034_Navigation/034-560-GPS
000-099,S-ATLAS,030-039,Protection and Mechanical Systems,034,Navigation,034-600,600,Flight Management Computing,034-600-Flight-Management-Computing,01_OPTIONS_ARCHITECTURE/01-03_TECHNOLOGIES/01-03-01_Q+ATLANTIDE/000-099_S-ATLAS/030-039_Protection-and-Mechanical-Systems/034_Navigation/034-600-Flight-Management-Computing,https://github.com/AmedeoPelliccia/Q-plus-A/tree/main/01_OPTIONS_ARCHITECTURE/01-03_TECHNOLOGIES/01-03-01_Q%2BATLANTIDE/000-099_S-ATLAS/030-039_Protection-and-Mechanical-Systems/034_Navigation/034-600-Flight-Management-Computing
000-099,S-ATLAS,030-039,Protection and Mechanical Systems,034,Navigation,034-610,610,Flight management system,034-610-Flight-management-system,01_OPTIONS_ARCHITECTURE/01-03_TECHNOLOGIES/01-03-01_Q+ATLANTIDE/000-099_S-ATLAS/030-039_Protection-and-Mechanical-Systems/034_Navigation/034-610-Flight-management-system,https://github.com/AmedeoPelliccia/Q-plus-A/tree/main/01_OPTIONS_ARCHITECTURE/01-03_TECHNOLOGIES/01-03-01_Q%2BATLANTIDE/000-099_S-ATLAS/030-039_Protection-and-Mechanical-Systems/034_Navigation/034-610-Flight-management-system
000-099,S-ATLAS,030-039,Protection and Mechanical Systems,034,Navigation,034-900,900,Energy Aware Navigation and Flight Management,034-900-Energy-Aware-Navigation-and-Flight-Management,01_OPTIONS_ARCHITECTURE/01-03_TECHNOLOGIES/01-03-01_Q+ATLANTIDE/000-099_S-ATLAS/030-039_Protection-and-Mechanical-Systems/034_Navigation/034-900-Energy-Aware-Navigation-and-Flight-Management,https://github.com/AmedeoPelliccia/Q-plus-A/tree/main/01_OPTIONS_ARCHITECTURE/01-03_TECHNOLOGIES/01-03-01_Q%2BATLANTIDE/000-099_S-ATLAS/030-039_Protection-and-Mechanical-Systems/034_Navigation/034-900-Energy-Aware-Navigation-and-Flight-Management
000-099,S-ATLAS,030-039,Protection and Mechanical Systems,035,Oxygen,035-000,000,General Oxygen,035-000-General-Oxygen,01_OPTIONS_ARCHITECTURE/01-03_TECHNOLOGIES/01-03-01_Q+ATLANTIDE/000-099_S-ATLAS/030-039_Protection-and-Mechanical-Systems/035_Oxygen/035-000-General-Oxygen,https://github.com/AmedeoPelliccia/Q-plus-A/tree/main/01_OPTIONS_ARCHITECTURE/01-03_TECHNOLOGIES/01-03-01_Q%2BATLANTIDE/000-099_S-ATLAS/030-039_Protection-and-Mechanical-Systems/035_Oxygen/035-000-General-Oxygen
000-099,S-ATLAS,030-039,Protection and Mechanical Systems,035,Oxygen,035-100,100,Crew Oxygen cylinder charging valve mask,035-100-Crew-Oxygen-cylinder-charging-valve-mask,01_OPTIONS_ARCHITECTURE/01-03_TECHNOLOGIES/01-03-01_Q+ATLANTIDE/000-099_S-ATLAS/030-039_Protection-and-Mechanical-Systems/035_Oxygen/035-100-Crew-Oxygen-cylinder-charging-valve-mask,https://github.com/AmedeoPelliccia/Q-plus-A/tree/main/01_OPTIONS_ARCHITECTURE/01-03_TECHNOLOGIES/01-03-01_Q%2BATLANTIDE/000-099_S-ATLAS/030-039_Protection-and-Mechanical-Systems/035_Oxygen/035-100-Crew-Oxygen-cylinder-charging-valve-mask
000-099,S-ATLAS,030-039,Protection and Mechanical Systems,035,Oxygen,035-110,110,Crew control indicating,035-110-Crew-control-indicating,01_OPTIONS_ARCHITECTURE/01-03_TECHNOLOGIES/01-03-01_Q+ATLANTIDE/000-099_S-ATLAS/030-039_Protection-and-Mechanical-Systems/035_Oxygen/035-110-Crew-control-indicating,https://github.com/AmedeoPelliccia/Q-plus-A/tree/main/01_OPTIONS_ARCHITECTURE/01-03_TECHNOLOGIES/01-03-01_Q%2BATLANTIDE/000-099_S-ATLAS/030-039_Protection-and-Mechanical-Systems/035_Oxygen/035-110-Crew-control-indicating
000-099,S-ATLAS,030-039,Protection and Mechanical Systems,035,Oxygen,035-120,120,Oxygen cylinder bay ventilation,035-120-Oxygen-cylinder-bay-ventilation,01_OPTIONS_ARCHITECTURE/01-03_TECHNOLOGIES/01-03-01_Q+ATLANTIDE/000-099_S-ATLAS/030-039_Protection-and-Mechanical-Systems/035_Oxygen/035-120-Oxygen-cylinder-bay-ventilation,https://github.com/AmedeoPelliccia/Q-plus-A/tree/main/01_OPTIONS_ARCHITECTURE/01-03_TECHNOLOGIES/01-03-01_Q%2BATLANTIDE/000-099_S-ATLAS/030-039_Protection-and-Mechanical-Systems/035_Oxygen/035-120-Oxygen-cylinder-bay-ventilation
000-099,S-ATLAS,030-039,Protection and Mechanical Systems,035,Oxygen,035-200,200,Passenger Cabin Oxygen chemical generator gaseous,035-200-Passenger-Cabin-Oxygen-chemical-generator-gaseous,01_OPTIONS_ARCHITECTURE/01-03_TECHNOLOGIES/01-03-01_Q+ATLANTIDE/000-099_S-ATLAS/030-039_Protection-and-Mechanical-Systems/035_Oxygen/035-200-Passenger-Cabin-Oxygen-chemical-generator-gaseous,https://github.com/AmedeoPelliccia/Q-plus-A/tree/main/01_OPTIONS_ARCHITECTURE/01-03_TECHNOLOGIES/01-03-01_Q%2BATLANTIDE/000-099_S-ATLAS/030-039_Protection-and-Mechanical-Systems/035_Oxygen/035-200-Passenger-Cabin-Oxygen-chemical-generator-gaseous
000-099,S-ATLAS,030-039,Protection and Mechanical Systems,035,Oxygen,035-210,210,Passenger control indicating,035-210-Passenger-control-indicating,01_OPTIONS_ARCHITECTURE/01-03_TECHNOLOGIES/01-03-01_Q+ATLANTIDE/000-099_S-ATLAS/030-039_Protection-and-Mechanical-Systems/035_Oxygen/035-210-Passenger-control-indicating,https://github.com/AmedeoPelliccia/Q-plus-A/tree/main/01_OPTIONS_ARCHITECTURE/01-03_TECHNOLOGIES/01-03-01_Q%2BATLANTIDE/000-099_S-ATLAS/030-039_Protection-and-Mechanical-Systems/035_Oxygen/035-210-Passenger-control-indicating
000-099,S-ATLAS,030-039,Protection and Mechanical Systems,035,Oxygen,035-220,220,Passenger gaseous oxygen system,035-220-Passenger-gaseous-oxygen-system,01_OPTIONS_ARCHITECTURE/01-03_TECHNOLOGIES/01-03-01_Q+ATLANTIDE/000-099_S-ATLAS/030-039_Protection-and-Mechanical-Systems/035_Oxygen/035-220-Passenger-gaseous-oxygen-system,https://github.com/AmedeoPelliccia/Q-plus-A/tree/main/01_OPTIONS_ARCHITECTURE/01-03_TECHNOLOGIES/01-03-01_Q%2BATLANTIDE/000-099_S-ATLAS/030-039_Protection-and-Mechanical-Systems/035_Oxygen/035-220-Passenger-gaseous-oxygen-system
000-099,S-ATLAS,030-039,Protection and Mechanical Systems,035,Oxygen,035-300,300,Portable Oxygen cylinder mask PBE,035-300-Portable-Oxygen-cylinder-mask-PBE,01_OPTIONS_ARCHITECTURE/01-03_TECHNOLOGIES/01-03-01_Q+ATLANTIDE/000-099_S-ATLAS/030-039_Protection-and-Mechanical-Systems/035_Oxygen/035-300-Portable-Oxygen-cylinder-mask-PBE,https://github.com/AmedeoPelliccia/Q-plus-A/tree/main/01_OPTIONS_ARCHITECTURE/01-03_TECHNOLOGIES/01-03-01_Q%2BATLANTIDE/000-099_S-ATLAS/030-039_Protection-and-Mechanical-Systems/035_Oxygen/035-300-Portable-Oxygen-cylinder-mask-PBE
000-099,S-ATLAS,030-039,Protection and Mechanical Systems,035,Oxygen,035-900,900,Oxygen System Integration Safety thin,035-900-Oxygen-System-Integration-Safety-thin,01_OPTIONS_ARCHITECTURE/01-03_TECHNOLOGIES/01-03-01_Q+ATLANTIDE/000-099_S-ATLAS/030-039_Protection-and-Mechanical-Systems/035_Oxygen/035-900-Oxygen-System-Integration-Safety-thin,https://github.com/AmedeoPelliccia/Q-plus-A/tree/main/01_OPTIONS_ARCHITECTURE/01-03_TECHNOLOGIES/01-03-01_Q%2BATLANTIDE/000-099_S-ATLAS/030-039_Protection-and-Mechanical-Systems/035_Oxygen/035-900-Oxygen-System-Integration-Safety-thin
000-099,S-ATLAS,030-039,Protection and Mechanical Systems,036,Pneumatic,036-000,000,General Pneumatic,036-000-General-Pneumatic,01_OPTIONS_ARCHITECTURE/01-03_TECHNOLOGIES/01-03-01_Q+ATLANTIDE/000-099_S-ATLAS/030-039_Protection-and-Mechanical-Systems/036_Pneumatic/036-000-General-Pneumatic,https://github.com/AmedeoPelliccia/Q-plus-A/tree/main/01_OPTIONS_ARCHITECTURE/01-03_TECHNOLOGIES/01-03-01_Q%2BATLANTIDE/000-099_S-ATLAS/030-039_Protection-and-Mechanical-Systems/036_Pneumatic/036-000-General-Pneumatic
000-099,S-ATLAS,030-039,Protection and Mechanical Systems,036,Pneumatic,036-100,100,Air Bleed Distribution,036-100-Air-Bleed-Distribution,01_OPTIONS_ARCHITECTURE/01-03_TECHNOLOGIES/01-03-01_Q+ATLANTIDE/000-099_S-ATLAS/030-039_Protection-and-Mechanical-Systems/036_Pneumatic/036-100-Air-Bleed-Distribution,https://github.com/AmedeoPelliccia/Q-plus-A/tree/main/01_OPTIONS_ARCHITECTURE/01-03_TECHNOLOGIES/01-03-01_Q%2BATLANTIDE/000-099_S-ATLAS/030-039_Protection-and-Mechanical-Systems/036_Pneumatic/036-100-Air-Bleed-Distribution
000-099,S-ATLAS,030-039,Protection and Mechanical Systems,036,Pneumatic,036-110,110,Engine pneumatic bleed system,036-110-Engine-pneumatic-bleed-system,01_OPTIONS_ARCHITECTURE/01-03_TECHNOLOGIES/01-03-01_Q+ATLANTIDE/000-099_S-ATLAS/030-039_Protection-and-Mechanical-Systems/036_Pneumatic/036-110-Engine-pneumatic-bleed-system,https://github.com/AmedeoPelliccia/Q-plus-A/tree/main/01_OPTIONS_ARCHITECTURE/01-03_TECHNOLOGIES/01-03-01_Q%2BATLANTIDE/000-099_S-ATLAS/030-039_Protection-and-Mechanical-Systems/036_Pneumatic/036-110-Engine-pneumatic-bleed-system
000-099,S-ATLAS,030-039,Protection and Mechanical Systems,036,Pneumatic,036-120,120,APU pneumatic bleed system,036-120-APU-pneumatic-bleed-system,01_OPTIONS_ARCHITECTURE/01-03_TECHNOLOGIES/01-03-01_Q+ATLANTIDE/000-099_S-ATLAS/030-039_Protection-and-Mechanical-Systems/036_Pneumatic/036-120-APU-pneumatic-bleed-system,https://github.com/AmedeoPelliccia/Q-plus-A/tree/main/01_OPTIONS_ARCHITECTURE/01-03_TECHNOLOGIES/01-03-01_Q%2BATLANTIDE/000-099_S-ATLAS/030-039_Protection-and-Mechanical-Systems/036_Pneumatic/036-120-APU-pneumatic-bleed-system
000-099,S-ATLAS,030-039,Protection and Mechanical Systems,036,Pneumatic,036-130,130,Ground air supply HP,036-130-Ground-air-supply-HP,01_OPTIONS_ARCHITECTURE/01-03_TECHNOLOGIES/01-03-01_Q+ATLANTIDE/000-099_S-ATLAS/030-039_Protection-and-Mechanical-Systems/036_Pneumatic/036-130-Ground-air-supply-HP,https://github.com/AmedeoPelliccia/Q-plus-A/tree/main/01_OPTIONS_ARCHITECTURE/01-03_TECHNOLOGIES/01-03-01_Q%2BATLANTIDE/000-099_S-ATLAS/030-039_Protection-and-Mechanical-Systems/036_Pneumatic/036-130-Ground-air-supply-HP
000-099,S-ATLAS,030-039,Protection and Mechanical Systems,036,Pneumatic,036-140,140,Bleed control overpressure HPSOV,036-140-Bleed-control-overpressure-HPSOV,01_OPTIONS_ARCHITECTURE/01-03_TECHNOLOGIES/01-03-01_Q+ATLANTIDE/000-099_S-ATLAS/030-039_Protection-and-Mechanical-Systems/036_Pneumatic/036-140-Bleed-control-overpressure-HPSOV,https://github.com/AmedeoPelliccia/Q-plus-A/tree/main/01_OPTIONS_ARCHITECTURE/01-03_TECHNOLOGIES/01-03-01_Q%2BATLANTIDE/000-099_S-ATLAS/030-039_Protection-and-Mechanical-Systems/036_Pneumatic/036-140-Bleed-control-overpressure-HPSOV
000-099,S-ATLAS,030-039,Protection and Mechanical Systems,036,Pneumatic,036-150,150,Water tank pressurization electric migrates,036-150-Water-tank-pressurization-electric-migrates,01_OPTIONS_ARCHITECTURE/01-03_TECHNOLOGIES/01-03-01_Q+ATLANTIDE/000-099_S-ATLAS/030-039_Protection-and-Mechanical-Systems/036_Pneumatic/036-150-Water-tank-pressurization-electric-migrates,https://github.com/AmedeoPelliccia/Q-plus-A/tree/main/01_OPTIONS_ARCHITECTURE/01-03_TECHNOLOGIES/01-03-01_Q%2BATLANTIDE/000-099_S-ATLAS/030-039_Protection-and-Mechanical-Systems/036_Pneumatic/036-150-Water-tank-pressurization-electric-migrates
000-099,S-ATLAS,030-039,Protection and Mechanical Systems,036,Pneumatic,036-200,200,Pneumatic Indicating bleed leak detection,036-200-Pneumatic-Indicating-bleed-leak-detection,01_OPTIONS_ARCHITECTURE/01-03_TECHNOLOGIES/01-03-01_Q+ATLANTIDE/000-099_S-ATLAS/030-039_Protection-and-Mechanical-Systems/036_Pneumatic/036-200-Pneumatic-Indicating-bleed-leak-detection,https://github.com/AmedeoPelliccia/Q-plus-A/tree/main/01_OPTIONS_ARCHITECTURE/01-03_TECHNOLOGIES/01-03-01_Q%2BATLANTIDE/000-099_S-ATLAS/030-039_Protection-and-Mechanical-Systems/036_Pneumatic/036-200-Pneumatic-Indicating-bleed-leak-detection
000-099,S-ATLAS,030-039,Protection and Mechanical Systems,036,Pneumatic,036-300,300,Ozone converters on electric ECS air migrates to 021,036-300-Ozone-converters-on-electric-ECS-air-migrates-to-021,01_OPTIONS_ARCHITECTURE/01-03_TECHNOLOGIES/01-03-01_Q+ATLANTIDE/000-099_S-ATLAS/030-039_Protection-and-Mechanical-Systems/036_Pneumatic/036-300-Ozone-converters-on-electric-ECS-air-migrates-to-021,https://github.com/AmedeoPelliccia/Q-plus-A/tree/main/01_OPTIONS_ARCHITECTURE/01-03_TECHNOLOGIES/01-03-01_Q%2BATLANTIDE/000-099_S-ATLAS/030-039_Protection-and-Mechanical-Systems/036_Pneumatic/036-300-Ozone-converters-on-electric-ECS-air-migrates-to-021
000-099,S-ATLAS,030-039,Protection and Mechanical Systems,036,Pneumatic,036-900,900,Bleedless Architecture and Function Migration,036-900-Bleedless-Architecture-and-Function-Migration,01_OPTIONS_ARCHITECTURE/01-03_TECHNOLOGIES/01-03-01_Q+ATLANTIDE/000-099_S-ATLAS/030-039_Protection-and-Mechanical-Systems/036_Pneumatic/036-900-Bleedless-Architecture-and-Function-Migration,https://github.com/AmedeoPelliccia/Q-plus-A/tree/main/01_OPTIONS_ARCHITECTURE/01-03_TECHNOLOGIES/01-03-01_Q%2BATLANTIDE/000-099_S-ATLAS/030-039_Protection-and-Mechanical-Systems/036_Pneumatic/036-900-Bleedless-Architecture-and-Function-Migration
000-099,S-ATLAS,030-039,Protection and Mechanical Systems,037,Vacuum,037-000,000,General Vacuum vestigial,037-000-General-Vacuum-vestigial,01_OPTIONS_ARCHITECTURE/01-03_TECHNOLOGIES/01-03-01_Q+ATLANTIDE/000-099_S-ATLAS/030-039_Protection-and-Mechanical-Systems/037_Vacuum/037-000-General-Vacuum-vestigial,https://github.com/AmedeoPelliccia/Q-plus-A/tree/main/01_OPTIONS_ARCHITECTURE/01-03_TECHNOLOGIES/01-03-01_Q%2BATLANTIDE/000-099_S-ATLAS/030-039_Protection-and-Mechanical-Systems/037_Vacuum/037-000-General-Vacuum-vestigial
000-099,S-ATLAS,030-039,Protection and Mechanical Systems,037,Vacuum,037-100,100,Vacuum source engine driven pump,037-100-Vacuum-source-engine-driven-pump,01_OPTIONS_ARCHITECTURE/01-03_TECHNOLOGIES/01-03-01_Q+ATLANTIDE/000-099_S-ATLAS/030-039_Protection-and-Mechanical-Systems/037_Vacuum/037-100-Vacuum-source-engine-driven-pump,https://github.com/AmedeoPelliccia/Q-plus-A/tree/main/01_OPTIONS_ARCHITECTURE/01-03_TECHNOLOGIES/01-03-01_Q%2BATLANTIDE/000-099_S-ATLAS/030-039_Protection-and-Mechanical-Systems/037_Vacuum/037-100-Vacuum-source-engine-driven-pump
000-099,S-ATLAS,030-039,Protection and Mechanical Systems,037,Vacuum,037-200,200,Vacuum distribution,037-200-Vacuum-distribution,01_OPTIONS_ARCHITECTURE/01-03_TECHNOLOGIES/01-03-01_Q+ATLANTIDE/000-099_S-ATLAS/030-039_Protection-and-Mechanical-Systems/037_Vacuum/037-200-Vacuum-distribution,https://github.com/AmedeoPelliccia/Q-plus-A/tree/main/01_OPTIONS_ARCHITECTURE/01-03_TECHNOLOGIES/01-03-01_Q%2BATLANTIDE/000-099_S-ATLAS/030-039_Protection-and-Mechanical-Systems/037_Vacuum/037-200-Vacuum-distribution
000-099,S-ATLAS,030-039,Protection and Mechanical Systems,037,Vacuum,037-300,300,Vacuum indicating,037-300-Vacuum-indicating,01_OPTIONS_ARCHITECTURE/01-03_TECHNOLOGIES/01-03-01_Q+ATLANTIDE/000-099_S-ATLAS/030-039_Protection-and-Mechanical-Systems/037_Vacuum/037-300-Vacuum-indicating,https://github.com/AmedeoPelliccia/Q-plus-A/tree/main/01_OPTIONS_ARCHITECTURE/01-03_TECHNOLOGIES/01-03-01_Q%2BATLANTIDE/000-099_S-ATLAS/030-039_Protection-and-Mechanical-Systems/037_Vacuum/037-300-Vacuum-indicating
000-099,S-ATLAS,030-039,Protection and Mechanical Systems,037,Vacuum,037-900,900,Electric Vacuum Provision if required,037-900-Electric-Vacuum-Provision-if-required,01_OPTIONS_ARCHITECTURE/01-03_TECHNOLOGIES/01-03-01_Q+ATLANTIDE/000-099_S-ATLAS/030-039_Protection-and-Mechanical-Systems/037_Vacuum/037-900-Electric-Vacuum-Provision-if-required,https://github.com/AmedeoPelliccia/Q-plus-A/tree/main/01_OPTIONS_ARCHITECTURE/01-03_TECHNOLOGIES/01-03-01_Q%2BATLANTIDE/000-099_S-ATLAS/030-039_Protection-and-Mechanical-Systems/037_Vacuum/037-900-Electric-Vacuum-Provision-if-required
000-099,S-ATLAS,040-049,Avionics Information Systems and APU,042,Integrated Modular Avionics,042-000,000,General,042-000_General,01_OPTIONS_ARCHITECTURE/01-03_TECHNOLOGIES/01-03-01_Q+ATLANTIDE/000-099_S-ATLAS/040-049_Avionics-Information-Systems-and-APU/042_Integrated-Modular-Avionics/042-000_General,https://github.com/AmedeoPelliccia/Q-plus-A/tree/main/01_OPTIONS_ARCHITECTURE/01-03_TECHNOLOGIES/01-03-01_Q%2BATLANTIDE/000-099_S-ATLAS/040-049_Avionics-Information-Systems-and-APU/042_Integrated-Modular-Avionics/042-000_General
000-099,S-ATLAS,040-049,Avionics Information Systems and APU,042,Integrated Modular Avionics,042-100,100,Core Processing Platform,042-100_Core-Processing-Platform,01_OPTIONS_ARCHITECTURE/01-03_TECHNOLOGIES/01-03-01_Q+ATLANTIDE/000-099_S-ATLAS/040-049_Avionics-Information-Systems-and-APU/042_Integrated-Modular-Avionics/042-100_Core-Processing-Platform,https://github.com/AmedeoPelliccia/Q-plus-A/tree/main/01_OPTIONS_ARCHITECTURE/01-03_TECHNOLOGIES/01-03-01_Q%2BATLANTIDE/000-099_S-ATLAS/040-049_Avionics-Information-Systems-and-APU/042_Integrated-Modular-Avionics/042-100_Core-Processing-Platform
000-099,S-ATLAS,040-049,Avionics Information Systems and APU,042,Integrated Modular Avionics,042-200,200,Avionics Data Network,042-200_Avionics-Data-Network,01_OPTIONS_ARCHITECTURE/01-03_TECHNOLOGIES/01-03-01_Q+ATLANTIDE/000-099_S-ATLAS/040-049_Avionics-Information-Systems-and-APU/042_Integrated-Modular-Avionics/042-200_Avionics-Data-Network,https://github.com/AmedeoPelliccia/Q-plus-A/tree/main/01_OPTIONS_ARCHITECTURE/01-03_TECHNOLOGIES/01-03-01_Q%2BATLANTIDE/000-099_S-ATLAS/040-049_Avionics-Information-Systems-and-APU/042_Integrated-Modular-Avionics/042-200_Avionics-Data-Network
000-099,S-ATLAS,040-049,Avionics Information Systems and APU,042,Integrated Modular Avionics,042-300,300,Remote Interface and IO Concentration,042-300_Remote-Interface-and-IO-Concentration,01_OPTIONS_ARCHITECTURE/01-03_TECHNOLOGIES/01-03-01_Q+ATLANTIDE/000-099_S-ATLAS/040-049_Avionics-Information-Systems-and-APU/042_Integrated-Modular-Avionics/042-300_Remote-Interface-and-IO-Concentration,https://github.com/AmedeoPelliccia/Q-plus-A/tree/main/01_OPTIONS_ARCHITECTURE/01-03_TECHNOLOGIES/01-03-01_Q%2BATLANTIDE/000-099_S-ATLAS/040-049_Avionics-Information-Systems-and-APU/042_Integrated-Modular-Avionics/042-300_Remote-Interface-and-IO-Concentration
000-099,S-ATLAS,040-049,Avionics Information Systems and APU,042,Integrated Modular Avionics,042-400,400,Hosted Function Partitioning and Configuration,042-400_Hosted-Function-Partitioning-and-Configuration,01_OPTIONS_ARCHITECTURE/01-03_TECHNOLOGIES/01-03-01_Q+ATLANTIDE/000-099_S-ATLAS/040-049_Avionics-Information-Systems-and-APU/042_Integrated-Modular-Avionics/042-400_Hosted-Function-Partitioning-and-Configuration,https://github.com/AmedeoPelliccia/Q-plus-A/tree/main/01_OPTIONS_ARCHITECTURE/01-03_TECHNOLOGIES/01-03-01_Q%2BATLANTIDE/000-099_S-ATLAS/040-049_Avionics-Information-Systems-and-APU/042_Integrated-Modular-Avionics/042-400_Hosted-Function-Partitioning-and-Configuration
000-099,S-ATLAS,040-049,Avionics Information Systems and APU,042,Integrated Modular Avionics,042-900,900,Platform Health and Resource Management,042-900_Platform-Health-and-Resource-Management,01_OPTIONS_ARCHITECTURE/01-03_TECHNOLOGIES/01-03-01_Q+ATLANTIDE/000-099_S-ATLAS/040-049_Avionics-Information-Systems-and-APU/042_Integrated-Modular-Avionics/042-900_Platform-Health-and-Resource-Management,https://github.com/AmedeoPelliccia/Q-plus-A/tree/main/01_OPTIONS_ARCHITECTURE/01-03_TECHNOLOGIES/01-03-01_Q%2BATLANTIDE/000-099_S-ATLAS/040-049_Avionics-Information-Systems-and-APU/042_Integrated-Modular-Avionics/042-900_Platform-Health-and-Resource-Management
000-099,S-ATLAS,040-049,Avionics Information Systems and APU,044,Cabin Systems,044-000,000,General,044-000_General,01_OPTIONS_ARCHITECTURE/01-03_TECHNOLOGIES/01-03-01_Q+ATLANTIDE/000-099_S-ATLAS/040-049_Avionics-Information-Systems-and-APU/044_Cabin-Systems/044-000_General,https://github.com/AmedeoPelliccia/Q-plus-A/tree/main/01_OPTIONS_ARCHITECTURE/01-03_TECHNOLOGIES/01-03-01_Q%2BATLANTIDE/000-099_S-ATLAS/040-049_Avionics-Information-Systems-and-APU/044_Cabin-Systems/044-000_General
000-099,S-ATLAS,040-049,Avionics Information Systems and APU,044,Cabin Systems,044-100,100,Cabin Core System,044-100_Cabin-Core-System,01_OPTIONS_ARCHITECTURE/01-03_TECHNOLOGIES/01-03-01_Q+ATLANTIDE/000-099_S-ATLAS/040-049_Avionics-Information-Systems-and-APU/044_Cabin-Systems/044-100_Cabin-Core-System,https://github.com/AmedeoPelliccia/Q-plus-A/tree/main/01_OPTIONS_ARCHITECTURE/01-03_TECHNOLOGIES/01-03-01_Q%2BATLANTIDE/000-099_S-ATLAS/040-049_Avionics-Information-Systems-and-APU/044_Cabin-Systems/044-100_Cabin-Core-System
000-099,S-ATLAS,040-049,Avionics Information Systems and APU,044,Cabin Systems,044-200,200,Passenger Experience and Connectivity,044-200_Passenger-Experience-and-Connectivity,01_OPTIONS_ARCHITECTURE/01-03_TECHNOLOGIES/01-03-01_Q+ATLANTIDE/000-099_S-ATLAS/040-049_Avionics-Information-Systems-and-APU/044_Cabin-Systems/044-200_Passenger-Experience-and-Connectivity,https://github.com/AmedeoPelliccia/Q-plus-A/tree/main/01_OPTIONS_ARCHITECTURE/01-03_TECHNOLOGIES/01-03-01_Q%2BATLANTIDE/000-099_S-ATLAS/040-049_Avionics-Information-Systems-and-APU/044_Cabin-Systems/044-200_Passenger-Experience-and-Connectivity
000-099,S-ATLAS,040-049,Avionics Information Systems and APU,044,Cabin Systems,044-300,300,External Communication and Broadband,044-300_External-Communication-and-Broadband,01_OPTIONS_ARCHITECTURE/01-03_TECHNOLOGIES/01-03-01_Q+ATLANTIDE/000-099_S-ATLAS/040-049_Avionics-Information-Systems-and-APU/044_Cabin-Systems/044-300_External-Communication-and-Broadband,https://github.com/AmedeoPelliccia/Q-plus-A/tree/main/01_OPTIONS_ARCHITECTURE/01-03_TECHNOLOGIES/01-03-01_Q%2BATLANTIDE/000-099_S-ATLAS/040-049_Avionics-Information-Systems-and-APU/044_Cabin-Systems/044-300_External-Communication-and-Broadband
000-099,S-ATLAS,040-049,Avionics Information Systems and APU,044,Cabin Systems,044-400,400,Cabin Monitoring and Surveillance,044-400_Cabin-Monitoring-and-Surveillance,01_OPTIONS_ARCHITECTURE/01-03_TECHNOLOGIES/01-03-01_Q+ATLANTIDE/000-099_S-ATLAS/040-049_Avionics-Information-Systems-and-APU/044_Cabin-Systems/044-400_Cabin-Monitoring-and-Surveillance,https://github.com/AmedeoPelliccia/Q-plus-A/tree/main/01_OPTIONS_ARCHITECTURE/01-03_TECHNOLOGIES/01-03-01_Q%2BATLANTIDE/000-099_S-ATLAS/040-049_Avionics-Information-Systems-and-APU/044_Cabin-Systems/044-400_Cabin-Monitoring-and-Surveillance
000-099,S-ATLAS,040-049,Avionics Information Systems and APU,044,Cabin Systems,044-900,900,Cabin Systems Management,044-900_Cabin-Systems-Management,01_OPTIONS_ARCHITECTURE/01-03_TECHNOLOGIES/01-03-01_Q+ATLANTIDE/000-099_S-ATLAS/040-049_Avionics-Information-Systems-and-APU/044_Cabin-Systems/044-900_Cabin-Systems-Management,https://github.com/AmedeoPelliccia/Q-plus-A/tree/main/01_OPTIONS_ARCHITECTURE/01-03_TECHNOLOGIES/01-03-01_Q%2BATLANTIDE/000-099_S-ATLAS/040-049_Avionics-Information-Systems-and-APU/044_Cabin-Systems/044-900_Cabin-Systems-Management
000-099,S-ATLAS,040-049,Avionics Information Systems and APU,045,Onboard Maintenance Systems,045-000,000,General,045-000_General,01_OPTIONS_ARCHITECTURE/01-03_TECHNOLOGIES/01-03-01_Q+ATLANTIDE/000-099_S-ATLAS/040-049_Avionics-Information-Systems-and-APU/045_Onboard-Maintenance-Systems/045-000_General,https://github.com/AmedeoPelliccia/Q-plus-A/tree/main/01_OPTIONS_ARCHITECTURE/01-03_TECHNOLOGIES/01-03-01_Q%2BATLANTIDE/000-099_S-ATLAS/040-049_Avionics-Information-Systems-and-APU/045_Onboard-Maintenance-Systems/045-000_General
000-099,S-ATLAS,040-049,Avionics Information Systems and APU,045,Onboard Maintenance Systems,045-100,100,Central Maintenance Function,045-100_Central-Maintenance-Function,01_OPTIONS_ARCHITECTURE/01-03_TECHNOLOGIES/01-03-01_Q+ATLANTIDE/000-099_S-ATLAS/040-049_Avionics-Information-Systems-and-APU/045_Onboard-Maintenance-Systems/045-100_Central-Maintenance-Function,https://github.com/AmedeoPelliccia/Q-plus-A/tree/main/01_OPTIONS_ARCHITECTURE/01-03_TECHNOLOGIES/01-03-01_Q%2BATLANTIDE/000-099_S-ATLAS/040-049_Avionics-Information-Systems-and-APU/045_Onboard-Maintenance-Systems/045-100_Central-Maintenance-Function
000-099,S-ATLAS,040-049,Avionics Information Systems and APU,045,Onboard Maintenance Systems,045-200,200,Data Loading and Configuration Control,045-200_Data-Loading-and-Configuration-Control,01_OPTIONS_ARCHITECTURE/01-03_TECHNOLOGIES/01-03-01_Q+ATLANTIDE/000-099_S-ATLAS/040-049_Avionics-Information-Systems-and-APU/045_Onboard-Maintenance-Systems/045-200_Data-Loading-and-Configuration-Control,https://github.com/AmedeoPelliccia/Q-plus-A/tree/main/01_OPTIONS_ARCHITECTURE/01-03_TECHNOLOGIES/01-03-01_Q%2BATLANTIDE/000-099_S-ATLAS/040-049_Avionics-Information-Systems-and-APU/045_Onboard-Maintenance-Systems/045-200_Data-Loading-and-Configuration-Control
000-099,S-ATLAS,040-049,Avionics Information Systems and APU,045,Onboard Maintenance Systems,045-300,300,Condition Monitoring and Prognostics,045-300_Condition-Monitoring-and-Prognostics,01_OPTIONS_ARCHITECTURE/01-03_TECHNOLOGIES/01-03-01_Q+ATLANTIDE/000-099_S-ATLAS/040-049_Avionics-Information-Systems-and-APU/045_Onboard-Maintenance-Systems/045-300_Condition-Monitoring-and-Prognostics,https://github.com/AmedeoPelliccia/Q-plus-A/tree/main/01_OPTIONS_ARCHITECTURE/01-03_TECHNOLOGIES/01-03-01_Q%2BATLANTIDE/000-099_S-ATLAS/040-049_Avionics-Information-Systems-and-APU/045_Onboard-Maintenance-Systems/045-300_Condition-Monitoring-and-Prognostics
000-099,S-ATLAS,040-049,Avionics Information Systems and APU,045,Onboard Maintenance Systems,045-400,400,Maintenance Data Interfaces and Reporting,045-400_Maintenance-Data-Interfaces-and-Reporting,01_OPTIONS_ARCHITECTURE/01-03_TECHNOLOGIES/01-03-01_Q+ATLANTIDE/000-099_S-ATLAS/040-049_Avionics-Information-Systems-and-APU/045_Onboard-Maintenance-Systems/045-400_Maintenance-Data-Interfaces-and-Reporting,https://github.com/AmedeoPelliccia/Q-plus-A/tree/main/01_OPTIONS_ARCHITECTURE/01-03_TECHNOLOGIES/01-03-01_Q%2BATLANTIDE/000-099_S-ATLAS/040-049_Avionics-Information-Systems-and-APU/045_Onboard-Maintenance-Systems/045-400_Maintenance-Data-Interfaces-and-Reporting
000-099,S-ATLAS,040-049,Avionics Information Systems and APU,045,Onboard Maintenance Systems,045-900,900,Maintenance Data Governance,045-900_Maintenance-Data-Governance,01_OPTIONS_ARCHITECTURE/01-03_TECHNOLOGIES/01-03-01_Q+ATLANTIDE/000-099_S-ATLAS/040-049_Avionics-Information-Systems-and-APU/045_Onboard-Maintenance-Systems/045-900_Maintenance-Data-Governance,https://github.com/AmedeoPelliccia/Q-plus-A/tree/main/01_OPTIONS_ARCHITECTURE/01-03_TECHNOLOGIES/01-03-01_Q%2BATLANTIDE/000-099_S-ATLAS/040-049_Avionics-Information-Systems-and-APU/045_Onboard-Maintenance-Systems/045-900_Maintenance-Data-Governance
000-099,S-ATLAS,040-049,Avionics Information Systems and APU,046,Information Systems,046-000,000,General,046-000_General,01_OPTIONS_ARCHITECTURE/01-03_TECHNOLOGIES/01-03-01_Q+ATLANTIDE/000-099_S-ATLAS/040-049_Avionics-Information-Systems-and-APU/046_Information-Systems/046-000_General,https://github.com/AmedeoPelliccia/Q-plus-A/tree/main/01_OPTIONS_ARCHITECTURE/01-03_TECHNOLOGIES/01-03-01_Q%2BATLANTIDE/000-099_S-ATLAS/040-049_Avionics-Information-Systems-and-APU/046_Information-Systems/046-000_General
000-099,S-ATLAS,040-049,Avionics Information Systems and APU,046,Information Systems,046-100,100,Flight Deck Information Systems,046-100_Flight-Deck-Information-Systems,01_OPTIONS_ARCHITECTURE/01-03_TECHNOLOGIES/01-03-01_Q+ATLANTIDE/000-099_S-ATLAS/040-049_Avionics-Information-Systems-and-APU/046_Information-Systems/046-100_Flight-Deck-Information-Systems,https://github.com/AmedeoPelliccia/Q-plus-A/tree/main/01_OPTIONS_ARCHITECTURE/01-03_TECHNOLOGIES/01-03-01_Q%2BATLANTIDE/000-099_S-ATLAS/040-049_Avionics-Information-Systems-and-APU/046_Information-Systems/046-100_Flight-Deck-Information-Systems
000-099,S-ATLAS,040-049,Avionics Information Systems and APU,046,Information Systems,046-200,200,Air Ground Information Exchange,046-200_Air-Ground-Information-Exchange,01_OPTIONS_ARCHITECTURE/01-03_TECHNOLOGIES/01-03-01_Q+ATLANTIDE/000-099_S-ATLAS/040-049_Avionics-Information-Systems-and-APU/046_Information-Systems/046-200_Air-Ground-Information-Exchange,https://github.com/AmedeoPelliccia/Q-plus-A/tree/main/01_OPTIONS_ARCHITECTURE/01-03_TECHNOLOGIES/01-03-01_Q%2BATLANTIDE/000-099_S-ATLAS/040-049_Avionics-Information-Systems-and-APU/046_Information-Systems/046-200_Air-Ground-Information-Exchange
000-099,S-ATLAS,040-049,Avionics Information Systems and APU,046,Information Systems,046-300,300,Onboard Servers and Networks,046-300_Onboard-Servers-and-Networks,01_OPTIONS_ARCHITECTURE/01-03_TECHNOLOGIES/01-03-01_Q+ATLANTIDE/000-099_S-ATLAS/040-049_Avionics-Information-Systems-and-APU/046_Information-Systems/046-300_Onboard-Servers-and-Networks,https://github.com/AmedeoPelliccia/Q-plus-A/tree/main/01_OPTIONS_ARCHITECTURE/01-03_TECHNOLOGIES/01-03-01_Q%2BATLANTIDE/000-099_S-ATLAS/040-049_Avionics-Information-Systems-and-APU/046_Information-Systems/046-300_Onboard-Servers-and-Networks
000-099,S-ATLAS,040-049,Avionics Information Systems and APU,046,Information Systems,046-400,400,Passenger Cabin Information,046-400_Passenger-Cabin-Information,01_OPTIONS_ARCHITECTURE/01-03_TECHNOLOGIES/01-03-01_Q+ATLANTIDE/000-099_S-ATLAS/040-049_Avionics-Information-Systems-and-APU/046_Information-Systems/046-400_Passenger-Cabin-Information,https://github.com/AmedeoPelliccia/Q-plus-A/tree/main/01_OPTIONS_ARCHITECTURE/01-03_TECHNOLOGIES/01-03-01_Q%2BATLANTIDE/000-099_S-ATLAS/040-049_Avionics-Information-Systems-and-APU/046_Information-Systems/046-400_Passenger-Cabin-Information
000-099,S-ATLAS,040-049,Avionics Information Systems and APU,046,Information Systems,046-500,500,Security Domains and Gateways,046-500_Security-Domains-and-Gateways,01_OPTIONS_ARCHITECTURE/01-03_TECHNOLOGIES/01-03-01_Q+ATLANTIDE/000-099_S-ATLAS/040-049_Avionics-Information-Systems-and-APU/046_Information-Systems/046-500_Security-Domains-and-Gateways,https://github.com/AmedeoPelliccia/Q-plus-A/tree/main/01_OPTIONS_ARCHITECTURE/01-03_TECHNOLOGIES/01-03-01_Q%2BATLANTIDE/000-099_S-ATLAS/040-049_Avionics-Information-Systems-and-APU/046_Information-Systems/046-500_Security-Domains-and-Gateways
000-099,S-ATLAS,040-049,Avionics Information Systems and APU,046,Information Systems,046-900,900,Information Governance and Evidence,046-900_Information-Governance-and-Evidence,01_OPTIONS_ARCHITECTURE/01-03_TECHNOLOGIES/01-03-01_Q+ATLANTIDE/000-099_S-ATLAS/040-049_Avionics-Information-Systems-and-APU/046_Information-Systems/046-900_Information-Governance-and-Evidence,https://github.com/AmedeoPelliccia/Q-plus-A/tree/main/01_OPTIONS_ARCHITECTURE/01-03_TECHNOLOGIES/01-03-01_Q%2BATLANTIDE/000-099_S-ATLAS/040-049_Avionics-Information-Systems-and-APU/046_Information-Systems/046-900_Information-Governance-and-Evidence
000-099,S-ATLAS,040-049,Avionics Information Systems and APU,047,Inerting and Protective Atmospheres,047-000,000,General,047-000_General,01_OPTIONS_ARCHITECTURE/01-03_TECHNOLOGIES/01-03-01_Q+ATLANTIDE/000-099_S-ATLAS/040-049_Avionics-Information-Systems-and-APU/047_Inerting-and-Protective-Atmospheres/047-000_General,https://github.com/AmedeoPelliccia/Q-plus-A/tree/main/01_OPTIONS_ARCHITECTURE/01-03_TECHNOLOGIES/01-03-01_Q%2BATLANTIDE/000-099_S-ATLAS/040-049_Avionics-Information-Systems-and-APU/047_Inerting-and-Protective-Atmospheres/047-000_General
000-099,S-ATLAS,040-049,Avionics Information Systems and APU,047,Inerting and Protective Atmospheres,047-100,100,Inert Gas Generation,047-100_Inert-Gas-Generation,01_OPTIONS_ARCHITECTURE/01-03_TECHNOLOGIES/01-03-01_Q+ATLANTIDE/000-099_S-ATLAS/040-049_Avionics-Information-Systems-and-APU/047_Inerting-and-Protective-Atmospheres/047-100_Inert-Gas-Generation,https://github.com/AmedeoPelliccia/Q-plus-A/tree/main/01_OPTIONS_ARCHITECTURE/01-03_TECHNOLOGIES/01-03-01_Q%2BATLANTIDE/000-099_S-ATLAS/040-049_Avionics-Information-Systems-and-APU/047_Inerting-and-Protective-Atmospheres/047-100_Inert-Gas-Generation
000-099,S-ATLAS,040-049,Avionics Information Systems and APU,047,Inerting and Protective Atmospheres,047-200,200,Inert Gas Distribution,047-200_Inert-Gas-Distribution,01_OPTIONS_ARCHITECTURE/01-03_TECHNOLOGIES/01-03-01_Q+ATLANTIDE/000-099_S-ATLAS/040-049_Avionics-Information-Systems-and-APU/047_Inerting-and-Protective-Atmospheres/047-200_Inert-Gas-Distribution,https://github.com/AmedeoPelliccia/Q-plus-A/tree/main/01_OPTIONS_ARCHITECTURE/01-03_TECHNOLOGIES/01-03-01_Q%2BATLANTIDE/000-099_S-ATLAS/040-049_Avionics-Information-Systems-and-APU/047_Inerting-and-Protective-Atmospheres/047-200_Inert-Gas-Distribution
000-099,S-ATLAS,040-049,Avionics Information Systems and APU,047,Inerting and Protective Atmospheres,047-300,300,Protected Volume Interfaces,047-300_Protected-Volume-Interfaces,01_OPTIONS_ARCHITECTURE/01-03_TECHNOLOGIES/01-03-01_Q+ATLANTIDE/000-099_S-ATLAS/040-049_Avionics-Information-Systems-and-APU/047_Inerting-and-Protective-Atmospheres/047-300_Protected-Volume-Interfaces,https://github.com/AmedeoPelliccia/Q-plus-A/tree/main/01_OPTIONS_ARCHITECTURE/01-03_TECHNOLOGIES/01-03-01_Q%2BATLANTIDE/000-099_S-ATLAS/040-049_Avionics-Information-Systems-and-APU/047_Inerting-and-Protective-Atmospheres/047-300_Protected-Volume-Interfaces
000-099,S-ATLAS,040-049,Avionics Information Systems and APU,047,Inerting and Protective Atmospheres,047-400,400,Atmosphere Monitoring and Indication,047-400_Atmosphere-Monitoring-and-Indication,01_OPTIONS_ARCHITECTURE/01-03_TECHNOLOGIES/01-03-01_Q+ATLANTIDE/000-099_S-ATLAS/040-049_Avionics-Information-Systems-and-APU/047_Inerting-and-Protective-Atmospheres/047-400_Atmosphere-Monitoring-and-Indication,https://github.com/AmedeoPelliccia/Q-plus-A/tree/main/01_OPTIONS_ARCHITECTURE/01-03_TECHNOLOGIES/01-03-01_Q%2BATLANTIDE/000-099_S-ATLAS/040-049_Avionics-Information-Systems-and-APU/047_Inerting-and-Protective-Atmospheres/047-400_Atmosphere-Monitoring-and-Indication
000-099,S-ATLAS,040-049,Avionics Information Systems and APU,047,Inerting and Protective Atmospheres,047-900,900,Inerting Management,047-900_Inerting-Management,01_OPTIONS_ARCHITECTURE/01-03_TECHNOLOGIES/01-03-01_Q+ATLANTIDE/000-099_S-ATLAS/040-049_Avionics-Information-Systems-and-APU/047_Inerting-and-Protective-Atmospheres/047-900_Inerting-Management,https://github.com/AmedeoPelliccia/Q-plus-A/tree/main/01_OPTIONS_ARCHITECTURE/01-03_TECHNOLOGIES/01-03-01_Q%2BATLANTIDE/000-099_S-ATLAS/040-049_Avionics-Information-Systems-and-APU/047_Inerting-and-Protective-Atmospheres/047-900_Inerting-Management
000-099,S-ATLAS,040-049,Avionics Information Systems and APU,049,Auxiliary Power Module,049-000,000,General,049-000_General,01_OPTIONS_ARCHITECTURE/01-03_TECHNOLOGIES/01-03-01_Q+ATLANTIDE/000-099_S-ATLAS/040-049_Avionics-Information-Systems-and-APU/049_Auxiliary-Power-Module/049-000_General,https://github.com/AmedeoPelliccia/Q-plus-A/tree/main/01_OPTIONS_ARCHITECTURE/01-03_TECHNOLOGIES/01-03-01_Q%2BATLANTIDE/000-099_S-ATLAS/040-049_Avionics-Information-Systems-and-APU/049_Auxiliary-Power-Module/049-000_General
000-099,S-ATLAS,040-049,Avionics Information Systems and APU,049,Auxiliary Power Module,049-100,100,APM Power Unit,049-100_APM-Power-Unit,01_OPTIONS_ARCHITECTURE/01-03_TECHNOLOGIES/01-03-01_Q+ATLANTIDE/000-099_S-ATLAS/040-049_Avionics-Information-Systems-and-APU/049_Auxiliary-Power-Module/049-100_APM-Power-Unit,https://github.com/AmedeoPelliccia/Q-plus-A/tree/main/01_OPTIONS_ARCHITECTURE/01-03_TECHNOLOGIES/01-03-01_Q%2BATLANTIDE/000-099_S-ATLAS/040-049_Avionics-Information-Systems-and-APU/049_Auxiliary-Power-Module/049-100_APM-Power-Unit
000-099,S-ATLAS,040-049,Avionics Information Systems and APU,049,Auxiliary Power Module,049-200,200,APM Energy Feed,049-200_APM-Energy-Feed,01_OPTIONS_ARCHITECTURE/01-03_TECHNOLOGIES/01-03-01_Q+ATLANTIDE/000-099_S-ATLAS/040-049_Avionics-Information-Systems-and-APU/049_Auxiliary-Power-Module/049-200_APM-Energy-Feed,https://github.com/AmedeoPelliccia/Q-plus-A/tree/main/01_OPTIONS_ARCHITECTURE/01-03_TECHNOLOGIES/01-03-01_Q%2BATLANTIDE/000-099_S-ATLAS/040-049_Avionics-Information-Systems-and-APU/049_Auxiliary-Power-Module/049-200_APM-Energy-Feed
000-099,S-ATLAS,040-049,Avionics Information Systems and APU,049,Auxiliary Power Module,049-300,300,APM Air and Exhaust,049-300_APM-Air-and-Exhaust,01_OPTIONS_ARCHITECTURE/01-03_TECHNOLOGIES/01-03-01_Q+ATLANTIDE/000-099_S-ATLAS/040-049_Avionics-Information-Systems-and-APU/049_Auxiliary-Power-Module/049-300_APM-Air-and-Exhaust,https://github.com/AmedeoPelliccia/Q-plus-A/tree/main/01_OPTIONS_ARCHITECTURE/01-03_TECHNOLOGIES/01-03-01_Q%2BATLANTIDE/000-099_S-ATLAS/040-049_Avionics-Information-Systems-and-APU/049_Auxiliary-Power-Module/049-300_APM-Air-and-Exhaust
000-099,S-ATLAS,040-049,Avionics Information Systems and APU,049,Auxiliary Power Module,049-400,400,APM Thermal Management,049-400_APM-Thermal-Management,01_OPTIONS_ARCHITECTURE/01-03_TECHNOLOGIES/01-03-01_Q+ATLANTIDE/000-099_S-ATLAS/040-049_Avionics-Information-Systems-and-APU/049_Auxiliary-Power-Module/049-400_APM-Thermal-Management,https://github.com/AmedeoPelliccia/Q-plus-A/tree/main/01_OPTIONS_ARCHITECTURE/01-03_TECHNOLOGIES/01-03-01_Q%2BATLANTIDE/000-099_S-ATLAS/040-049_Avionics-Information-Systems-and-APU/049_Auxiliary-Power-Module/049-400_APM-Thermal-Management
000-099,S-ATLAS,040-049,Avionics Information Systems and APU,049,Auxiliary Power Module,049-500,500,APM Power Output and Conversion,049-500_APM-Power-Output-and-Conversion,01_OPTIONS_ARCHITECTURE/01-03_TECHNOLOGIES/01-03-01_Q+ATLANTIDE/000-099_S-ATLAS/040-049_Avionics-Information-Systems-and-APU/049_Auxiliary-Power-Module/049-500_APM-Power-Output-and-Conversion,https://github.com/AmedeoPelliccia/Q-plus-A/tree/main/01_OPTIONS_ARCHITECTURE/01-03_TECHNOLOGIES/01-03-01_Q%2BATLANTIDE/000-099_S-ATLAS/040-049_Avionics-Information-Systems-and-APU/049_Auxiliary-Power-Module/049-500_APM-Power-Output-and-Conversion
000-099,S-ATLAS,040-049,Avionics Information Systems and APU,049,Auxiliary Power Module,049-600,600,APM Controls,049-600_APM-Controls,01_OPTIONS_ARCHITECTURE/01-03_TECHNOLOGIES/01-03-01_Q+ATLANTIDE/000-099_S-ATLAS/040-049_Avionics-Information-Systems-and-APU/049_Auxiliary-Power-Module/049-600_APM-Controls,https://github.com/AmedeoPelliccia/Q-plus-A/tree/main/01_OPTIONS_ARCHITECTURE/01-03_TECHNOLOGIES/01-03-01_Q%2BATLANTIDE/000-099_S-ATLAS/040-049_Avionics-Information-Systems-and-APU/049_Auxiliary-Power-Module/049-600_APM-Controls
000-099,S-ATLAS,040-049,Avionics Information Systems and APU,049,Auxiliary Power Module,049-700,700,APM Indicating,049-700_APM-Indicating,01_OPTIONS_ARCHITECTURE/01-03_TECHNOLOGIES/01-03-01_Q+ATLANTIDE/000-099_S-ATLAS/040-049_Avionics-Information-Systems-and-APU/049_Auxiliary-Power-Module/049-700_APM-Indicating,https://github.com/AmedeoPelliccia/Q-plus-A/tree/main/01_OPTIONS_ARCHITECTURE/01-03_TECHNOLOGIES/01-03-01_Q%2BATLANTIDE/000-099_S-ATLAS/040-049_Avionics-Information-Systems-and-APU/049_Auxiliary-Power-Module/049-700_APM-Indicating
000-099,S-ATLAS,040-049,Avionics Information Systems and APU,049,Auxiliary Power Module,049-900,900,APM Management,049-900_APM-Management,01_OPTIONS_ARCHITECTURE/01-03_TECHNOLOGIES/01-03-01_Q+ATLANTIDE/000-099_S-ATLAS/040-049_Avionics-Information-Systems-and-APU/049_Auxiliary-Power-Module/049-900_APM-Management,https://github.com/AmedeoPelliccia/Q-plus-A/tree/main/01_OPTIONS_ARCHITECTURE/01-03_TECHNOLOGIES/01-03-01_Q%2BATLANTIDE/000-099_S-ATLAS/040-049_Avionics-Information-Systems-and-APU/049_Auxiliary-Power-Module/049-900_APM-Management
000-099,S-ATLAS,050-059,Primary Structures and Programme Interfaces,050,Cargo and Accessory Compartments,050-000,000,General,050-000_General,01_OPTIONS_ARCHITECTURE/01-03_TECHNOLOGIES/01-03-01_Q+ATLANTIDE/000-099_S-ATLAS/050-059_Primary-Structures-and-Programme-Interfaces/050_Cargo-and-Accessory-Compartments/050-000_General,https://github.com/AmedeoPelliccia/Q-plus-A/tree/main/01_OPTIONS_ARCHITECTURE/01-03_TECHNOLOGIES/01-03-01_Q%2BATLANTIDE/000-099_S-ATLAS/050-059_Primary-Structures-and-Programme-Interfaces/050_Cargo-and-Accessory-Compartments/050-000_General
000-099,S-ATLAS,050-059,Primary Structures and Programme Interfaces,050,Cargo and Accessory Compartments,050-100,100,Cargo Compartments,050-100_Cargo-Compartments,01_OPTIONS_ARCHITECTURE/01-03_TECHNOLOGIES/01-03-01_Q+ATLANTIDE/000-099_S-ATLAS/050-059_Primary-Structures-and-Programme-Interfaces/050_Cargo-and-Accessory-Compartments/050-100_Cargo-Compartments,https://github.com/AmedeoPelliccia/Q-plus-A/tree/main/01_OPTIONS_ARCHITECTURE/01-03_TECHNOLOGIES/01-03-01_Q%2BATLANTIDE/000-099_S-ATLAS/050-059_Primary-Structures-and-Programme-Interfaces/050_Cargo-and-Accessory-Compartments/050-100_Cargo-Compartments
000-099,S-ATLAS,050-059,Primary Structures and Programme Interfaces,050,Cargo and Accessory Compartments,050-110,110,Forward Cargo Compartment,050-110_Forward-Cargo-Compartment,01_OPTIONS_ARCHITECTURE/01-03_TECHNOLOGIES/01-03-01_Q+ATLANTIDE/000-099_S-ATLAS/050-059_Primary-Structures-and-Programme-Interfaces/050_Cargo-and-Accessory-Compartments/050-110_Forward-Cargo-Compartment,https://github.com/AmedeoPelliccia/Q-plus-A/tree/main/01_OPTIONS_ARCHITECTURE/01-03_TECHNOLOGIES/01-03-01_Q%2BATLANTIDE/000-099_S-ATLAS/050-059_Primary-Structures-and-Programme-Interfaces/050_Cargo-and-Accessory-Compartments/050-110_Forward-Cargo-Compartment
000-099,S-ATLAS,050-059,Primary Structures and Programme Interfaces,050,Cargo and Accessory Compartments,050-120,120,Aft Cargo Compartment,050-120_Aft-Cargo-Compartment,01_OPTIONS_ARCHITECTURE/01-03_TECHNOLOGIES/01-03-01_Q+ATLANTIDE/000-099_S-ATLAS/050-059_Primary-Structures-and-Programme-Interfaces/050_Cargo-and-Accessory-Compartments/050-120_Aft-Cargo-Compartment,https://github.com/AmedeoPelliccia/Q-plus-A/tree/main/01_OPTIONS_ARCHITECTURE/01-03_TECHNOLOGIES/01-03-01_Q%2BATLANTIDE/000-099_S-ATLAS/050-059_Primary-Structures-and-Programme-Interfaces/050_Cargo-and-Accessory-Compartments/050-120_Aft-Cargo-Compartment
000-099,S-ATLAS,050-059,Primary Structures and Programme Interfaces,050,Cargo and Accessory Compartments,050-130,130,Bulk and Special Compartments,050-130_Bulk-and-Special-Compartments,01_OPTIONS_ARCHITECTURE/01-03_TECHNOLOGIES/01-03-01_Q+ATLANTIDE/000-099_S-ATLAS/050-059_Primary-Structures-and-Programme-Interfaces/050_Cargo-and-Accessory-Compartments/050-130_Bulk-and-Special-Compartments,https://github.com/AmedeoPelliccia/Q-plus-A/tree/main/01_OPTIONS_ARCHITECTURE/01-03_TECHNOLOGIES/01-03-01_Q%2BATLANTIDE/000-099_S-ATLAS/050-059_Primary-Structures-and-Programme-Interfaces/050_Cargo-and-Accessory-Compartments/050-130_Bulk-and-Special-Compartments
000-099,S-ATLAS,050-059,Primary Structures and Programme Interfaces,050,Cargo and Accessory Compartments,050-200,200,Cargo Loading and Restraint,050-200_Cargo-Loading-and-Restraint,01_OPTIONS_ARCHITECTURE/01-03_TECHNOLOGIES/01-03-01_Q+ATLANTIDE/000-099_S-ATLAS/050-059_Primary-Structures-and-Programme-Interfaces/050_Cargo-and-Accessory-Compartments/050-200_Cargo-Loading-and-Restraint,https://github.com/AmedeoPelliccia/Q-plus-A/tree/main/01_OPTIONS_ARCHITECTURE/01-03_TECHNOLOGIES/01-03-01_Q%2BATLANTIDE/000-099_S-ATLAS/050-059_Primary-Structures-and-Programme-Interfaces/050_Cargo-and-Accessory-Compartments/050-200_Cargo-Loading-and-Restraint
000-099,S-ATLAS,050-059,Primary Structures and Programme Interfaces,050,Cargo and Accessory Compartments,050-210,210,Loading and Retrieval Provisions,050-210_Loading-and-Retrieval-Provisions,01_OPTIONS_ARCHITECTURE/01-03_TECHNOLOGIES/01-03-01_Q+ATLANTIDE/000-099_S-ATLAS/050-059_Primary-Structures-and-Programme-Interfaces/050_Cargo-and-Accessory-Compartments/050-210_Loading-and-Retrieval-Provisions,https://github.com/AmedeoPelliccia/Q-plus-A/tree/main/01_OPTIONS_ARCHITECTURE/01-03_TECHNOLOGIES/01-03-01_Q%2BATLANTIDE/000-099_S-ATLAS/050-059_Primary-Structures-and-Programme-Interfaces/050_Cargo-and-Accessory-Compartments/050-210_Loading-and-Retrieval-Provisions
000-099,S-ATLAS,050-059,Primary Structures and Programme Interfaces,050,Cargo and Accessory Compartments,050-220,220,Restraint Nets and Tie Downs,050-220_Restraint-Nets-and-Tie-Downs,01_OPTIONS_ARCHITECTURE/01-03_TECHNOLOGIES/01-03-01_Q+ATLANTIDE/000-099_S-ATLAS/050-059_Primary-Structures-and-Programme-Interfaces/050_Cargo-and-Accessory-Compartments/050-220_Restraint-Nets-and-Tie-Downs,https://github.com/AmedeoPelliccia/Q-plus-A/tree/main/01_OPTIONS_ARCHITECTURE/01-03_TECHNOLOGIES/01-03-01_Q%2BATLANTIDE/000-099_S-ATLAS/050-059_Primary-Structures-and-Programme-Interfaces/050_Cargo-and-Accessory-Compartments/050-220_Restraint-Nets-and-Tie-Downs
000-099,S-ATLAS,050-059,Primary Structures and Programme Interfaces,050,Cargo and Accessory Compartments,050-300,300,Cargo Compartment Fittings,050-300_Cargo-Compartment-Fittings,01_OPTIONS_ARCHITECTURE/01-03_TECHNOLOGIES/01-03-01_Q+ATLANTIDE/000-099_S-ATLAS/050-059_Primary-Structures-and-Programme-Interfaces/050_Cargo-and-Accessory-Compartments/050-300_Cargo-Compartment-Fittings,https://github.com/AmedeoPelliccia/Q-plus-A/tree/main/01_OPTIONS_ARCHITECTURE/01-03_TECHNOLOGIES/01-03-01_Q%2BATLANTIDE/000-099_S-ATLAS/050-059_Primary-Structures-and-Programme-Interfaces/050_Cargo-and-Accessory-Compartments/050-300_Cargo-Compartment-Fittings
000-099,S-ATLAS,050-059,Primary Structures and Programme Interfaces,050,Cargo and Accessory Compartments,050-310,310,Linings Ceilings and Floor Finishing,050-310_Linings-Ceilings-and-Floor-Finishing,01_OPTIONS_ARCHITECTURE/01-03_TECHNOLOGIES/01-03-01_Q+ATLANTIDE/000-099_S-ATLAS/050-059_Primary-Structures-and-Programme-Interfaces/050_Cargo-and-Accessory-Compartments/050-310_Linings-Ceilings-and-Floor-Finishing,https://github.com/AmedeoPelliccia/Q-plus-A/tree/main/01_OPTIONS_ARCHITECTURE/01-03_TECHNOLOGIES/01-03-01_Q%2BATLANTIDE/000-099_S-ATLAS/050-059_Primary-Structures-and-Programme-Interfaces/050_Cargo-and-Accessory-Compartments/050-310_Linings-Ceilings-and-Floor-Finishing
000-099,S-ATLAS,050-059,Primary Structures and Programme Interfaces,050,Cargo and Accessory Compartments,050-320,320,Partitions and Spill Barriers,050-320_Partitions-and-Spill-Barriers,01_OPTIONS_ARCHITECTURE/01-03_TECHNOLOGIES/01-03-01_Q+ATLANTIDE/000-099_S-ATLAS/050-059_Primary-Structures-and-Programme-Interfaces/050_Cargo-and-Accessory-Compartments/050-320_Partitions-and-Spill-Barriers,https://github.com/AmedeoPelliccia/Q-plus-A/tree/main/01_OPTIONS_ARCHITECTURE/01-03_TECHNOLOGIES/01-03-01_Q%2BATLANTIDE/000-099_S-ATLAS/050-059_Primary-Structures-and-Programme-Interfaces/050_Cargo-and-Accessory-Compartments/050-320_Partitions-and-Spill-Barriers
000-099,S-ATLAS,050-059,Primary Structures and Programme Interfaces,050,Cargo and Accessory Compartments,050-500,500,Accessory Compartments,050-500_Accessory-Compartments,01_OPTIONS_ARCHITECTURE/01-03_TECHNOLOGIES/01-03-01_Q+ATLANTIDE/000-099_S-ATLAS/050-059_Primary-Structures-and-Programme-Interfaces/050_Cargo-and-Accessory-Compartments/050-500_Accessory-Compartments,https://github.com/AmedeoPelliccia/Q-plus-A/tree/main/01_OPTIONS_ARCHITECTURE/01-03_TECHNOLOGIES/01-03-01_Q%2BATLANTIDE/000-099_S-ATLAS/050-059_Primary-Structures-and-Programme-Interfaces/050_Cargo-and-Accessory-Compartments/050-500_Accessory-Compartments
000-099,S-ATLAS,050-059,Primary Structures and Programme Interfaces,050,Cargo and Accessory Compartments,050-510,510,Equipment Compartment Provisions,050-510_Equipment-Compartment-Provisions,01_OPTIONS_ARCHITECTURE/01-03_TECHNOLOGIES/01-03-01_Q+ATLANTIDE/000-099_S-ATLAS/050-059_Primary-Structures-and-Programme-Interfaces/050_Cargo-and-Accessory-Compartments/050-510_Equipment-Compartment-Provisions,https://github.com/AmedeoPelliccia/Q-plus-A/tree/main/01_OPTIONS_ARCHITECTURE/01-03_TECHNOLOGIES/01-03-01_Q%2BATLANTIDE/000-099_S-ATLAS/050-059_Primary-Structures-and-Programme-Interfaces/050_Cargo-and-Accessory-Compartments/050-510_Equipment-Compartment-Provisions
000-099,S-ATLAS,050-059,Primary Structures and Programme Interfaces,050,Cargo and Accessory Compartments,050-520,520,APM Compartment Provisions,050-520_APM-Compartment-Provisions,01_OPTIONS_ARCHITECTURE/01-03_TECHNOLOGIES/01-03-01_Q+ATLANTIDE/000-099_S-ATLAS/050-059_Primary-Structures-and-Programme-Interfaces/050_Cargo-and-Accessory-Compartments/050-520_APM-Compartment-Provisions,https://github.com/AmedeoPelliccia/Q-plus-A/tree/main/01_OPTIONS_ARCHITECTURE/01-03_TECHNOLOGIES/01-03-01_Q%2BATLANTIDE/000-099_S-ATLAS/050-059_Primary-Structures-and-Programme-Interfaces/050_Cargo-and-Accessory-Compartments/050-520_APM-Compartment-Provisions
000-099,S-ATLAS,050-059,Primary Structures and Programme Interfaces,050,Cargo and Accessory Compartments,050-530,530,Energy Carrier Bay Provisions,050-530_Energy-Carrier-Bay-Provisions,01_OPTIONS_ARCHITECTURE/01-03_TECHNOLOGIES/01-03-01_Q+ATLANTIDE/000-099_S-ATLAS/050-059_Primary-Structures-and-Programme-Interfaces/050_Cargo-and-Accessory-Compartments/050-530_Energy-Carrier-Bay-Provisions,https://github.com/AmedeoPelliccia/Q-plus-A/tree/main/01_OPTIONS_ARCHITECTURE/01-03_TECHNOLOGIES/01-03-01_Q%2BATLANTIDE/000-099_S-ATLAS/050-059_Primary-Structures-and-Programme-Interfaces/050_Cargo-and-Accessory-Compartments/050-530_Energy-Carrier-Bay-Provisions
000-099,S-ATLAS,050-059,Primary Structures and Programme Interfaces,050,Cargo and Accessory Compartments,050-540,540,Secure Stowage Provisions,050-540_Secure-Stowage-Provisions,01_OPTIONS_ARCHITECTURE/01-03_TECHNOLOGIES/01-03-01_Q+ATLANTIDE/000-099_S-ATLAS/050-059_Primary-Structures-and-Programme-Interfaces/050_Cargo-and-Accessory-Compartments/050-540_Secure-Stowage-Provisions,https://github.com/AmedeoPelliccia/Q-plus-A/tree/main/01_OPTIONS_ARCHITECTURE/01-03_TECHNOLOGIES/01-03-01_Q%2BATLANTIDE/000-099_S-ATLAS/050-059_Primary-Structures-and-Programme-Interfaces/050_Cargo-and-Accessory-Compartments/050-540_Secure-Stowage-Provisions
000-099,S-ATLAS,050-059,Primary Structures and Programme Interfaces,050,Cargo and Accessory Compartments,050-600,600,Compartment Insulation,050-600_Compartment-Insulation,01_OPTIONS_ARCHITECTURE/01-03_TECHNOLOGIES/01-03-01_Q+ATLANTIDE/000-099_S-ATLAS/050-059_Primary-Structures-and-Programme-Interfaces/050_Cargo-and-Accessory-Compartments/050-600_Compartment-Insulation,https://github.com/AmedeoPelliccia/Q-plus-A/tree/main/01_OPTIONS_ARCHITECTURE/01-03_TECHNOLOGIES/01-03-01_Q%2BATLANTIDE/000-099_S-ATLAS/050-059_Primary-Structures-and-Programme-Interfaces/050_Cargo-and-Accessory-Compartments/050-600_Compartment-Insulation
000-099,S-ATLAS,050-059,Primary Structures and Programme Interfaces,050,Cargo and Accessory Compartments,050-610,610,Thermal Acoustic Blankets,050-610_Thermal-Acoustic-Blankets,01_OPTIONS_ARCHITECTURE/01-03_TECHNOLOGIES/01-03-01_Q+ATLANTIDE/000-099_S-ATLAS/050-059_Primary-Structures-and-Programme-Interfaces/050_Cargo-and-Accessory-Compartments/050-610_Thermal-Acoustic-Blankets,https://github.com/AmedeoPelliccia/Q-plus-A/tree/main/01_OPTIONS_ARCHITECTURE/01-03_TECHNOLOGIES/01-03-01_Q%2BATLANTIDE/000-099_S-ATLAS/050-059_Primary-Structures-and-Programme-Interfaces/050_Cargo-and-Accessory-Compartments/050-610_Thermal-Acoustic-Blankets
000-099,S-ATLAS,050-059,Primary Structures and Programme Interfaces,050,Cargo and Accessory Compartments,050-620,620,Cryogenic Zone Insulation Interfaces,050-620_Cryogenic-Zone-Insulation-Interfaces,01_OPTIONS_ARCHITECTURE/01-03_TECHNOLOGIES/01-03-01_Q+ATLANTIDE/000-099_S-ATLAS/050-059_Primary-Structures-and-Programme-Interfaces/050_Cargo-and-Accessory-Compartments/050-620_Cryogenic-Zone-Insulation-Interfaces,https://github.com/AmedeoPelliccia/Q-plus-A/tree/main/01_OPTIONS_ARCHITECTURE/01-03_TECHNOLOGIES/01-03-01_Q%2BATLANTIDE/000-099_S-ATLAS/050-059_Primary-Structures-and-Programme-Interfaces/050_Cargo-and-Accessory-Compartments/050-620_Cryogenic-Zone-Insulation-Interfaces
000-099,S-ATLAS,050-059,Primary Structures and Programme Interfaces,050,Cargo and Accessory Compartments,050-900,900,Compartment Management,050-900_Compartment-Management,01_OPTIONS_ARCHITECTURE/01-03_TECHNOLOGIES/01-03-01_Q+ATLANTIDE/000-099_S-ATLAS/050-059_Primary-Structures-and-Programme-Interfaces/050_Cargo-and-Accessory-Compartments/050-900_Compartment-Management,https://github.com/AmedeoPelliccia/Q-plus-A/tree/main/01_OPTIONS_ARCHITECTURE/01-03_TECHNOLOGIES/01-03-01_Q%2BATLANTIDE/000-099_S-ATLAS/050-059_Primary-Structures-and-Programme-Interfaces/050_Cargo-and-Accessory-Compartments/050-900_Compartment-Management
000-099,S-ATLAS,050-059,Primary Structures and Programme Interfaces,051,Standard Practices Structures,051-000,000,General,051-000_General,01_OPTIONS_ARCHITECTURE/01-03_TECHNOLOGIES/01-03-01_Q+ATLANTIDE/000-099_S-ATLAS/050-059_Primary-Structures-and-Programme-Interfaces/051_Standard-Practices-Structures/051-000_General,https://github.com/AmedeoPelliccia/Q-plus-A/tree/main/01_OPTIONS_ARCHITECTURE/01-03_TECHNOLOGIES/01-03-01_Q%2BATLANTIDE/000-099_S-ATLAS/050-059_Primary-Structures-and-Programme-Interfaces/051_Standard-Practices-Structures/051-000_General
000-099,S-ATLAS,050-059,Primary Structures and Programme Interfaces,051,Standard Practices Structures,051-100,100,Damage and Smoothness,051-100_Damage-and-Smoothness,01_OPTIONS_ARCHITECTURE/01-03_TECHNOLOGIES/01-03-01_Q+ATLANTIDE/000-099_S-ATLAS/050-059_Primary-Structures-and-Programme-Interfaces/051_Standard-Practices-Structures/051-100_Damage-and-Smoothness,https://github.com/AmedeoPelliccia/Q-plus-A/tree/main/01_OPTIONS_ARCHITECTURE/01-03_TECHNOLOGIES/01-03-01_Q%2BATLANTIDE/000-099_S-ATLAS/050-059_Primary-Structures-and-Programme-Interfaces/051_Standard-Practices-Structures/051-100_Damage-and-Smoothness
000-099,S-ATLAS,050-059,Primary Structures and Programme Interfaces,051,Standard Practices Structures,051-110,110,Damage Assessment and Classification,051-110_Damage-Assessment-and-Classification,01_OPTIONS_ARCHITECTURE/01-03_TECHNOLOGIES/01-03-01_Q+ATLANTIDE/000-099_S-ATLAS/050-059_Primary-Structures-and-Programme-Interfaces/051_Standard-Practices-Structures/051-110_Damage-Assessment-and-Classification,https://github.com/AmedeoPelliccia/Q-plus-A/tree/main/01_OPTIONS_ARCHITECTURE/01-03_TECHNOLOGIES/01-03-01_Q%2BATLANTIDE/000-099_S-ATLAS/050-059_Primary-Structures-and-Programme-Interfaces/051_Standard-Practices-Structures/051-110_Damage-Assessment-and-Classification
000-099,S-ATLAS,050-059,Primary Structures and Programme Interfaces,051,Standard Practices Structures,051-120,120,Aerodynamic Smoothness,051-120_Aerodynamic-Smoothness,01_OPTIONS_ARCHITECTURE/01-03_TECHNOLOGIES/01-03-01_Q+ATLANTIDE/000-099_S-ATLAS/050-059_Primary-Structures-and-Programme-Interfaces/051_Standard-Practices-Structures/051-120_Aerodynamic-Smoothness,https://github.com/AmedeoPelliccia/Q-plus-A/tree/main/01_OPTIONS_ARCHITECTURE/01-03_TECHNOLOGIES/01-03-01_Q%2BATLANTIDE/000-099_S-ATLAS/050-059_Primary-Structures-and-Programme-Interfaces/051_Standard-Practices-Structures/051-120_Aerodynamic-Smoothness
000-099,S-ATLAS,050-059,Primary Structures and Programme Interfaces,051,Standard Practices Structures,051-130,130,Corrosion and Environmental Degradation,051-130_Corrosion-and-Environmental-Degradation,01_OPTIONS_ARCHITECTURE/01-03_TECHNOLOGIES/01-03-01_Q+ATLANTIDE/000-099_S-ATLAS/050-059_Primary-Structures-and-Programme-Interfaces/051_Standard-Practices-Structures/051-130_Corrosion-and-Environmental-Degradation,https://github.com/AmedeoPelliccia/Q-plus-A/tree/main/01_OPTIONS_ARCHITECTURE/01-03_TECHNOLOGIES/01-03-01_Q%2BATLANTIDE/000-099_S-ATLAS/050-059_Primary-Structures-and-Programme-Interfaces/051_Standard-Practices-Structures/051-130_Corrosion-and-Environmental-Degradation
000-099,S-ATLAS,050-059,Primary Structures and Programme Interfaces,051,Standard Practices Structures,051-140,140,Nondestructive Inspection Standards,051-140_Nondestructive-Inspection-Standards,01_OPTIONS_ARCHITECTURE/01-03_TECHNOLOGIES/01-03-01_Q+ATLANTIDE/000-099_S-ATLAS/050-059_Primary-Structures-and-Programme-Interfaces/051_Standard-Practices-Structures/051-140_Nondestructive-Inspection-Standards,https://github.com/AmedeoPelliccia/Q-plus-A/tree/main/01_OPTIONS_ARCHITECTURE/01-03_TECHNOLOGIES/01-03-01_Q%2BATLANTIDE/000-099_S-ATLAS/050-059_Primary-Structures-and-Programme-Interfaces/051_Standard-Practices-Structures/051-140_Nondestructive-Inspection-Standards
000-099,S-ATLAS,050-059,Primary Structures and Programme Interfaces,051,Standard Practices Structures,051-200,200,Processes and Treatments,051-200_Processes-and-Treatments,01_OPTIONS_ARCHITECTURE/01-03_TECHNOLOGIES/01-03-01_Q+ATLANTIDE/000-099_S-ATLAS/050-059_Primary-Structures-and-Programme-Interfaces/051_Standard-Practices-Structures/051-200_Processes-and-Treatments,https://github.com/AmedeoPelliccia/Q-plus-A/tree/main/01_OPTIONS_ARCHITECTURE/01-03_TECHNOLOGIES/01-03-01_Q%2BATLANTIDE/000-099_S-ATLAS/050-059_Primary-Structures-and-Programme-Interfaces/051_Standard-Practices-Structures/051-200_Processes-and-Treatments
000-099,S-ATLAS,050-059,Primary Structures and Programme Interfaces,051,Standard Practices Structures,051-210,210,Surface Protection and Coatings,051-210_Surface-Protection-and-Coatings,01_OPTIONS_ARCHITECTURE/01-03_TECHNOLOGIES/01-03-01_Q+ATLANTIDE/000-099_S-ATLAS/050-059_Primary-Structures-and-Programme-Interfaces/051_Standard-Practices-Structures/051-210_Surface-Protection-and-Coatings,https://github.com/AmedeoPelliccia/Q-plus-A/tree/main/01_OPTIONS_ARCHITECTURE/01-03_TECHNOLOGIES/01-03-01_Q%2BATLANTIDE/000-099_S-ATLAS/050-059_Primary-Structures-and-Programme-Interfaces/051_Standard-Practices-Structures/051-210_Surface-Protection-and-Coatings
000-099,S-ATLAS,050-059,Primary Structures and Programme Interfaces,051,Standard Practices Structures,051-220,220,Sealing and Adhesive Bonding Processes,051-220_Sealing-and-Adhesive-Bonding-Processes,01_OPTIONS_ARCHITECTURE/01-03_TECHNOLOGIES/01-03-01_Q+ATLANTIDE/000-099_S-ATLAS/050-059_Primary-Structures-and-Programme-Interfaces/051_Standard-Practices-Structures/051-220_Sealing-and-Adhesive-Bonding-Processes,https://github.com/AmedeoPelliccia/Q-plus-A/tree/main/01_OPTIONS_ARCHITECTURE/01-03_TECHNOLOGIES/01-03-01_Q%2BATLANTIDE/000-099_S-ATLAS/050-059_Primary-Structures-and-Programme-Interfaces/051_Standard-Practices-Structures/051-220_Sealing-and-Adhesive-Bonding-Processes
000-099,S-ATLAS,050-059,Primary Structures and Programme Interfaces,051,Standard Practices Structures,051-230,230,Additive and Advanced Manufacturing Processes,051-230_Additive-and-Advanced-Manufacturing-Processes,01_OPTIONS_ARCHITECTURE/01-03_TECHNOLOGIES/01-03-01_Q+ATLANTIDE/000-099_S-ATLAS/050-059_Primary-Structures-and-Programme-Interfaces/051_Standard-Practices-Structures/051-230_Additive-and-Advanced-Manufacturing-Processes,https://github.com/AmedeoPelliccia/Q-plus-A/tree/main/01_OPTIONS_ARCHITECTURE/01-03_TECHNOLOGIES/01-03-01_Q%2BATLANTIDE/000-099_S-ATLAS/050-059_Primary-Structures-and-Programme-Interfaces/051_Standard-Practices-Structures/051-230_Additive-and-Advanced-Manufacturing-Processes
000-099,S-ATLAS,050-059,Primary Structures and Programme Interfaces,051,Standard Practices Structures,051-300,300,Materials Standards,051-300_Materials-Standards,01_OPTIONS_ARCHITECTURE/01-03_TECHNOLOGIES/01-03-01_Q+ATLANTIDE/000-099_S-ATLAS/050-059_Primary-Structures-and-Programme-Interfaces/051_Standard-Practices-Structures/051-300_Materials-Standards,https://github.com/AmedeoPelliccia/Q-plus-A/tree/main/01_OPTIONS_ARCHITECTURE/01-03_TECHNOLOGIES/01-03-01_Q%2BATLANTIDE/000-099_S-ATLAS/050-059_Primary-Structures-and-Programme-Interfaces/051_Standard-Practices-Structures/051-300_Materials-Standards
000-099,S-ATLAS,050-059,Primary Structures and Programme Interfaces,051,Standard Practices Structures,051-310,310,Metallic Materials,051-310_Metallic-Materials,01_OPTIONS_ARCHITECTURE/01-03_TECHNOLOGIES/01-03-01_Q+ATLANTIDE/000-099_S-ATLAS/050-059_Primary-Structures-and-Programme-Interfaces/051_Standard-Practices-Structures/051-310_Metallic-Materials,https://github.com/AmedeoPelliccia/Q-plus-A/tree/main/01_OPTIONS_ARCHITECTURE/01-03_TECHNOLOGIES/01-03-01_Q%2BATLANTIDE/000-099_S-ATLAS/050-059_Primary-Structures-and-Programme-Interfaces/051_Standard-Practices-Structures/051-310_Metallic-Materials
000-099,S-ATLAS,050-059,Primary Structures and Programme Interfaces,051,Standard Practices Structures,051-320,320,Composite and Thermoplastic Materials,051-320_Composite-and-Thermoplastic-Materials,01_OPTIONS_ARCHITECTURE/01-03_TECHNOLOGIES/01-03-01_Q+ATLANTIDE/000-099_S-ATLAS/050-059_Primary-Structures-and-Programme-Interfaces/051_Standard-Practices-Structures/051-320_Composite-and-Thermoplastic-Materials,https://github.com/AmedeoPelliccia/Q-plus-A/tree/main/01_OPTIONS_ARCHITECTURE/01-03_TECHNOLOGIES/01-03-01_Q%2BATLANTIDE/000-099_S-ATLAS/050-059_Primary-Structures-and-Programme-Interfaces/051_Standard-Practices-Structures/051-320_Composite-and-Thermoplastic-Materials
000-099,S-ATLAS,050-059,Primary Structures and Programme Interfaces,051,Standard Practices Structures,051-330,330,Cryogenic Compatible Materials and Sealants,051-330_Cryogenic-Compatible-Materials-and-Sealants,01_OPTIONS_ARCHITECTURE/01-03_TECHNOLOGIES/01-03-01_Q+ATLANTIDE/000-099_S-ATLAS/050-059_Primary-Structures-and-Programme-Interfaces/051_Standard-Practices-Structures/051-330_Cryogenic-Compatible-Materials-and-Sealants,https://github.com/AmedeoPelliccia/Q-plus-A/tree/main/01_OPTIONS_ARCHITECTURE/01-03_TECHNOLOGIES/01-03-01_Q%2BATLANTIDE/000-099_S-ATLAS/050-059_Primary-Structures-and-Programme-Interfaces/051_Standard-Practices-Structures/051-330_Cryogenic-Compatible-Materials-and-Sealants
000-099,S-ATLAS,050-059,Primary Structures and Programme Interfaces,051,Standard Practices Structures,051-340,340,Material Circularity and Traceability,051-340_Material-Circularity-and-Traceability,01_OPTIONS_ARCHITECTURE/01-03_TECHNOLOGIES/01-03-01_Q+ATLANTIDE/000-099_S-ATLAS/050-059_Primary-Structures-and-Programme-Interfaces/051_Standard-Practices-Structures/051-340_Material-Circularity-and-Traceability,https://github.com/AmedeoPelliccia/Q-plus-A/tree/main/01_OPTIONS_ARCHITECTURE/01-03_TECHNOLOGIES/01-03-01_Q%2BATLANTIDE/000-099_S-ATLAS/050-059_Primary-Structures-and-Programme-Interfaces/051_Standard-Practices-Structures/051-340_Material-Circularity-and-Traceability
000-099,S-ATLAS,050-059,Primary Structures and Programme Interfaces,051,Standard Practices Structures,051-400,400,Fastening and Joining Standards,051-400_Fastening-and-Joining-Standards,01_OPTIONS_ARCHITECTURE/01-03_TECHNOLOGIES/01-03-01_Q+ATLANTIDE/000-099_S-ATLAS/050-059_Primary-Structures-and-Programme-Interfaces/051_Standard-Practices-Structures/051-400_Fastening-and-Joining-Standards,https://github.com/AmedeoPelliccia/Q-plus-A/tree/main/01_OPTIONS_ARCHITECTURE/01-03_TECHNOLOGIES/01-03-01_Q%2BATLANTIDE/000-099_S-ATLAS/050-059_Primary-Structures-and-Programme-Interfaces/051_Standard-Practices-Structures/051-400_Fastening-and-Joining-Standards
000-099,S-ATLAS,050-059,Primary Structures and Programme Interfaces,051,Standard Practices Structures,051-410,410,Fastener Standards,051-410_Fastener-Standards,01_OPTIONS_ARCHITECTURE/01-03_TECHNOLOGIES/01-03-01_Q+ATLANTIDE/000-099_S-ATLAS/050-059_Primary-Structures-and-Programme-Interfaces/051_Standard-Practices-Structures/051-410_Fastener-Standards,https://github.com/AmedeoPelliccia/Q-plus-A/tree/main/01_OPTIONS_ARCHITECTURE/01-03_TECHNOLOGIES/01-03-01_Q%2BATLANTIDE/000-099_S-ATLAS/050-059_Primary-Structures-and-Programme-Interfaces/051_Standard-Practices-Structures/051-410_Fastener-Standards
000-099,S-ATLAS,050-059,Primary Structures and Programme Interfaces,051,Standard Practices Structures,051-420,420,Bonded Joint Standards,051-420_Bonded-Joint-Standards,01_OPTIONS_ARCHITECTURE/01-03_TECHNOLOGIES/01-03-01_Q+ATLANTIDE/000-099_S-ATLAS/050-059_Primary-Structures-and-Programme-Interfaces/051_Standard-Practices-Structures/051-420_Bonded-Joint-Standards,https://github.com/AmedeoPelliccia/Q-plus-A/tree/main/01_OPTIONS_ARCHITECTURE/01-03_TECHNOLOGIES/01-03-01_Q%2BATLANTIDE/000-099_S-ATLAS/050-059_Primary-Structures-and-Programme-Interfaces/051_Standard-Practices-Structures/051-420_Bonded-Joint-Standards
000-099,S-ATLAS,050-059,Primary Structures and Programme Interfaces,051,Standard Practices Structures,051-430,430,Welded Joint Standards,051-430_Welded-Joint-Standards,01_OPTIONS_ARCHITECTURE/01-03_TECHNOLOGIES/01-03-01_Q+ATLANTIDE/000-099_S-ATLAS/050-059_Primary-Structures-and-Programme-Interfaces/051_Standard-Practices-Structures/051-430_Welded-Joint-Standards,https://github.com/AmedeoPelliccia/Q-plus-A/tree/main/01_OPTIONS_ARCHITECTURE/01-03_TECHNOLOGIES/01-03-01_Q%2BATLANTIDE/000-099_S-ATLAS/050-059_Primary-Structures-and-Programme-Interfaces/051_Standard-Practices-Structures/051-430_Welded-Joint-Standards
000-099,S-ATLAS,050-059,Primary Structures and Programme Interfaces,051,Standard Practices Structures,051-500,500,Standard Structural Design Elements,051-500_Standard-Structural-Design-Elements,01_OPTIONS_ARCHITECTURE/01-03_TECHNOLOGIES/01-03-01_Q+ATLANTIDE/000-099_S-ATLAS/050-059_Primary-Structures-and-Programme-Interfaces/051_Standard-Practices-Structures/051-500_Standard-Structural-Design-Elements,https://github.com/AmedeoPelliccia/Q-plus-A/tree/main/01_OPTIONS_ARCHITECTURE/01-03_TECHNOLOGIES/01-03-01_Q%2BATLANTIDE/000-099_S-ATLAS/050-059_Primary-Structures-and-Programme-Interfaces/051_Standard-Practices-Structures/051-500_Standard-Structural-Design-Elements
000-099,S-ATLAS,050-059,Primary Structures and Programme Interfaces,051,Standard Practices Structures,051-510,510,Splice and Butt Joint Standards,051-510_Splice-and-Butt-Joint-Standards,01_OPTIONS_ARCHITECTURE/01-03_TECHNOLOGIES/01-03-01_Q+ATLANTIDE/000-099_S-ATLAS/050-059_Primary-Structures-and-Programme-Interfaces/051_Standard-Practices-Structures/051-510_Splice-and-Butt-Joint-Standards,https://github.com/AmedeoPelliccia/Q-plus-A/tree/main/01_OPTIONS_ARCHITECTURE/01-03_TECHNOLOGIES/01-03-01_Q%2BATLANTIDE/000-099_S-ATLAS/050-059_Primary-Structures-and-Programme-Interfaces/051_Standard-Practices-Structures/051-510_Splice-and-Butt-Joint-Standards
000-099,S-ATLAS,050-059,Primary Structures and Programme Interfaces,051,Standard Practices Structures,051-520,520,Cutout Reinforcement Standards,051-520_Cutout-Reinforcement-Standards,01_OPTIONS_ARCHITECTURE/01-03_TECHNOLOGIES/01-03-01_Q+ATLANTIDE/000-099_S-ATLAS/050-059_Primary-Structures-and-Programme-Interfaces/051_Standard-Practices-Structures/051-520_Cutout-Reinforcement-Standards,https://github.com/AmedeoPelliccia/Q-plus-A/tree/main/01_OPTIONS_ARCHITECTURE/01-03_TECHNOLOGIES/01-03-01_Q%2BATLANTIDE/000-099_S-ATLAS/050-059_Primary-Structures-and-Programme-Interfaces/051_Standard-Practices-Structures/051-520_Cutout-Reinforcement-Standards
000-099,S-ATLAS,050-059,Primary Structures and Programme Interfaces,051,Standard Practices Structures,051-530,530,Shear Tie and Clip Standards,051-530_Shear-Tie-and-Clip-Standards,01_OPTIONS_ARCHITECTURE/01-03_TECHNOLOGIES/01-03-01_Q+ATLANTIDE/000-099_S-ATLAS/050-059_Primary-Structures-and-Programme-Interfaces/051_Standard-Practices-Structures/051-530_Shear-Tie-and-Clip-Standards,https://github.com/AmedeoPelliccia/Q-plus-A/tree/main/01_OPTIONS_ARCHITECTURE/01-03_TECHNOLOGIES/01-03-01_Q%2BATLANTIDE/000-099_S-ATLAS/050-059_Primary-Structures-and-Programme-Interfaces/051_Standard-Practices-Structures/051-530_Shear-Tie-and-Clip-Standards
000-099,S-ATLAS,050-059,Primary Structures and Programme Interfaces,051,Standard Practices Structures,051-540,540,Lug and Fitting Standards,051-540_Lug-and-Fitting-Standards,01_OPTIONS_ARCHITECTURE/01-03_TECHNOLOGIES/01-03-01_Q+ATLANTIDE/000-099_S-ATLAS/050-059_Primary-Structures-and-Programme-Interfaces/051_Standard-Practices-Structures/051-540_Lug-and-Fitting-Standards,https://github.com/AmedeoPelliccia/Q-plus-A/tree/main/01_OPTIONS_ARCHITECTURE/01-03_TECHNOLOGIES/01-03-01_Q%2BATLANTIDE/000-099_S-ATLAS/050-059_Primary-Structures-and-Programme-Interfaces/051_Standard-Practices-Structures/051-540_Lug-and-Fitting-Standards
000-099,S-ATLAS,050-059,Primary Structures and Programme Interfaces,051,Standard Practices Structures,051-600,600,Control Surface Balancing,051-600_Control-Surface-Balancing,01_OPTIONS_ARCHITECTURE/01-03_TECHNOLOGIES/01-03-01_Q+ATLANTIDE/000-099_S-ATLAS/050-059_Primary-Structures-and-Programme-Interfaces/051_Standard-Practices-Structures/051-600_Control-Surface-Balancing,https://github.com/AmedeoPelliccia/Q-plus-A/tree/main/01_OPTIONS_ARCHITECTURE/01-03_TECHNOLOGIES/01-03-01_Q%2BATLANTIDE/000-099_S-ATLAS/050-059_Primary-Structures-and-Programme-Interfaces/051_Standard-Practices-Structures/051-600_Control-Surface-Balancing
000-099,S-ATLAS,050-059,Primary Structures and Programme Interfaces,051,Standard Practices Structures,051-700,700,Standard Repairs,051-700_Standard-Repairs,01_OPTIONS_ARCHITECTURE/01-03_TECHNOLOGIES/01-03-01_Q+ATLANTIDE/000-099_S-ATLAS/050-059_Primary-Structures-and-Programme-Interfaces/051_Standard-Practices-Structures/051-700_Standard-Repairs,https://github.com/AmedeoPelliccia/Q-plus-A/tree/main/01_OPTIONS_ARCHITECTURE/01-03_TECHNOLOGIES/01-03-01_Q%2BATLANTIDE/000-099_S-ATLAS/050-059_Primary-Structures-and-Programme-Interfaces/051_Standard-Practices-Structures/051-700_Standard-Repairs
000-099,S-ATLAS,050-059,Primary Structures and Programme Interfaces,051,Standard Practices Structures,051-710,710,Metallic Repair Standards,051-710_Metallic-Repair-Standards,01_OPTIONS_ARCHITECTURE/01-03_TECHNOLOGIES/01-03-01_Q+ATLANTIDE/000-099_S-ATLAS/050-059_Primary-Structures-and-Programme-Interfaces/051_Standard-Practices-Structures/051-710_Metallic-Repair-Standards,https://github.com/AmedeoPelliccia/Q-plus-A/tree/main/01_OPTIONS_ARCHITECTURE/01-03_TECHNOLOGIES/01-03-01_Q%2BATLANTIDE/000-099_S-ATLAS/050-059_Primary-Structures-and-Programme-Interfaces/051_Standard-Practices-Structures/051-710_Metallic-Repair-Standards
000-099,S-ATLAS,050-059,Primary Structures and Programme Interfaces,051,Standard Practices Structures,051-720,720,Composite Repair Standards,051-720_Composite-Repair-Standards,01_OPTIONS_ARCHITECTURE/01-03_TECHNOLOGIES/01-03-01_Q+ATLANTIDE/000-099_S-ATLAS/050-059_Primary-Structures-and-Programme-Interfaces/051_Standard-Practices-Structures/051-720_Composite-Repair-Standards,https://github.com/AmedeoPelliccia/Q-plus-A/tree/main/01_OPTIONS_ARCHITECTURE/01-03_TECHNOLOGIES/01-03-01_Q%2BATLANTIDE/000-099_S-ATLAS/050-059_Primary-Structures-and-Programme-Interfaces/051_Standard-Practices-Structures/051-720_Composite-Repair-Standards
000-099,S-ATLAS,050-059,Primary Structures and Programme Interfaces,051,Standard Practices Structures,051-800,800,Electrical Bonding and Protection,051-800_Electrical-Bonding-and-Protection,01_OPTIONS_ARCHITECTURE/01-03_TECHNOLOGIES/01-03-01_Q+ATLANTIDE/000-099_S-ATLAS/050-059_Primary-Structures-and-Programme-Interfaces/051_Standard-Practices-Structures/051-800_Electrical-Bonding-and-Protection,https://github.com/AmedeoPelliccia/Q-plus-A/tree/main/01_OPTIONS_ARCHITECTURE/01-03_TECHNOLOGIES/01-03-01_Q%2BATLANTIDE/000-099_S-ATLAS/050-059_Primary-Structures-and-Programme-Interfaces/051_Standard-Practices-Structures/051-800_Electrical-Bonding-and-Protection
000-099,S-ATLAS,050-059,Primary Structures and Programme Interfaces,051,Standard Practices Structures,051-810,810,Bonding and Grounding Standards,051-810_Bonding-and-Grounding-Standards,01_OPTIONS_ARCHITECTURE/01-03_TECHNOLOGIES/01-03-01_Q+ATLANTIDE/000-099_S-ATLAS/050-059_Primary-Structures-and-Programme-Interfaces/051_Standard-Practices-Structures/051-810_Bonding-and-Grounding-Standards,https://github.com/AmedeoPelliccia/Q-plus-A/tree/main/01_OPTIONS_ARCHITECTURE/01-03_TECHNOLOGIES/01-03-01_Q%2BATLANTIDE/000-099_S-ATLAS/050-059_Primary-Structures-and-Programme-Interfaces/051_Standard-Practices-Structures/051-810_Bonding-and-Grounding-Standards
000-099,S-ATLAS,050-059,Primary Structures and Programme Interfaces,051,Standard Practices Structures,051-820,820,Lightning and EMI Protection Standards,051-820_Lightning-and-EMI-Protection-Standards,01_OPTIONS_ARCHITECTURE/01-03_TECHNOLOGIES/01-03-01_Q+ATLANTIDE/000-099_S-ATLAS/050-059_Primary-Structures-and-Programme-Interfaces/051_Standard-Practices-Structures/051-820_Lightning-and-EMI-Protection-Standards,https://github.com/AmedeoPelliccia/Q-plus-A/tree/main/01_OPTIONS_ARCHITECTURE/01-03_TECHNOLOGIES/01-03-01_Q%2BATLANTIDE/000-099_S-ATLAS/050-059_Primary-Structures-and-Programme-Interfaces/051_Standard-Practices-Structures/051-820_Lightning-and-EMI-Protection-Standards
000-099,S-ATLAS,050-059,Primary Structures and Programme Interfaces,051,Standard Practices Structures,051-900,900,Structures Standards Governance,051-900_Structures-Standards-Governance,01_OPTIONS_ARCHITECTURE/01-03_TECHNOLOGIES/01-03-01_Q+ATLANTIDE/000-099_S-ATLAS/050-059_Primary-Structures-and-Programme-Interfaces/051_Standard-Practices-Structures/051-900_Structures-Standards-Governance,https://github.com/AmedeoPelliccia/Q-plus-A/tree/main/01_OPTIONS_ARCHITECTURE/01-03_TECHNOLOGIES/01-03-01_Q%2BATLANTIDE/000-099_S-ATLAS/050-059_Primary-Structures-and-Programme-Interfaces/051_Standard-Practices-Structures/051-900_Structures-Standards-Governance
000-099,S-ATLAS,050-059,Primary Structures and Programme Interfaces,052,Doors,052-000,000,General,052-000_General,01_OPTIONS_ARCHITECTURE/01-03_TECHNOLOGIES/01-03-01_Q+ATLANTIDE/000-099_S-ATLAS/050-059_Primary-Structures-and-Programme-Interfaces/052_Doors/052-000_General,https://github.com/AmedeoPelliccia/Q-plus-A/tree/main/01_OPTIONS_ARCHITECTURE/01-03_TECHNOLOGIES/01-03-01_Q%2BATLANTIDE/000-099_S-ATLAS/050-059_Primary-Structures-and-Programme-Interfaces/052_Doors/052-000_General
000-099,S-ATLAS,050-059,Primary Structures and Programme Interfaces,052,Doors,052-100,100,Passenger and Crew Doors,052-100_Passenger-and-Crew-Doors,01_OPTIONS_ARCHITECTURE/01-03_TECHNOLOGIES/01-03-01_Q+ATLANTIDE/000-099_S-ATLAS/050-059_Primary-Structures-and-Programme-Interfaces/052_Doors/052-100_Passenger-and-Crew-Doors,https://github.com/AmedeoPelliccia/Q-plus-A/tree/main/01_OPTIONS_ARCHITECTURE/01-03_TECHNOLOGIES/01-03-01_Q%2BATLANTIDE/000-099_S-ATLAS/050-059_Primary-Structures-and-Programme-Interfaces/052_Doors/052-100_Passenger-and-Crew-Doors
000-099,S-ATLAS,050-059,Primary Structures and Programme Interfaces,052,Doors,052-200,200,Emergency Exits and Escape Hatches,052-200_Emergency-Exits-and-Escape-Hatches,01_OPTIONS_ARCHITECTURE/01-03_TECHNOLOGIES/01-03-01_Q+ATLANTIDE/000-099_S-ATLAS/050-059_Primary-Structures-and-Programme-Interfaces/052_Doors/052-200_Emergency-Exits-and-Escape-Hatches,https://github.com/AmedeoPelliccia/Q-plus-A/tree/main/01_OPTIONS_ARCHITECTURE/01-03_TECHNOLOGIES/01-03-01_Q%2BATLANTIDE/000-099_S-ATLAS/050-059_Primary-Structures-and-Programme-Interfaces/052_Doors/052-200_Emergency-Exits-and-Escape-Hatches
000-099,S-ATLAS,050-059,Primary Structures and Programme Interfaces,052,Doors,052-300,300,Cargo Doors,052-300_Cargo-Doors,01_OPTIONS_ARCHITECTURE/01-03_TECHNOLOGIES/01-03-01_Q+ATLANTIDE/000-099_S-ATLAS/050-059_Primary-Structures-and-Programme-Interfaces/052_Doors/052-300_Cargo-Doors,https://github.com/AmedeoPelliccia/Q-plus-A/tree/main/01_OPTIONS_ARCHITECTURE/01-03_TECHNOLOGIES/01-03-01_Q%2BATLANTIDE/000-099_S-ATLAS/050-059_Primary-Structures-and-Programme-Interfaces/052_Doors/052-300_Cargo-Doors
000-099,S-ATLAS,050-059,Primary Structures and Programme Interfaces,052,Doors,052-400,400,Service and Access Doors,052-400_Service-and-Access-Doors,01_OPTIONS_ARCHITECTURE/01-03_TECHNOLOGIES/01-03-01_Q+ATLANTIDE/000-099_S-ATLAS/050-059_Primary-Structures-and-Programme-Interfaces/052_Doors/052-400_Service-and-Access-Doors,https://github.com/AmedeoPelliccia/Q-plus-A/tree/main/01_OPTIONS_ARCHITECTURE/01-03_TECHNOLOGIES/01-03-01_Q%2BATLANTIDE/000-099_S-ATLAS/050-059_Primary-Structures-and-Programme-Interfaces/052_Doors/052-400_Service-and-Access-Doors
000-099,S-ATLAS,050-059,Primary Structures and Programme Interfaces,052,Doors,052-500,500,Integral Stairs and Boarding Provisions,052-500_Integral-Stairs-and-Boarding-Provisions,01_OPTIONS_ARCHITECTURE/01-03_TECHNOLOGIES/01-03-01_Q+ATLANTIDE/000-099_S-ATLAS/050-059_Primary-Structures-and-Programme-Interfaces/052_Doors/052-500_Integral-Stairs-and-Boarding-Provisions,https://github.com/AmedeoPelliccia/Q-plus-A/tree/main/01_OPTIONS_ARCHITECTURE/01-03_TECHNOLOGIES/01-03-01_Q%2BATLANTIDE/000-099_S-ATLAS/050-059_Primary-Structures-and-Programme-Interfaces/052_Doors/052-500_Integral-Stairs-and-Boarding-Provisions
000-099,S-ATLAS,050-059,Primary Structures and Programme Interfaces,052,Doors,052-600,600,Door Mechanisms Latching and Locking,052-600_Door-Mechanisms-Latching-and-Locking,01_OPTIONS_ARCHITECTURE/01-03_TECHNOLOGIES/01-03-01_Q+ATLANTIDE/000-099_S-ATLAS/050-059_Primary-Structures-and-Programme-Interfaces/052_Doors/052-600_Door-Mechanisms-Latching-and-Locking,https://github.com/AmedeoPelliccia/Q-plus-A/tree/main/01_OPTIONS_ARCHITECTURE/01-03_TECHNOLOGIES/01-03-01_Q%2BATLANTIDE/000-099_S-ATLAS/050-059_Primary-Structures-and-Programme-Interfaces/052_Doors/052-600_Door-Mechanisms-Latching-and-Locking
000-099,S-ATLAS,050-059,Primary Structures and Programme Interfaces,052,Doors,052-700,700,Door State Sensing Monitoring and Alerting Interfaces,052-700_Door-State-Sensing-Monitoring-and-Alerting-Interfaces,01_OPTIONS_ARCHITECTURE/01-03_TECHNOLOGIES/01-03-01_Q+ATLANTIDE/000-099_S-ATLAS/050-059_Primary-Structures-and-Programme-Interfaces/052_Doors/052-700_Door-State-Sensing-Monitoring-and-Alerting-Interfaces,https://github.com/AmedeoPelliccia/Q-plus-A/tree/main/01_OPTIONS_ARCHITECTURE/01-03_TECHNOLOGIES/01-03-01_Q%2BATLANTIDE/000-099_S-ATLAS/050-059_Primary-Structures-and-Programme-Interfaces/052_Doors/052-700_Door-State-Sensing-Monitoring-and-Alerting-Interfaces
000-099,S-ATLAS,050-059,Primary Structures and Programme Interfaces,052,Doors,052-800,800,Door Seals Pressure Boundary and Environmental Interfaces,052-800_Door-Seals-Pressure-Boundary-and-Environmental-Interfaces,01_OPTIONS_ARCHITECTURE/01-03_TECHNOLOGIES/01-03-01_Q+ATLANTIDE/000-099_S-ATLAS/050-059_Primary-Structures-and-Programme-Interfaces/052_Doors/052-800_Door-Seals-Pressure-Boundary-and-Environmental-Interfaces,https://github.com/AmedeoPelliccia/Q-plus-A/tree/main/01_OPTIONS_ARCHITECTURE/01-03_TECHNOLOGIES/01-03-01_Q%2BATLANTIDE/000-099_S-ATLAS/050-059_Primary-Structures-and-Programme-Interfaces/052_Doors/052-800_Door-Seals-Pressure-Boundary-and-Environmental-Interfaces
000-099,S-ATLAS,050-059,Primary Structures and Programme Interfaces,052,Doors,052-900,900,Advanced and Sustainable Door Architectures,052-900_Advanced-and-Sustainable-Door-Architectures,01_OPTIONS_ARCHITECTURE/01-03_TECHNOLOGIES/01-03-01_Q+ATLANTIDE/000-099_S-ATLAS/050-059_Primary-Structures-and-Programme-Interfaces/052_Doors/052-900_Advanced-and-Sustainable-Door-Architectures,https://github.com/AmedeoPelliccia/Q-plus-A/tree/main/01_OPTIONS_ARCHITECTURE/01-03_TECHNOLOGIES/01-03-01_Q%2BATLANTIDE/000-099_S-ATLAS/050-059_Primary-Structures-and-Programme-Interfaces/052_Doors/052-900_Advanced-and-Sustainable-Door-Architectures
000-099,S-ATLAS,050-059,Primary Structures and Programme Interfaces,053,Fuselage,053-000,000,General,053-000_General,01_OPTIONS_ARCHITECTURE/01-03_TECHNOLOGIES/01-03-01_Q+ATLANTIDE/000-099_S-ATLAS/050-059_Primary-Structures-and-Programme-Interfaces/053_Fuselage/053-000_General,https://github.com/AmedeoPelliccia/Q-plus-A/tree/main/01_OPTIONS_ARCHITECTURE/01-03_TECHNOLOGIES/01-03-01_Q%2BATLANTIDE/000-099_S-ATLAS/050-059_Primary-Structures-and-Programme-Interfaces/053_Fuselage/053-000_General
000-099,S-ATLAS,050-059,Primary Structures and Programme Interfaces,053,Fuselage,053-100,100,Nose and Forward Fuselage Structure,053-100_Nose-and-Forward-Fuselage-Structure,01_OPTIONS_ARCHITECTURE/01-03_TECHNOLOGIES/01-03-01_Q+ATLANTIDE/000-099_S-ATLAS/050-059_Primary-Structures-and-Programme-Interfaces/053_Fuselage/053-100_Nose-and-Forward-Fuselage-Structure,https://github.com/AmedeoPelliccia/Q-plus-A/tree/main/01_OPTIONS_ARCHITECTURE/01-03_TECHNOLOGIES/01-03-01_Q%2BATLANTIDE/000-099_S-ATLAS/050-059_Primary-Structures-and-Programme-Interfaces/053_Fuselage/053-100_Nose-and-Forward-Fuselage-Structure
000-099,S-ATLAS,050-059,Primary Structures and Programme Interfaces,053,Fuselage,053-200,200,Center Fuselage Structure,053-200_Center-Fuselage-Structure,01_OPTIONS_ARCHITECTURE/01-03_TECHNOLOGIES/01-03-01_Q+ATLANTIDE/000-099_S-ATLAS/050-059_Primary-Structures-and-Programme-Interfaces/053_Fuselage/053-200_Center-Fuselage-Structure,https://github.com/AmedeoPelliccia/Q-plus-A/tree/main/01_OPTIONS_ARCHITECTURE/01-03_TECHNOLOGIES/01-03-01_Q%2BATLANTIDE/000-099_S-ATLAS/050-059_Primary-Structures-and-Programme-Interfaces/053_Fuselage/053-200_Center-Fuselage-Structure
000-099,S-ATLAS,050-059,Primary Structures and Programme Interfaces,053,Fuselage,053-300,300,Aft Fuselage Structure,053-300_Aft-Fuselage-Structure,01_OPTIONS_ARCHITECTURE/01-03_TECHNOLOGIES/01-03-01_Q+ATLANTIDE/000-099_S-ATLAS/050-059_Primary-Structures-and-Programme-Interfaces/053_Fuselage/053-300_Aft-Fuselage-Structure,https://github.com/AmedeoPelliccia/Q-plus-A/tree/main/01_OPTIONS_ARCHITECTURE/01-03_TECHNOLOGIES/01-03-01_Q%2BATLANTIDE/000-099_S-ATLAS/050-059_Primary-Structures-and-Programme-Interfaces/053_Fuselage/053-300_Aft-Fuselage-Structure
000-099,S-ATLAS,050-059,Primary Structures and Programme Interfaces,053,Fuselage,053-400,400,Tailcone and Auxiliary Power Module Structure,053-400_Tailcone-and-Auxiliary-Power-Module-Structure,01_OPTIONS_ARCHITECTURE/01-03_TECHNOLOGIES/01-03-01_Q+ATLANTIDE/000-099_S-ATLAS/050-059_Primary-Structures-and-Programme-Interfaces/053_Fuselage/053-400_Tailcone-and-Auxiliary-Power-Module-Structure,https://github.com/AmedeoPelliccia/Q-plus-A/tree/main/01_OPTIONS_ARCHITECTURE/01-03_TECHNOLOGIES/01-03-01_Q%2BATLANTIDE/000-099_S-ATLAS/050-059_Primary-Structures-and-Programme-Interfaces/053_Fuselage/053-400_Tailcone-and-Auxiliary-Power-Module-Structure
000-099,S-ATLAS,050-059,Primary Structures and Programme Interfaces,053,Fuselage,053-500,500,Fuselage Skin Panels and Doublers,053-500_Fuselage-Skin-Panels-and-Doublers,01_OPTIONS_ARCHITECTURE/01-03_TECHNOLOGIES/01-03-01_Q+ATLANTIDE/000-099_S-ATLAS/050-059_Primary-Structures-and-Programme-Interfaces/053_Fuselage/053-500_Fuselage-Skin-Panels-and-Doublers,https://github.com/AmedeoPelliccia/Q-plus-A/tree/main/01_OPTIONS_ARCHITECTURE/01-03_TECHNOLOGIES/01-03-01_Q%2BATLANTIDE/000-099_S-ATLAS/050-059_Primary-Structures-and-Programme-Interfaces/053_Fuselage/053-500_Fuselage-Skin-Panels-and-Doublers
000-099,S-ATLAS,050-059,Primary Structures and Programme Interfaces,053,Fuselage,053-600,600,Frames Stringers and Longerons,053-600_Frames-Stringers-and-Longerons,01_OPTIONS_ARCHITECTURE/01-03_TECHNOLOGIES/01-03-01_Q+ATLANTIDE/000-099_S-ATLAS/050-059_Primary-Structures-and-Programme-Interfaces/053_Fuselage/053-600_Frames-Stringers-and-Longerons,https://github.com/AmedeoPelliccia/Q-plus-A/tree/main/01_OPTIONS_ARCHITECTURE/01-03_TECHNOLOGIES/01-03-01_Q%2BATLANTIDE/000-099_S-ATLAS/050-059_Primary-Structures-and-Programme-Interfaces/053_Fuselage/053-600_Frames-Stringers-and-Longerons
000-099,S-ATLAS,050-059,Primary Structures and Programme Interfaces,053,Fuselage,053-700,700,Floor and Pressure Deck Structure,053-700_Floor-and-Pressure-Deck-Structure,01_OPTIONS_ARCHITECTURE/01-03_TECHNOLOGIES/01-03-01_Q+ATLANTIDE/000-099_S-ATLAS/050-059_Primary-Structures-and-Programme-Interfaces/053_Fuselage/053-700_Floor-and-Pressure-Deck-Structure,https://github.com/AmedeoPelliccia/Q-plus-A/tree/main/01_OPTIONS_ARCHITECTURE/01-03_TECHNOLOGIES/01-03-01_Q%2BATLANTIDE/000-099_S-ATLAS/050-059_Primary-Structures-and-Programme-Interfaces/053_Fuselage/053-700_Floor-and-Pressure-Deck-Structure
000-099,S-ATLAS,050-059,Primary Structures and Programme Interfaces,053,Fuselage,053-800,800,Pressure Bulkheads and Major Attach Fittings,053-800_Pressure-Bulkheads-and-Major-Attach-Fittings,01_OPTIONS_ARCHITECTURE/01-03_TECHNOLOGIES/01-03-01_Q+ATLANTIDE/000-099_S-ATLAS/050-059_Primary-Structures-and-Programme-Interfaces/053_Fuselage/053-800_Pressure-Bulkheads-and-Major-Attach-Fittings,https://github.com/AmedeoPelliccia/Q-plus-A/tree/main/01_OPTIONS_ARCHITECTURE/01-03_TECHNOLOGIES/01-03-01_Q%2BATLANTIDE/000-099_S-ATLAS/050-059_Primary-Structures-and-Programme-Interfaces/053_Fuselage/053-800_Pressure-Bulkheads-and-Major-Attach-Fittings
000-099,S-ATLAS,050-059,Primary Structures and Programme Interfaces,053,Fuselage,053-900,900,Energy Carrier Structural Integration,053-900_Energy-Carrier-Structural-Integration,01_OPTIONS_ARCHITECTURE/01-03_TECHNOLOGIES/01-03-01_Q+ATLANTIDE/000-099_S-ATLAS/050-059_Primary-Structures-and-Programme-Interfaces/053_Fuselage/053-900_Energy-Carrier-Structural-Integration,https://github.com/AmedeoPelliccia/Q-plus-A/tree/main/01_OPTIONS_ARCHITECTURE/01-03_TECHNOLOGIES/01-03-01_Q%2BATLANTIDE/000-099_S-ATLAS/050-059_Primary-Structures-and-Programme-Interfaces/053_Fuselage/053-900_Energy-Carrier-Structural-Integration
000-099,S-ATLAS,050-059,Primary Structures and Programme Interfaces,054,Nacelles Pylons and Propulsion Integration Structures,054-000,000,General,054-000_General,01_OPTIONS_ARCHITECTURE/01-03_TECHNOLOGIES/01-03-01_Q+ATLANTIDE/000-099_S-ATLAS/050-059_Primary-Structures-and-Programme-Interfaces/054_Nacelles-Pylons-and-Propulsion-Integration-Structures/054-000_General,https://github.com/AmedeoPelliccia/Q-plus-A/tree/main/01_OPTIONS_ARCHITECTURE/01-03_TECHNOLOGIES/01-03-01_Q%2BATLANTIDE/000-099_S-ATLAS/050-059_Primary-Structures-and-Programme-Interfaces/054_Nacelles-Pylons-and-Propulsion-Integration-Structures/054-000_General
000-099,S-ATLAS,050-059,Primary Structures and Programme Interfaces,054,Nacelles Pylons and Propulsion Integration Structures,054-100,100,Nacelle Structures,054-100_Nacelle-Structures,01_OPTIONS_ARCHITECTURE/01-03_TECHNOLOGIES/01-03-01_Q+ATLANTIDE/000-099_S-ATLAS/050-059_Primary-Structures-and-Programme-Interfaces/054_Nacelles-Pylons-and-Propulsion-Integration-Structures/054-100_Nacelle-Structures,https://github.com/AmedeoPelliccia/Q-plus-A/tree/main/01_OPTIONS_ARCHITECTURE/01-03_TECHNOLOGIES/01-03-01_Q%2BATLANTIDE/000-099_S-ATLAS/050-059_Primary-Structures-and-Programme-Interfaces/054_Nacelles-Pylons-and-Propulsion-Integration-Structures/054-100_Nacelle-Structures
000-099,S-ATLAS,050-059,Primary Structures and Programme Interfaces,054,Nacelles Pylons and Propulsion Integration Structures,054-200,200,Pylons Mounts and Support Structures,054-200_Pylons-Mounts-and-Support-Structures,01_OPTIONS_ARCHITECTURE/01-03_TECHNOLOGIES/01-03-01_Q+ATLANTIDE/000-099_S-ATLAS/050-059_Primary-Structures-and-Programme-Interfaces/054_Nacelles-Pylons-and-Propulsion-Integration-Structures/054-200_Pylons-Mounts-and-Support-Structures,https://github.com/AmedeoPelliccia/Q-plus-A/tree/main/01_OPTIONS_ARCHITECTURE/01-03_TECHNOLOGIES/01-03-01_Q%2BATLANTIDE/000-099_S-ATLAS/050-059_Primary-Structures-and-Programme-Interfaces/054_Nacelles-Pylons-and-Propulsion-Integration-Structures/054-200_Pylons-Mounts-and-Support-Structures
000-099,S-ATLAS,050-059,Primary Structures and Programme Interfaces,054,Nacelles Pylons and Propulsion Integration Structures,054-300,300,Dorsal and Embedded Propulsion Integration,054-300_Dorsal-and-Embedded-Propulsion-Integration,01_OPTIONS_ARCHITECTURE/01-03_TECHNOLOGIES/01-03-01_Q+ATLANTIDE/000-099_S-ATLAS/050-059_Primary-Structures-and-Programme-Interfaces/054_Nacelles-Pylons-and-Propulsion-Integration-Structures/054-300_Dorsal-and-Embedded-Propulsion-Integration,https://github.com/AmedeoPelliccia/Q-plus-A/tree/main/01_OPTIONS_ARCHITECTURE/01-03_TECHNOLOGIES/01-03-01_Q%2BATLANTIDE/000-099_S-ATLAS/050-059_Primary-Structures-and-Programme-Interfaces/054_Nacelles-Pylons-and-Propulsion-Integration-Structures/054-300_Dorsal-and-Embedded-Propulsion-Integration
000-099,S-ATLAS,050-059,Primary Structures and Programme Interfaces,054,Nacelles Pylons and Propulsion Integration Structures,054-400,400,Inlet and Exhaust Structural Interfaces,054-400_Inlet-and-Exhaust-Structural-Interfaces,01_OPTIONS_ARCHITECTURE/01-03_TECHNOLOGIES/01-03-01_Q+ATLANTIDE/000-099_S-ATLAS/050-059_Primary-Structures-and-Programme-Interfaces/054_Nacelles-Pylons-and-Propulsion-Integration-Structures/054-400_Inlet-and-Exhaust-Structural-Interfaces,https://github.com/AmedeoPelliccia/Q-plus-A/tree/main/01_OPTIONS_ARCHITECTURE/01-03_TECHNOLOGIES/01-03-01_Q%2BATLANTIDE/000-099_S-ATLAS/050-059_Primary-Structures-and-Programme-Interfaces/054_Nacelles-Pylons-and-Propulsion-Integration-Structures/054-400_Inlet-and-Exhaust-Structural-Interfaces
000-099,S-ATLAS,050-059,Primary Structures and Programme Interfaces,054,Nacelles Pylons and Propulsion Integration Structures,054-500,500,Attachments and Load Transfer Interfaces,054-500_Attachments-and-Load-Transfer-Interfaces,01_OPTIONS_ARCHITECTURE/01-03_TECHNOLOGIES/01-03-01_Q+ATLANTIDE/000-099_S-ATLAS/050-059_Primary-Structures-and-Programme-Interfaces/054_Nacelles-Pylons-and-Propulsion-Integration-Structures/054-500_Attachments-and-Load-Transfer-Interfaces,https://github.com/AmedeoPelliccia/Q-plus-A/tree/main/01_OPTIONS_ARCHITECTURE/01-03_TECHNOLOGIES/01-03-01_Q%2BATLANTIDE/000-099_S-ATLAS/050-059_Primary-Structures-and-Programme-Interfaces/054_Nacelles-Pylons-and-Propulsion-Integration-Structures/054-500_Attachments-and-Load-Transfer-Interfaces
000-099,S-ATLAS,050-059,Primary Structures and Programme Interfaces,054,Nacelles Pylons and Propulsion Integration Structures,054-600,600,Fire Thermal and Acoustic Protection Structures,054-600_Fire-Thermal-and-Acoustic-Protection-Structures,01_OPTIONS_ARCHITECTURE/01-03_TECHNOLOGIES/01-03-01_Q+ATLANTIDE/000-099_S-ATLAS/050-059_Primary-Structures-and-Programme-Interfaces/054_Nacelles-Pylons-and-Propulsion-Integration-Structures/054-600_Fire-Thermal-and-Acoustic-Protection-Structures,https://github.com/AmedeoPelliccia/Q-plus-A/tree/main/01_OPTIONS_ARCHITECTURE/01-03_TECHNOLOGIES/01-03-01_Q%2BATLANTIDE/000-099_S-ATLAS/050-059_Primary-Structures-and-Programme-Interfaces/054_Nacelles-Pylons-and-Propulsion-Integration-Structures/054-600_Fire-Thermal-and-Acoustic-Protection-Structures
000-099,S-ATLAS,050-059,Primary Structures and Programme Interfaces,054,Nacelles Pylons and Propulsion Integration Structures,054-700,700,Cowlings Fairings and Access Provisions,054-700_Cowlings-Fairings-and-Access-Provisions,01_OPTIONS_ARCHITECTURE/01-03_TECHNOLOGIES/01-03-01_Q+ATLANTIDE/000-099_S-ATLAS/050-059_Primary-Structures-and-Programme-Interfaces/054_Nacelles-Pylons-and-Propulsion-Integration-Structures/054-700_Cowlings-Fairings-and-Access-Provisions,https://github.com/AmedeoPelliccia/Q-plus-A/tree/main/01_OPTIONS_ARCHITECTURE/01-03_TECHNOLOGIES/01-03-01_Q%2BATLANTIDE/000-099_S-ATLAS/050-059_Primary-Structures-and-Programme-Interfaces/054_Nacelles-Pylons-and-Propulsion-Integration-Structures/054-700_Cowlings-Fairings-and-Access-Provisions
000-099,S-ATLAS,050-059,Primary Structures and Programme Interfaces,054,Nacelles Pylons and Propulsion Integration Structures,054-800,800,Aerodynamic and Aeroelastic Integration,054-800_Aerodynamic-and-Aeroelastic-Integration,01_OPTIONS_ARCHITECTURE/01-03_TECHNOLOGIES/01-03-01_Q+ATLANTIDE/000-099_S-ATLAS/050-059_Primary-Structures-and-Programme-Interfaces/054_Nacelles-Pylons-and-Propulsion-Integration-Structures/054-800_Aerodynamic-and-Aeroelastic-Integration,https://github.com/AmedeoPelliccia/Q-plus-A/tree/main/01_OPTIONS_ARCHITECTURE/01-03_TECHNOLOGIES/01-03-01_Q%2BATLANTIDE/000-099_S-ATLAS/050-059_Primary-Structures-and-Programme-Interfaces/054_Nacelles-Pylons-and-Propulsion-Integration-Structures/054-800_Aerodynamic-and-Aeroelastic-Integration
000-099,S-ATLAS,050-059,Primary Structures and Programme Interfaces,054,Nacelles Pylons and Propulsion Integration Structures,054-900,900,Sustainable Propulsion Installation Provisions,054-900_Sustainable-Propulsion-Installation-Provisions,01_OPTIONS_ARCHITECTURE/01-03_TECHNOLOGIES/01-03-01_Q+ATLANTIDE/000-099_S-ATLAS/050-059_Primary-Structures-and-Programme-Interfaces/054_Nacelles-Pylons-and-Propulsion-Integration-Structures/054-900_Sustainable-Propulsion-Installation-Provisions,https://github.com/AmedeoPelliccia/Q-plus-A/tree/main/01_OPTIONS_ARCHITECTURE/01-03_TECHNOLOGIES/01-03-01_Q%2BATLANTIDE/000-099_S-ATLAS/050-059_Primary-Structures-and-Programme-Interfaces/054_Nacelles-Pylons-and-Propulsion-Integration-Structures/054-900_Sustainable-Propulsion-Installation-Provisions
000-099,S-ATLAS,050-059,Primary Structures and Programme Interfaces,055,Stabilizers,055-000,000,General,055-000_General,01_OPTIONS_ARCHITECTURE/01-03_TECHNOLOGIES/01-03-01_Q+ATLANTIDE/000-099_S-ATLAS/050-059_Primary-Structures-and-Programme-Interfaces/055_Stabilizers/055-000_General,https://github.com/AmedeoPelliccia/Q-plus-A/tree/main/01_OPTIONS_ARCHITECTURE/01-03_TECHNOLOGIES/01-03-01_Q%2BATLANTIDE/000-099_S-ATLAS/050-059_Primary-Structures-and-Programme-Interfaces/055_Stabilizers/055-000_General
000-099,S-ATLAS,050-059,Primary Structures and Programme Interfaces,055,Stabilizers,055-100,100,Horizontal Stabilizer Structure,055-100_Horizontal-Stabilizer-Structure,01_OPTIONS_ARCHITECTURE/01-03_TECHNOLOGIES/01-03-01_Q+ATLANTIDE/000-099_S-ATLAS/050-059_Primary-Structures-and-Programme-Interfaces/055_Stabilizers/055-100_Horizontal-Stabilizer-Structure,https://github.com/AmedeoPelliccia/Q-plus-A/tree/main/01_OPTIONS_ARCHITECTURE/01-03_TECHNOLOGIES/01-03-01_Q%2BATLANTIDE/000-099_S-ATLAS/050-059_Primary-Structures-and-Programme-Interfaces/055_Stabilizers/055-100_Horizontal-Stabilizer-Structure
000-099,S-ATLAS,050-059,Primary Structures and Programme Interfaces,055,Stabilizers,055-200,200,Elevator Structures,055-200_Elevator-Structures,01_OPTIONS_ARCHITECTURE/01-03_TECHNOLOGIES/01-03-01_Q+ATLANTIDE/000-099_S-ATLAS/050-059_Primary-Structures-and-Programme-Interfaces/055_Stabilizers/055-200_Elevator-Structures,https://github.com/AmedeoPelliccia/Q-plus-A/tree/main/01_OPTIONS_ARCHITECTURE/01-03_TECHNOLOGIES/01-03-01_Q%2BATLANTIDE/000-099_S-ATLAS/050-059_Primary-Structures-and-Programme-Interfaces/055_Stabilizers/055-200_Elevator-Structures
000-099,S-ATLAS,050-059,Primary Structures and Programme Interfaces,055,Stabilizers,055-300,300,Vertical Stabilizer Structure,055-300_Vertical-Stabilizer-Structure,01_OPTIONS_ARCHITECTURE/01-03_TECHNOLOGIES/01-03-01_Q+ATLANTIDE/000-099_S-ATLAS/050-059_Primary-Structures-and-Programme-Interfaces/055_Stabilizers/055-300_Vertical-Stabilizer-Structure,https://github.com/AmedeoPelliccia/Q-plus-A/tree/main/01_OPTIONS_ARCHITECTURE/01-03_TECHNOLOGIES/01-03-01_Q%2BATLANTIDE/000-099_S-ATLAS/050-059_Primary-Structures-and-Programme-Interfaces/055_Stabilizers/055-300_Vertical-Stabilizer-Structure
000-099,S-ATLAS,050-059,Primary Structures and Programme Interfaces,055,Stabilizers,055-400,400,Rudder Structures,055-400_Rudder-Structures,01_OPTIONS_ARCHITECTURE/01-03_TECHNOLOGIES/01-03-01_Q+ATLANTIDE/000-099_S-ATLAS/050-059_Primary-Structures-and-Programme-Interfaces/055_Stabilizers/055-400_Rudder-Structures,https://github.com/AmedeoPelliccia/Q-plus-A/tree/main/01_OPTIONS_ARCHITECTURE/01-03_TECHNOLOGIES/01-03-01_Q%2BATLANTIDE/000-099_S-ATLAS/050-059_Primary-Structures-and-Programme-Interfaces/055_Stabilizers/055-400_Rudder-Structures
000-099,S-ATLAS,050-059,Primary Structures and Programme Interfaces,055,Stabilizers,055-500,500,Leading Edges Tips and Fairings,055-500_Leading-Edges-Tips-and-Fairings,01_OPTIONS_ARCHITECTURE/01-03_TECHNOLOGIES/01-03-01_Q+ATLANTIDE/000-099_S-ATLAS/050-059_Primary-Structures-and-Programme-Interfaces/055_Stabilizers/055-500_Leading-Edges-Tips-and-Fairings,https://github.com/AmedeoPelliccia/Q-plus-A/tree/main/01_OPTIONS_ARCHITECTURE/01-03_TECHNOLOGIES/01-03-01_Q%2BATLANTIDE/000-099_S-ATLAS/050-059_Primary-Structures-and-Programme-Interfaces/055_Stabilizers/055-500_Leading-Edges-Tips-and-Fairings
000-099,S-ATLAS,050-059,Primary Structures and Programme Interfaces,055,Stabilizers,055-600,600,Hinges Fittings and Attachments,055-600_Hinges-Fittings-and-Attachments,01_OPTIONS_ARCHITECTURE/01-03_TECHNOLOGIES/01-03-01_Q+ATLANTIDE/000-099_S-ATLAS/050-059_Primary-Structures-and-Programme-Interfaces/055_Stabilizers/055-600_Hinges-Fittings-and-Attachments,https://github.com/AmedeoPelliccia/Q-plus-A/tree/main/01_OPTIONS_ARCHITECTURE/01-03_TECHNOLOGIES/01-03-01_Q%2BATLANTIDE/000-099_S-ATLAS/050-059_Primary-Structures-and-Programme-Interfaces/055_Stabilizers/055-600_Hinges-Fittings-and-Attachments
000-099,S-ATLAS,050-059,Primary Structures and Programme Interfaces,055,Stabilizers,055-700,700,Empennage Systems Installation Provisions,055-700_Empennage-Systems-Installation-Provisions,01_OPTIONS_ARCHITECTURE/01-03_TECHNOLOGIES/01-03-01_Q+ATLANTIDE/000-099_S-ATLAS/050-059_Primary-Structures-and-Programme-Interfaces/055_Stabilizers/055-700_Empennage-Systems-Installation-Provisions,https://github.com/AmedeoPelliccia/Q-plus-A/tree/main/01_OPTIONS_ARCHITECTURE/01-03_TECHNOLOGIES/01-03-01_Q%2BATLANTIDE/000-099_S-ATLAS/050-059_Primary-Structures-and-Programme-Interfaces/055_Stabilizers/055-700_Empennage-Systems-Installation-Provisions
000-099,S-ATLAS,050-059,Primary Structures and Programme Interfaces,055,Stabilizers,055-800,800,Aeroelastic Balance and Dynamic Characteristics,055-800_Aeroelastic-Balance-and-Dynamic-Characteristics,01_OPTIONS_ARCHITECTURE/01-03_TECHNOLOGIES/01-03-01_Q+ATLANTIDE/000-099_S-ATLAS/050-059_Primary-Structures-and-Programme-Interfaces/055_Stabilizers/055-800_Aeroelastic-Balance-and-Dynamic-Characteristics,https://github.com/AmedeoPelliccia/Q-plus-A/tree/main/01_OPTIONS_ARCHITECTURE/01-03_TECHNOLOGIES/01-03-01_Q%2BATLANTIDE/000-099_S-ATLAS/050-059_Primary-Structures-and-Programme-Interfaces/055_Stabilizers/055-800_Aeroelastic-Balance-and-Dynamic-Characteristics
000-099,S-ATLAS,050-059,Primary Structures and Programme Interfaces,055,Stabilizers,055-900,900,Advanced and Sustainable Empennage Architectures,055-900_Advanced-and-Sustainable-Empennage-Architectures,01_OPTIONS_ARCHITECTURE/01-03_TECHNOLOGIES/01-03-01_Q+ATLANTIDE/000-099_S-ATLAS/050-059_Primary-Structures-and-Programme-Interfaces/055_Stabilizers/055-900_Advanced-and-Sustainable-Empennage-Architectures,https://github.com/AmedeoPelliccia/Q-plus-A/tree/main/01_OPTIONS_ARCHITECTURE/01-03_TECHNOLOGIES/01-03-01_Q%2BATLANTIDE/000-099_S-ATLAS/050-059_Primary-Structures-and-Programme-Interfaces/055_Stabilizers/055-900_Advanced-and-Sustainable-Empennage-Architectures
000-099,S-ATLAS,050-059,Primary Structures and Programme Interfaces,056,Windows,056-000,000,General,056-000_General,01_OPTIONS_ARCHITECTURE/01-03_TECHNOLOGIES/01-03-01_Q+ATLANTIDE/000-099_S-ATLAS/050-059_Primary-Structures-and-Programme-Interfaces/056_Windows/056-000_General,https://github.com/AmedeoPelliccia/Q-plus-A/tree/main/01_OPTIONS_ARCHITECTURE/01-03_TECHNOLOGIES/01-03-01_Q%2BATLANTIDE/000-099_S-ATLAS/050-059_Primary-Structures-and-Programme-Interfaces/056_Windows/056-000_General
000-099,S-ATLAS,050-059,Primary Structures and Programme Interfaces,056,Windows,056-100,100,Flight Compartment Windows,056-100_Flight-Compartment-Windows,01_OPTIONS_ARCHITECTURE/01-03_TECHNOLOGIES/01-03-01_Q+ATLANTIDE/000-099_S-ATLAS/050-059_Primary-Structures-and-Programme-Interfaces/056_Windows/056-100_Flight-Compartment-Windows,https://github.com/AmedeoPelliccia/Q-plus-A/tree/main/01_OPTIONS_ARCHITECTURE/01-03_TECHNOLOGIES/01-03-01_Q%2BATLANTIDE/000-099_S-ATLAS/050-059_Primary-Structures-and-Programme-Interfaces/056_Windows/056-100_Flight-Compartment-Windows
000-099,S-ATLAS,050-059,Primary Structures and Programme Interfaces,056,Windows,056-200,200,Passenger Cabin Windows,056-200_Passenger-Cabin-Windows,01_OPTIONS_ARCHITECTURE/01-03_TECHNOLOGIES/01-03-01_Q+ATLANTIDE/000-099_S-ATLAS/050-059_Primary-Structures-and-Programme-Interfaces/056_Windows/056-200_Passenger-Cabin-Windows,https://github.com/AmedeoPelliccia/Q-plus-A/tree/main/01_OPTIONS_ARCHITECTURE/01-03_TECHNOLOGIES/01-03-01_Q%2BATLANTIDE/000-099_S-ATLAS/050-059_Primary-Structures-and-Programme-Interfaces/056_Windows/056-200_Passenger-Cabin-Windows
000-099,S-ATLAS,050-059,Primary Structures and Programme Interfaces,056,Windows,056-300,300,Door and Hatch Windows,056-300_Door-and-Hatch-Windows,01_OPTIONS_ARCHITECTURE/01-03_TECHNOLOGIES/01-03-01_Q+ATLANTIDE/000-099_S-ATLAS/050-059_Primary-Structures-and-Programme-Interfaces/056_Windows/056-300_Door-and-Hatch-Windows,https://github.com/AmedeoPelliccia/Q-plus-A/tree/main/01_OPTIONS_ARCHITECTURE/01-03_TECHNOLOGIES/01-03-01_Q%2BATLANTIDE/000-099_S-ATLAS/050-059_Primary-Structures-and-Programme-Interfaces/056_Windows/056-300_Door-and-Hatch-Windows
000-099,S-ATLAS,050-059,Primary Structures and Programme Interfaces,056,Windows,056-400,400,Sensor and Special Apertures,056-400_Sensor-and-Special-Apertures,01_OPTIONS_ARCHITECTURE/01-03_TECHNOLOGIES/01-03-01_Q+ATLANTIDE/000-099_S-ATLAS/050-059_Primary-Structures-and-Programme-Interfaces/056_Windows/056-400_Sensor-and-Special-Apertures,https://github.com/AmedeoPelliccia/Q-plus-A/tree/main/01_OPTIONS_ARCHITECTURE/01-03_TECHNOLOGIES/01-03-01_Q%2BATLANTIDE/000-099_S-ATLAS/050-059_Primary-Structures-and-Programme-Interfaces/056_Windows/056-400_Sensor-and-Special-Apertures
000-099,S-ATLAS,050-059,Primary Structures and Programme Interfaces,056,Windows,056-500,500,Retention Seals and Pressure Boundary,056-500_Retention-Seals-and-Pressure-Boundary,01_OPTIONS_ARCHITECTURE/01-03_TECHNOLOGIES/01-03-01_Q+ATLANTIDE/000-099_S-ATLAS/050-059_Primary-Structures-and-Programme-Interfaces/056_Windows/056-500_Retention-Seals-and-Pressure-Boundary,https://github.com/AmedeoPelliccia/Q-plus-A/tree/main/01_OPTIONS_ARCHITECTURE/01-03_TECHNOLOGIES/01-03-01_Q%2BATLANTIDE/000-099_S-ATLAS/050-059_Primary-Structures-and-Programme-Interfaces/056_Windows/056-500_Retention-Seals-and-Pressure-Boundary
000-099,S-ATLAS,050-059,Primary Structures and Programme Interfaces,056,Windows,056-600,600,Transparency Materials and Optical Properties,056-600_Transparency-Materials-and-Optical-Properties,01_OPTIONS_ARCHITECTURE/01-03_TECHNOLOGIES/01-03-01_Q+ATLANTIDE/000-099_S-ATLAS/050-059_Primary-Structures-and-Programme-Interfaces/056_Windows/056-600_Transparency-Materials-and-Optical-Properties,https://github.com/AmedeoPelliccia/Q-plus-A/tree/main/01_OPTIONS_ARCHITECTURE/01-03_TECHNOLOGIES/01-03-01_Q%2BATLANTIDE/000-099_S-ATLAS/050-059_Primary-Structures-and-Programme-Interfaces/056_Windows/056-600_Transparency-Materials-and-Optical-Properties
000-099,S-ATLAS,050-059,Primary Structures and Programme Interfaces,056,Windows,056-700,700,Environmental Protection and Heating Interfaces,056-700_Environmental-Protection-and-Heating-Interfaces,01_OPTIONS_ARCHITECTURE/01-03_TECHNOLOGIES/01-03-01_Q+ATLANTIDE/000-099_S-ATLAS/050-059_Primary-Structures-and-Programme-Interfaces/056_Windows/056-700_Environmental-Protection-and-Heating-Interfaces,https://github.com/AmedeoPelliccia/Q-plus-A/tree/main/01_OPTIONS_ARCHITECTURE/01-03_TECHNOLOGIES/01-03-01_Q%2BATLANTIDE/000-099_S-ATLAS/050-059_Primary-Structures-and-Programme-Interfaces/056_Windows/056-700_Environmental-Protection-and-Heating-Interfaces
000-099,S-ATLAS,050-059,Primary Structures and Programme Interfaces,056,Windows,056-800,800,Monitoring Inspection and Health,056-800_Monitoring-Inspection-and-Health,01_OPTIONS_ARCHITECTURE/01-03_TECHNOLOGIES/01-03-01_Q+ATLANTIDE/000-099_S-ATLAS/050-059_Primary-Structures-and-Programme-Interfaces/056_Windows/056-800_Monitoring-Inspection-and-Health,https://github.com/AmedeoPelliccia/Q-plus-A/tree/main/01_OPTIONS_ARCHITECTURE/01-03_TECHNOLOGIES/01-03-01_Q%2BATLANTIDE/000-099_S-ATLAS/050-059_Primary-Structures-and-Programme-Interfaces/056_Windows/056-800_Monitoring-Inspection-and-Health
000-099,S-ATLAS,050-059,Primary Structures and Programme Interfaces,056,Windows,056-900,900,Advanced and Sustainable Window Architectures,056-900_Advanced-and-Sustainable-Window-Architectures,01_OPTIONS_ARCHITECTURE/01-03_TECHNOLOGIES/01-03-01_Q+ATLANTIDE/000-099_S-ATLAS/050-059_Primary-Structures-and-Programme-Interfaces/056_Windows/056-900_Advanced-and-Sustainable-Window-Architectures,https://github.com/AmedeoPelliccia/Q-plus-A/tree/main/01_OPTIONS_ARCHITECTURE/01-03_TECHNOLOGIES/01-03-01_Q%2BATLANTIDE/000-099_S-ATLAS/050-059_Primary-Structures-and-Programme-Interfaces/056_Windows/056-900_Advanced-and-Sustainable-Window-Architectures
000-099,S-ATLAS,050-059,Primary Structures and Programme Interfaces,057,Wings,057-000,000,General,057-000_General,01_OPTIONS_ARCHITECTURE/01-03_TECHNOLOGIES/01-03-01_Q+ATLANTIDE/000-099_S-ATLAS/050-059_Primary-Structures-and-Programme-Interfaces/057_Wings/057-000_General,https://github.com/AmedeoPelliccia/Q-plus-A/tree/main/01_OPTIONS_ARCHITECTURE/01-03_TECHNOLOGIES/01-03-01_Q%2BATLANTIDE/000-099_S-ATLAS/050-059_Primary-Structures-and-Programme-Interfaces/057_Wings/057-000_General
000-099,S-ATLAS,050-059,Primary Structures and Programme Interfaces,057,Wings,057-100,100,Wing Root and Center Integration,057-100_Wing-Root-and-Center-Integration,01_OPTIONS_ARCHITECTURE/01-03_TECHNOLOGIES/01-03-01_Q+ATLANTIDE/000-099_S-ATLAS/050-059_Primary-Structures-and-Programme-Interfaces/057_Wings/057-100_Wing-Root-and-Center-Integration,https://github.com/AmedeoPelliccia/Q-plus-A/tree/main/01_OPTIONS_ARCHITECTURE/01-03_TECHNOLOGIES/01-03-01_Q%2BATLANTIDE/000-099_S-ATLAS/050-059_Primary-Structures-and-Programme-Interfaces/057_Wings/057-100_Wing-Root-and-Center-Integration
000-099,S-ATLAS,050-059,Primary Structures and Programme Interfaces,057,Wings,057-200,200,Wing Main Box,057-200_Wing-Main-Box,01_OPTIONS_ARCHITECTURE/01-03_TECHNOLOGIES/01-03-01_Q+ATLANTIDE/000-099_S-ATLAS/050-059_Primary-Structures-and-Programme-Interfaces/057_Wings/057-200_Wing-Main-Box,https://github.com/AmedeoPelliccia/Q-plus-A/tree/main/01_OPTIONS_ARCHITECTURE/01-03_TECHNOLOGIES/01-03-01_Q%2BATLANTIDE/000-099_S-ATLAS/050-059_Primary-Structures-and-Programme-Interfaces/057_Wings/057-200_Wing-Main-Box
000-099,S-ATLAS,050-059,Primary Structures and Programme Interfaces,057,Wings,057-300,300,Outer Wing and Transitions,057-300_Outer-Wing-and-Transitions,01_OPTIONS_ARCHITECTURE/01-03_TECHNOLOGIES/01-03-01_Q+ATLANTIDE/000-099_S-ATLAS/050-059_Primary-Structures-and-Programme-Interfaces/057_Wings/057-300_Outer-Wing-and-Transitions,https://github.com/AmedeoPelliccia/Q-plus-A/tree/main/01_OPTIONS_ARCHITECTURE/01-03_TECHNOLOGIES/01-03-01_Q%2BATLANTIDE/000-099_S-ATLAS/050-059_Primary-Structures-and-Programme-Interfaces/057_Wings/057-300_Outer-Wing-and-Transitions
000-099,S-ATLAS,050-059,Primary Structures and Programme Interfaces,057,Wings,057-400,400,Wing Tips and Tip Devices,057-400_Wing-Tips-and-Tip-Devices,01_OPTIONS_ARCHITECTURE/01-03_TECHNOLOGIES/01-03-01_Q+ATLANTIDE/000-099_S-ATLAS/050-059_Primary-Structures-and-Programme-Interfaces/057_Wings/057-400_Wing-Tips-and-Tip-Devices,https://github.com/AmedeoPelliccia/Q-plus-A/tree/main/01_OPTIONS_ARCHITECTURE/01-03_TECHNOLOGIES/01-03-01_Q%2BATLANTIDE/000-099_S-ATLAS/050-059_Primary-Structures-and-Programme-Interfaces/057_Wings/057-400_Wing-Tips-and-Tip-Devices
000-099,S-ATLAS,050-059,Primary Structures and Programme Interfaces,057,Wings,057-500,500,Leading Edge and LE Device Structures,057-500_Leading-Edge-and-LE-Device-Structures,01_OPTIONS_ARCHITECTURE/01-03_TECHNOLOGIES/01-03-01_Q+ATLANTIDE/000-099_S-ATLAS/050-059_Primary-Structures-and-Programme-Interfaces/057_Wings/057-500_Leading-Edge-and-LE-Device-Structures,https://github.com/AmedeoPelliccia/Q-plus-A/tree/main/01_OPTIONS_ARCHITECTURE/01-03_TECHNOLOGIES/01-03-01_Q%2BATLANTIDE/000-099_S-ATLAS/050-059_Primary-Structures-and-Programme-Interfaces/057_Wings/057-500_Leading-Edge-and-LE-Device-Structures
000-099,S-ATLAS,050-059,Primary Structures and Programme Interfaces,057,Wings,057-600,600,Trailing Edge and TE Device Structures,057-600_Trailing-Edge-and-TE-Device-Structures,01_OPTIONS_ARCHITECTURE/01-03_TECHNOLOGIES/01-03-01_Q+ATLANTIDE/000-099_S-ATLAS/050-059_Primary-Structures-and-Programme-Interfaces/057_Wings/057-600_Trailing-Edge-and-TE-Device-Structures,https://github.com/AmedeoPelliccia/Q-plus-A/tree/main/01_OPTIONS_ARCHITECTURE/01-03_TECHNOLOGIES/01-03-01_Q%2BATLANTIDE/000-099_S-ATLAS/050-059_Primary-Structures-and-Programme-Interfaces/057_Wings/057-600_Trailing-Edge-and-TE-Device-Structures
000-099,S-ATLAS,050-059,Primary Structures and Programme Interfaces,057,Wings,057-700,700,Attachments Joints and Fittings,057-700_Attachments-Joints-and-Fittings,01_OPTIONS_ARCHITECTURE/01-03_TECHNOLOGIES/01-03-01_Q+ATLANTIDE/000-099_S-ATLAS/050-059_Primary-Structures-and-Programme-Interfaces/057_Wings/057-700_Attachments-Joints-and-Fittings,https://github.com/AmedeoPelliccia/Q-plus-A/tree/main/01_OPTIONS_ARCHITECTURE/01-03_TECHNOLOGIES/01-03-01_Q%2BATLANTIDE/000-099_S-ATLAS/050-059_Primary-Structures-and-Programme-Interfaces/057_Wings/057-700_Attachments-Joints-and-Fittings
000-099,S-ATLAS,050-059,Primary Structures and Programme Interfaces,057,Wings,057-800,800,Wing Systems Installation Provisions,057-800_Wing-Systems-Installation-Provisions,01_OPTIONS_ARCHITECTURE/01-03_TECHNOLOGIES/01-03-01_Q+ATLANTIDE/000-099_S-ATLAS/050-059_Primary-Structures-and-Programme-Interfaces/057_Wings/057-800_Wing-Systems-Installation-Provisions,https://github.com/AmedeoPelliccia/Q-plus-A/tree/main/01_OPTIONS_ARCHITECTURE/01-03_TECHNOLOGIES/01-03-01_Q%2BATLANTIDE/000-099_S-ATLAS/050-059_Primary-Structures-and-Programme-Interfaces/057_Wings/057-800_Wing-Systems-Installation-Provisions
000-099,S-ATLAS,050-059,Primary Structures and Programme Interfaces,057,Wings,057-900,900,Novel Wing Architectures and Sustainable Technologies,057-900_Novel-Wing-Architectures-and-Sustainable-Technologies,01_OPTIONS_ARCHITECTURE/01-03_TECHNOLOGIES/01-03-01_Q+ATLANTIDE/000-099_S-ATLAS/050-059_Primary-Structures-and-Programme-Interfaces/057_Wings/057-900_Novel-Wing-Architectures-and-Sustainable-Technologies,https://github.com/AmedeoPelliccia/Q-plus-A/tree/main/01_OPTIONS_ARCHITECTURE/01-03_TECHNOLOGIES/01-03-01_Q%2BATLANTIDE/000-099_S-ATLAS/050-059_Primary-Structures-and-Programme-Interfaces/057_Wings/057-900_Novel-Wing-Architectures-and-Sustainable-Technologies
000-099,S-ATLAS,050-059,Primary Structures and Programme Interfaces,058,Advanced and Green Structural Systems,058-000,000,General and Chapter Doctrine,058-000_General-and-Chapter-Doctrine,01_OPTIONS_ARCHITECTURE/01-03_TECHNOLOGIES/01-03-01_Q+ATLANTIDE/000-099_S-ATLAS/050-059_Primary-Structures-and-Programme-Interfaces/058_Advanced-and-Green-Structural-Systems/058-000_General-and-Chapter-Doctrine,https://github.com/AmedeoPelliccia/Q-plus-A/tree/main/01_OPTIONS_ARCHITECTURE/01-03_TECHNOLOGIES/01-03-01_Q%2BATLANTIDE/000-099_S-ATLAS/050-059_Primary-Structures-and-Programme-Interfaces/058_Advanced-and-Green-Structural-Systems/058-000_General-and-Chapter-Doctrine
000-099,S-ATLAS,050-059,Primary Structures and Programme Interfaces,058,Advanced and Green Structural Systems,058-100,100,Multifunctional Structures Discipline,058-100_Multifunctional-Structures-Discipline,01_OPTIONS_ARCHITECTURE/01-03_TECHNOLOGIES/01-03-01_Q+ATLANTIDE/000-099_S-ATLAS/050-059_Primary-Structures-and-Programme-Interfaces/058_Advanced-and-Green-Structural-Systems/058-100_Multifunctional-Structures-Discipline,https://github.com/AmedeoPelliccia/Q-plus-A/tree/main/01_OPTIONS_ARCHITECTURE/01-03_TECHNOLOGIES/01-03-01_Q%2BATLANTIDE/000-099_S-ATLAS/050-059_Primary-Structures-and-Programme-Interfaces/058_Advanced-and-Green-Structural-Systems/058-100_Multifunctional-Structures-Discipline
000-099,S-ATLAS,050-059,Primary Structures and Programme Interfaces,058,Advanced and Green Structural Systems,058-200,200,Structural Energy Storage,058-200_Structural-Energy-Storage,01_OPTIONS_ARCHITECTURE/01-03_TECHNOLOGIES/01-03-01_Q+ATLANTIDE/000-099_S-ATLAS/050-059_Primary-Structures-and-Programme-Interfaces/058_Advanced-and-Green-Structural-Systems/058-200_Structural-Energy-Storage,https://github.com/AmedeoPelliccia/Q-plus-A/tree/main/01_OPTIONS_ARCHITECTURE/01-03_TECHNOLOGIES/01-03-01_Q%2BATLANTIDE/000-099_S-ATLAS/050-059_Primary-Structures-and-Programme-Interfaces/058_Advanced-and-Green-Structural-Systems/058-200_Structural-Energy-Storage
000-099,S-ATLAS,050-059,Primary Structures and Programme Interfaces,058,Advanced and Green Structural Systems,058-300,300,Integrated Antenna and Sensor Structures,058-300_Integrated-Antenna-and-Sensor-Structures,01_OPTIONS_ARCHITECTURE/01-03_TECHNOLOGIES/01-03-01_Q+ATLANTIDE/000-099_S-ATLAS/050-059_Primary-Structures-and-Programme-Interfaces/058_Advanced-and-Green-Structural-Systems/058-300_Integrated-Antenna-and-Sensor-Structures,https://github.com/AmedeoPelliccia/Q-plus-A/tree/main/01_OPTIONS_ARCHITECTURE/01-03_TECHNOLOGIES/01-03-01_Q%2BATLANTIDE/000-099_S-ATLAS/050-059_Primary-Structures-and-Programme-Interfaces/058_Advanced-and-Green-Structural-Systems/058-300_Integrated-Antenna-and-Sensor-Structures
000-099,S-ATLAS,050-059,Primary Structures and Programme Interfaces,058,Advanced and Green Structural Systems,058-400,400,Airframe Structural Health Architecture,058-400_Airframe-Structural-Health-Architecture,01_OPTIONS_ARCHITECTURE/01-03_TECHNOLOGIES/01-03-01_Q+ATLANTIDE/000-099_S-ATLAS/050-059_Primary-Structures-and-Programme-Interfaces/058_Advanced-and-Green-Structural-Systems/058-400_Airframe-Structural-Health-Architecture,https://github.com/AmedeoPelliccia/Q-plus-A/tree/main/01_OPTIONS_ARCHITECTURE/01-03_TECHNOLOGIES/01-03-01_Q%2BATLANTIDE/000-099_S-ATLAS/050-059_Primary-Structures-and-Programme-Interfaces/058_Advanced-and-Green-Structural-Systems/058-400_Airframe-Structural-Health-Architecture
000-099,S-ATLAS,050-059,Primary Structures and Programme Interfaces,058,Advanced and Green Structural Systems,058-500,500,Thermal and Environmental Multifunction Structures,058-500_Thermal-and-Environmental-Multifunction-Structures,01_OPTIONS_ARCHITECTURE/01-03_TECHNOLOGIES/01-03-01_Q+ATLANTIDE/000-099_S-ATLAS/050-059_Primary-Structures-and-Programme-Interfaces/058_Advanced-and-Green-Structural-Systems/058-500_Thermal-and-Environmental-Multifunction-Structures,https://github.com/AmedeoPelliccia/Q-plus-A/tree/main/01_OPTIONS_ARCHITECTURE/01-03_TECHNOLOGIES/01-03-01_Q%2BATLANTIDE/000-099_S-ATLAS/050-059_Primary-Structures-and-Programme-Interfaces/058_Advanced-and-Green-Structural-Systems/058-500_Thermal-and-Environmental-Multifunction-Structures
000-099,S-ATLAS,050-059,Primary Structures and Programme Interfaces,058,Advanced and Green Structural Systems,058-600,600,Bio Based and Recycled Structural Applications,058-600_Bio-Based-and-Recycled-Structural-Applications,01_OPTIONS_ARCHITECTURE/01-03_TECHNOLOGIES/01-03-01_Q+ATLANTIDE/000-099_S-ATLAS/050-059_Primary-Structures-and-Programme-Interfaces/058_Advanced-and-Green-Structural-Systems/058-600_Bio-Based-and-Recycled-Structural-Applications,https://github.com/AmedeoPelliccia/Q-plus-A/tree/main/01_OPTIONS_ARCHITECTURE/01-03_TECHNOLOGIES/01-03-01_Q%2BATLANTIDE/000-099_S-ATLAS/050-059_Primary-Structures-and-Programme-Interfaces/058_Advanced-and-Green-Structural-Systems/058-600_Bio-Based-and-Recycled-Structural-Applications
000-099,S-ATLAS,050-059,Primary Structures and Programme Interfaces,058,Advanced and Green Structural Systems,058-700,700,Circular Airframe Architecture,058-700_Circular-Airframe-Architecture,01_OPTIONS_ARCHITECTURE/01-03_TECHNOLOGIES/01-03-01_Q+ATLANTIDE/000-099_S-ATLAS/050-059_Primary-Structures-and-Programme-Interfaces/058_Advanced-and-Green-Structural-Systems/058-700_Circular-Airframe-Architecture,https://github.com/AmedeoPelliccia/Q-plus-A/tree/main/01_OPTIONS_ARCHITECTURE/01-03_TECHNOLOGIES/01-03-01_Q%2BATLANTIDE/000-099_S-ATLAS/050-059_Primary-Structures-and-Programme-Interfaces/058_Advanced-and-Green-Structural-Systems/058-700_Circular-Airframe-Architecture
000-099,S-ATLAS,050-059,Primary Structures and Programme Interfaces,058,Advanced and Green Structural Systems,058-800,800,Certification Pathfinding for Novel Structural Technologies,058-800_Certification-Pathfinding-for-Novel-Structural-Technologies,01_OPTIONS_ARCHITECTURE/01-03_TECHNOLOGIES/01-03-01_Q+ATLANTIDE/000-099_S-ATLAS/050-059_Primary-Structures-and-Programme-Interfaces/058_Advanced-and-Green-Structural-Systems/058-800_Certification-Pathfinding-for-Novel-Structural-Technologies,https://github.com/AmedeoPelliccia/Q-plus-A/tree/main/01_OPTIONS_ARCHITECTURE/01-03_TECHNOLOGIES/01-03-01_Q%2BATLANTIDE/000-099_S-ATLAS/050-059_Primary-Structures-and-Programme-Interfaces/058_Advanced-and-Green-Structural-Systems/058-800_Certification-Pathfinding-for-Novel-Structural-Technologies
000-099,S-ATLAS,050-059,Primary Structures and Programme Interfaces,058,Advanced and Green Structural Systems,058-900,900,Structural Technology Watch and Graduation,058-900_Structural-Technology-Watch-and-Graduation,01_OPTIONS_ARCHITECTURE/01-03_TECHNOLOGIES/01-03-01_Q+ATLANTIDE/000-099_S-ATLAS/050-059_Primary-Structures-and-Programme-Interfaces/058_Advanced-and-Green-Structural-Systems/058-900_Structural-Technology-Watch-and-Graduation,https://github.com/AmedeoPelliccia/Q-plus-A/tree/main/01_OPTIONS_ARCHITECTURE/01-03_TECHNOLOGIES/01-03-01_Q%2BATLANTIDE/000-099_S-ATLAS/050-059_Primary-Structures-and-Programme-Interfaces/058_Advanced-and-Green-Structural-Systems/058-900_Structural-Technology-Watch-and-Graduation
000-099,S-ATLAS,050-059,Primary Structures and Programme Interfaces,059,Programme Structural Interfaces,059-000,000,General and Layer Doctrine,059-000_General-and-Layer-Doctrine,01_OPTIONS_ARCHITECTURE/01-03_TECHNOLOGIES/01-03-01_Q+ATLANTIDE/000-099_S-ATLAS/050-059_Primary-Structures-and-Programme-Interfaces/059_Programme-Structural-Interfaces/059-000_General-and-Layer-Doctrine,https://github.com/AmedeoPelliccia/Q-plus-A/tree/main/01_OPTIONS_ARCHITECTURE/01-03_TECHNOLOGIES/01-03-01_Q%2BATLANTIDE/000-099_S-ATLAS/050-059_Primary-Structures-and-Programme-Interfaces/059_Programme-Structural-Interfaces/059-000_General-and-Layer-Doctrine
000-099,S-ATLAS,050-059,Primary Structures and Programme Interfaces,059,Programme Structural Interfaces,059-100,100,Downstream Mapping Model,059-100_Downstream-Mapping-Model,01_OPTIONS_ARCHITECTURE/01-03_TECHNOLOGIES/01-03-01_Q+ATLANTIDE/000-099_S-ATLAS/050-059_Primary-Structures-and-Programme-Interfaces/059_Programme-Structural-Interfaces/059-100_Downstream-Mapping-Model,https://github.com/AmedeoPelliccia/Q-plus-A/tree/main/01_OPTIONS_ARCHITECTURE/01-03_TECHNOLOGIES/01-03-01_Q%2BATLANTIDE/000-099_S-ATLAS/050-059_Primary-Structures-and-Programme-Interfaces/059_Programme-Structural-Interfaces/059-100_Downstream-Mapping-Model
000-099,S-ATLAS,050-059,Primary Structures and Programme Interfaces,059,Programme Structural Interfaces,059-200,200,Effectivity and Declaration Grammar,059-200_Effectivity-and-Declaration-Grammar,01_OPTIONS_ARCHITECTURE/01-03_TECHNOLOGIES/01-03-01_Q+ATLANTIDE/000-099_S-ATLAS/050-059_Primary-Structures-and-Programme-Interfaces/059_Programme-Structural-Interfaces/059-200_Effectivity-and-Declaration-Grammar,https://github.com/AmedeoPelliccia/Q-plus-A/tree/main/01_OPTIONS_ARCHITECTURE/01-03_TECHNOLOGIES/01-03-01_Q%2BATLANTIDE/000-099_S-ATLAS/050-059_Primary-Structures-and-Programme-Interfaces/059_Programme-Structural-Interfaces/059-200_Effectivity-and-Declaration-Grammar
000-099,S-ATLAS,050-059,Primary Structures and Programme Interfaces,059,Programme Structural Interfaces,059-300,300,Downstream Interface Definition Schemas,059-300_Downstream-Interface-Definition-Schemas,01_OPTIONS_ARCHITECTURE/01-03_TECHNOLOGIES/01-03-01_Q+ATLANTIDE/000-099_S-ATLAS/050-059_Primary-Structures-and-Programme-Interfaces/059_Programme-Structural-Interfaces/059-300_Downstream-Interface-Definition-Schemas,https://github.com/AmedeoPelliccia/Q-plus-A/tree/main/01_OPTIONS_ARCHITECTURE/01-03_TECHNOLOGIES/01-03-01_Q%2BATLANTIDE/000-099_S-ATLAS/050-059_Primary-Structures-and-Programme-Interfaces/059_Programme-Structural-Interfaces/059-300_Downstream-Interface-Definition-Schemas
000-099,S-ATLAS,050-059,Primary Structures and Programme Interfaces,059,Programme Structural Interfaces,059-400,400,Assembly and Station Convention Classes,059-400_Assembly-and-Station-Convention-Classes,01_OPTIONS_ARCHITECTURE/01-03_TECHNOLOGIES/01-03-01_Q+ATLANTIDE/000-099_S-ATLAS/050-059_Primary-Structures-and-Programme-Interfaces/059_Programme-Structural-Interfaces/059-400_Assembly-and-Station-Convention-Classes,https://github.com/AmedeoPelliccia/Q-plus-A/tree/main/01_OPTIONS_ARCHITECTURE/01-03_TECHNOLOGIES/01-03-01_Q%2BATLANTIDE/000-099_S-ATLAS/050-059_Primary-Structures-and-Programme-Interfaces/059_Programme-Structural-Interfaces/059-400_Assembly-and-Station-Convention-Classes
000-099,S-ATLAS,050-059,Primary Structures and Programme Interfaces,059,Programme Structural Interfaces,059-500,500,Crosswalks and Legacy Mapping Doctrine,059-500_Crosswalks-and-Legacy-Mapping-Doctrine,01_OPTIONS_ARCHITECTURE/01-03_TECHNOLOGIES/01-03-01_Q+ATLANTIDE/000-099_S-ATLAS/050-059_Primary-Structures-and-Programme-Interfaces/059_Programme-Structural-Interfaces/059-500_Crosswalks-and-Legacy-Mapping-Doctrine,https://github.com/AmedeoPelliccia/Q-plus-A/tree/main/01_OPTIONS_ARCHITECTURE/01-03_TECHNOLOGIES/01-03-01_Q%2BATLANTIDE/000-099_S-ATLAS/050-059_Primary-Structures-and-Programme-Interfaces/059_Programme-Structural-Interfaces/059-500_Crosswalks-and-Legacy-Mapping-Doctrine
000-099,S-ATLAS,050-059,Primary Structures and Programme Interfaces,059,Programme Structural Interfaces,059-600,600,Structural Evidence Interface,059-600_Structural-Evidence-Interface,01_OPTIONS_ARCHITECTURE/01-03_TECHNOLOGIES/01-03-01_Q+ATLANTIDE/000-099_S-ATLAS/050-059_Primary-Structures-and-Programme-Interfaces/059_Programme-Structural-Interfaces/059-600_Structural-Evidence-Interface,https://github.com/AmedeoPelliccia/Q-plus-A/tree/main/01_OPTIONS_ARCHITECTURE/01-03_TECHNOLOGIES/01-03-01_Q%2BATLANTIDE/000-099_S-ATLAS/050-059_Primary-Structures-and-Programme-Interfaces/059_Programme-Structural-Interfaces/059-600_Structural-Evidence-Interface
000-099,S-ATLAS,050-059,Primary Structures and Programme Interfaces,059,Programme Structural Interfaces,059-700,700,Change Propagation and Impact Doctrine,059-700_Change-Propagation-and-Impact-Doctrine,01_OPTIONS_ARCHITECTURE/01-03_TECHNOLOGIES/01-03-01_Q+ATLANTIDE/000-099_S-ATLAS/050-059_Primary-Structures-and-Programme-Interfaces/059_Programme-Structural-Interfaces/059-700_Change-Propagation-and-Impact-Doctrine,https://github.com/AmedeoPelliccia/Q-plus-A/tree/main/01_OPTIONS_ARCHITECTURE/01-03_TECHNOLOGIES/01-03-01_Q%2BATLANTIDE/000-099_S-ATLAS/050-059_Primary-Structures-and-Programme-Interfaces/059_Programme-Structural-Interfaces/059-700_Change-Propagation-and-Impact-Doctrine
000-099,S-ATLAS,050-059,Primary Structures and Programme Interfaces,059,Programme Structural Interfaces,059-800,800,Interface Governance and Ratification,059-800_Interface-Governance-and-Ratification,01_OPTIONS_ARCHITECTURE/01-03_TECHNOLOGIES/01-03-01_Q+ATLANTIDE/000-099_S-ATLAS/050-059_Primary-Structures-and-Programme-Interfaces/059_Programme-Structural-Interfaces/059-800_Interface-Governance-and-Ratification,https://github.com/AmedeoPelliccia/Q-plus-A/tree/main/01_OPTIONS_ARCHITECTURE/01-03_TECHNOLOGIES/01-03-01_Q%2BATLANTIDE/000-099_S-ATLAS/050-059_Primary-Structures-and-Programme-Interfaces/059_Programme-Structural-Interfaces/059-800_Interface-Governance-and-Ratification
000-099,S-ATLAS,050-059,Primary Structures and Programme Interfaces,059,Programme Structural Interfaces,059-900,900,Machine Readable Interfaces and Automation,059-900_Machine-Readable-Interfaces-and-Automation,01_OPTIONS_ARCHITECTURE/01-03_TECHNOLOGIES/01-03-01_Q+ATLANTIDE/000-099_S-ATLAS/050-059_Primary-Structures-and-Programme-Interfaces/059_Programme-Structural-Interfaces/059-900_Machine-Readable-Interfaces-and-Automation,https://github.com/AmedeoPelliccia/Q-plus-A/tree/main/01_OPTIONS_ARCHITECTURE/01-03_TECHNOLOGIES/01-03-01_Q%2BATLANTIDE/000-099_S-ATLAS/050-059_Primary-Structures-and-Programme-Interfaces/059_Programme-Structural-Interfaces/059-900_Machine-Readable-Interfaces-and-Automation
000-099,S-ATLAS,060-069,Sustainable Energy Carrier Combustion Propulsion,060,General and Range Doctrine,060-000,000,General Information,060-000_General-Information,01_OPTIONS_ARCHITECTURE/01-03_TECHNOLOGIES/01-03-01_Q+ATLANTIDE/000-099_S-ATLAS/060-069_Sustainable-Energy-Carrier-Combustion-Propulsion/060_General-and-Range-Doctrine/060-000_General-Information,https://github.com/AmedeoPelliccia/Q-plus-A/tree/main/01_OPTIONS_ARCHITECTURE/01-03_TECHNOLOGIES/01-03-01_Q%2BATLANTIDE/000-099_S-ATLAS/060-069_Sustainable-Energy-Carrier-Combustion-Propulsion/060_General-and-Range-Doctrine/060-000_General-Information
000-099,S-ATLAS,060-069,Sustainable Energy Carrier Combustion Propulsion,060,General and Range Doctrine,060-100,100,Range Scope and Doctrine,060-100_Range-Scope-and-Doctrine,01_OPTIONS_ARCHITECTURE/01-03_TECHNOLOGIES/01-03-01_Q+ATLANTIDE/000-099_S-ATLAS/060-069_Sustainable-Energy-Carrier-Combustion-Propulsion/060_General-and-Range-Doctrine/060-100_Range-Scope-and-Doctrine,https://github.com/AmedeoPelliccia/Q-plus-A/tree/main/01_OPTIONS_ARCHITECTURE/01-03_TECHNOLOGIES/01-03-01_Q%2BATLANTIDE/000-099_S-ATLAS/060-069_Sustainable-Energy-Carrier-Combustion-Propulsion/060_General-and-Range-Doctrine/060-100_Range-Scope-and-Doctrine
000-099,S-ATLAS,060-069,Sustainable Energy Carrier Combustion Propulsion,060,General and Range Doctrine,060-200,200,Sustainable Energy Carriers Overview,060-200_Sustainable-Energy-Carriers-Overview,01_OPTIONS_ARCHITECTURE/01-03_TECHNOLOGIES/01-03-01_Q+ATLANTIDE/000-099_S-ATLAS/060-069_Sustainable-Energy-Carrier-Combustion-Propulsion/060_General-and-Range-Doctrine/060-200_Sustainable-Energy-Carriers-Overview,https://github.com/AmedeoPelliccia/Q-plus-A/tree/main/01_OPTIONS_ARCHITECTURE/01-03_TECHNOLOGIES/01-03-01_Q%2BATLANTIDE/000-099_S-ATLAS/060-069_Sustainable-Energy-Carrier-Combustion-Propulsion/060_General-and-Range-Doctrine/060-200_Sustainable-Energy-Carriers-Overview
000-099,S-ATLAS,060-069,Sustainable Energy Carrier Combustion Propulsion,060,General and Range Doctrine,060-300,300,Commonality and Product Line Principles,060-300_Commonality-and-Product-Line-Principles,01_OPTIONS_ARCHITECTURE/01-03_TECHNOLOGIES/01-03-01_Q+ATLANTIDE/000-099_S-ATLAS/060-069_Sustainable-Energy-Carrier-Combustion-Propulsion/060_General-and-Range-Doctrine/060-300_Commonality-and-Product-Line-Principles,https://github.com/AmedeoPelliccia/Q-plus-A/tree/main/01_OPTIONS_ARCHITECTURE/01-03_TECHNOLOGIES/01-03-01_Q%2BATLANTIDE/000-099_S-ATLAS/060-069_Sustainable-Energy-Carrier-Combustion-Propulsion/060_General-and-Range-Doctrine/060-300_Commonality-and-Product-Line-Principles
000-099,S-ATLAS,060-069,Sustainable Energy Carrier Combustion Propulsion,060,General and Range Doctrine,060-400,400,Safety and Certification Framework,060-400_Safety-and-Certification-Framework,01_OPTIONS_ARCHITECTURE/01-03_TECHNOLOGIES/01-03-01_Q+ATLANTIDE/000-099_S-ATLAS/060-069_Sustainable-Energy-Carrier-Combustion-Propulsion/060_General-and-Range-Doctrine/060-400_Safety-and-Certification-Framework,https://github.com/AmedeoPelliccia/Q-plus-A/tree/main/01_OPTIONS_ARCHITECTURE/01-03_TECHNOLOGIES/01-03-01_Q%2BATLANTIDE/000-099_S-ATLAS/060-069_Sustainable-Energy-Carrier-Combustion-Propulsion/060_General-and-Range-Doctrine/060-400_Safety-and-Certification-Framework
000-099,S-ATLAS,060-069,Sustainable Energy Carrier Combustion Propulsion,060,General and Range Doctrine,060-500,500,Environmental Performance and Non CO2 Doctrine,060-500_Environmental-Performance-and-Non-CO2-Doctrine,01_OPTIONS_ARCHITECTURE/01-03_TECHNOLOGIES/01-03-01_Q+ATLANTIDE/000-099_S-ATLAS/060-069_Sustainable-Energy-Carrier-Combustion-Propulsion/060_General-and-Range-Doctrine/060-500_Environmental-Performance-and-Non-CO2-Doctrine,https://github.com/AmedeoPelliccia/Q-plus-A/tree/main/01_OPTIONS_ARCHITECTURE/01-03_TECHNOLOGIES/01-03-01_Q%2BATLANTIDE/000-099_S-ATLAS/060-069_Sustainable-Energy-Carrier-Combustion-Propulsion/060_General-and-Range-Doctrine/060-500_Environmental-Performance-and-Non-CO2-Doctrine
000-099,S-ATLAS,060-069,Sustainable Energy Carrier Combustion Propulsion,060,General and Range Doctrine,060-600,600,Interfaces to Aircraft Systems,060-600_Interfaces-to-Aircraft-Systems,01_OPTIONS_ARCHITECTURE/01-03_TECHNOLOGIES/01-03-01_Q+ATLANTIDE/000-099_S-ATLAS/060-069_Sustainable-Energy-Carrier-Combustion-Propulsion/060_General-and-Range-Doctrine/060-600_Interfaces-to-Aircraft-Systems,https://github.com/AmedeoPelliccia/Q-plus-A/tree/main/01_OPTIONS_ARCHITECTURE/01-03_TECHNOLOGIES/01-03-01_Q%2BATLANTIDE/000-099_S-ATLAS/060-069_Sustainable-Energy-Carrier-Combustion-Propulsion/060_General-and-Range-Doctrine/060-600_Interfaces-to-Aircraft-Systems
000-099,S-ATLAS,060-069,Sustainable Energy Carrier Combustion Propulsion,060,General and Range Doctrine,060-700,700,Standard Practices Powerplant,060-700_Standard-Practices-Powerplant,01_OPTIONS_ARCHITECTURE/01-03_TECHNOLOGIES/01-03-01_Q+ATLANTIDE/000-099_S-ATLAS/060-069_Sustainable-Energy-Carrier-Combustion-Propulsion/060_General-and-Range-Doctrine/060-700_Standard-Practices-Powerplant,https://github.com/AmedeoPelliccia/Q-plus-A/tree/main/01_OPTIONS_ARCHITECTURE/01-03_TECHNOLOGIES/01-03-01_Q%2BATLANTIDE/000-099_S-ATLAS/060-069_Sustainable-Energy-Carrier-Combustion-Propulsion/060_General-and-Range-Doctrine/060-700_Standard-Practices-Powerplant
000-099,S-ATLAS,060-069,Sustainable Energy Carrier Combustion Propulsion,060,General and Range Doctrine,060-800,800,Testing and Evidence Framework,060-800_Testing-and-Evidence-Framework,01_OPTIONS_ARCHITECTURE/01-03_TECHNOLOGIES/01-03-01_Q+ATLANTIDE/000-099_S-ATLAS/060-069_Sustainable-Energy-Carrier-Combustion-Propulsion/060_General-and-Range-Doctrine/060-800_Testing-and-Evidence-Framework,https://github.com/AmedeoPelliccia/Q-plus-A/tree/main/01_OPTIONS_ARCHITECTURE/01-03_TECHNOLOGIES/01-03-01_Q%2BATLANTIDE/000-099_S-ATLAS/060-069_Sustainable-Energy-Carrier-Combustion-Propulsion/060_General-and-Range-Doctrine/060-800_Testing-and-Evidence-Framework
000-099,S-ATLAS,060-069,Sustainable Energy Carrier Combustion Propulsion,060,General and Range Doctrine,060-900,900,Glossary and Controlled Vocabulary,060-900_Glossary-and-Controlled-Vocabulary,01_OPTIONS_ARCHITECTURE/01-03_TECHNOLOGIES/01-03-01_Q+ATLANTIDE/000-099_S-ATLAS/060-069_Sustainable-Energy-Carrier-Combustion-Propulsion/060_General-and-Range-Doctrine/060-900_Glossary-and-Controlled-Vocabulary,https://github.com/AmedeoPelliccia/Q-plus-A/tree/main/01_OPTIONS_ARCHITECTURE/01-03_TECHNOLOGIES/01-03-01_Q%2BATLANTIDE/000-099_S-ATLAS/060-069_Sustainable-Energy-Carrier-Combustion-Propulsion/060_General-and-Range-Doctrine/060-900_Glossary-and-Controlled-Vocabulary
000-099,S-ATLAS,060-069,Sustainable Energy Carrier Combustion Propulsion,061,Powerplant Installation and Nacelle Integration,061-000,000,General Information,061-000_General-Information,01_OPTIONS_ARCHITECTURE/01-03_TECHNOLOGIES/01-03-01_Q+ATLANTIDE/000-099_S-ATLAS/060-069_Sustainable-Energy-Carrier-Combustion-Propulsion/061_Powerplant-Installation-and-Nacelle-Integration/061-000_General-Information,https://github.com/AmedeoPelliccia/Q-plus-A/tree/main/01_OPTIONS_ARCHITECTURE/01-03_TECHNOLOGIES/01-03-01_Q%2BATLANTIDE/000-099_S-ATLAS/060-069_Sustainable-Energy-Carrier-Combustion-Propulsion/061_Powerplant-Installation-and-Nacelle-Integration/061-000_General-Information
000-099,S-ATLAS,060-069,Sustainable Energy Carrier Combustion Propulsion,061,Powerplant Installation and Nacelle Integration,061-100,100,Engine Mounting and Structural Interfaces,061-100_Engine-Mounting-and-Structural-Interfaces,01_OPTIONS_ARCHITECTURE/01-03_TECHNOLOGIES/01-03-01_Q+ATLANTIDE/000-099_S-ATLAS/060-069_Sustainable-Energy-Carrier-Combustion-Propulsion/061_Powerplant-Installation-and-Nacelle-Integration/061-100_Engine-Mounting-and-Structural-Interfaces,https://github.com/AmedeoPelliccia/Q-plus-A/tree/main/01_OPTIONS_ARCHITECTURE/01-03_TECHNOLOGIES/01-03-01_Q%2BATLANTIDE/000-099_S-ATLAS/060-069_Sustainable-Energy-Carrier-Combustion-Propulsion/061_Powerplant-Installation-and-Nacelle-Integration/061-100_Engine-Mounting-and-Structural-Interfaces
000-099,S-ATLAS,060-069,Sustainable Energy Carrier Combustion Propulsion,061,Powerplant Installation and Nacelle Integration,061-200,200,Nacelle and Cowling Integration,061-200_Nacelle-and-Cowling-Integration,01_OPTIONS_ARCHITECTURE/01-03_TECHNOLOGIES/01-03-01_Q+ATLANTIDE/000-099_S-ATLAS/060-069_Sustainable-Energy-Carrier-Combustion-Propulsion/061_Powerplant-Installation-and-Nacelle-Integration/061-200_Nacelle-and-Cowling-Integration,https://github.com/AmedeoPelliccia/Q-plus-A/tree/main/01_OPTIONS_ARCHITECTURE/01-03_TECHNOLOGIES/01-03-01_Q%2BATLANTIDE/000-099_S-ATLAS/060-069_Sustainable-Energy-Carrier-Combustion-Propulsion/061_Powerplant-Installation-and-Nacelle-Integration/061-200_Nacelle-and-Cowling-Integration
000-099,S-ATLAS,060-069,Sustainable Energy Carrier Combustion Propulsion,061,Powerplant Installation and Nacelle Integration,061-300,300,Firewalls and Zone Segregation,061-300_Firewalls-and-Zone-Segregation,01_OPTIONS_ARCHITECTURE/01-03_TECHNOLOGIES/01-03-01_Q+ATLANTIDE/000-099_S-ATLAS/060-069_Sustainable-Energy-Carrier-Combustion-Propulsion/061_Powerplant-Installation-and-Nacelle-Integration/061-300_Firewalls-and-Zone-Segregation,https://github.com/AmedeoPelliccia/Q-plus-A/tree/main/01_OPTIONS_ARCHITECTURE/01-03_TECHNOLOGIES/01-03-01_Q%2BATLANTIDE/000-099_S-ATLAS/060-069_Sustainable-Energy-Carrier-Combustion-Propulsion/061_Powerplant-Installation-and-Nacelle-Integration/061-300_Firewalls-and-Zone-Segregation
000-099,S-ATLAS,060-069,Sustainable Energy Carrier Combustion Propulsion,061,Powerplant Installation and Nacelle Integration,061-400,400,Drains Vents and Leak Management,061-400_Drains-Vents-and-Leak-Management,01_OPTIONS_ARCHITECTURE/01-03_TECHNOLOGIES/01-03-01_Q+ATLANTIDE/000-099_S-ATLAS/060-069_Sustainable-Energy-Carrier-Combustion-Propulsion/061_Powerplant-Installation-and-Nacelle-Integration/061-400_Drains-Vents-and-Leak-Management,https://github.com/AmedeoPelliccia/Q-plus-A/tree/main/01_OPTIONS_ARCHITECTURE/01-03_TECHNOLOGIES/01-03-01_Q%2BATLANTIDE/000-099_S-ATLAS/060-069_Sustainable-Energy-Carrier-Combustion-Propulsion/061_Powerplant-Installation-and-Nacelle-Integration/061-400_Drains-Vents-and-Leak-Management
000-099,S-ATLAS,060-069,Sustainable Energy Carrier Combustion Propulsion,061,Powerplant Installation and Nacelle Integration,061-500,500,Powerplant Build Up and Interchangeability,061-500_Powerplant-Build-Up-and-Interchangeability,01_OPTIONS_ARCHITECTURE/01-03_TECHNOLOGIES/01-03-01_Q+ATLANTIDE/000-099_S-ATLAS/060-069_Sustainable-Energy-Carrier-Combustion-Propulsion/061_Powerplant-Installation-and-Nacelle-Integration/061-500_Powerplant-Build-Up-and-Interchangeability,https://github.com/AmedeoPelliccia/Q-plus-A/tree/main/01_OPTIONS_ARCHITECTURE/01-03_TECHNOLOGIES/01-03-01_Q%2BATLANTIDE/000-099_S-ATLAS/060-069_Sustainable-Energy-Carrier-Combustion-Propulsion/061_Powerplant-Installation-and-Nacelle-Integration/061-500_Powerplant-Build-Up-and-Interchangeability
000-099,S-ATLAS,060-069,Sustainable Energy Carrier Combustion Propulsion,061,Powerplant Installation and Nacelle Integration,061-600,600,Vibration Isolation and Dynamic Interfaces,061-600_Vibration-Isolation-and-Dynamic-Interfaces,01_OPTIONS_ARCHITECTURE/01-03_TECHNOLOGIES/01-03-01_Q+ATLANTIDE/000-099_S-ATLAS/060-069_Sustainable-Energy-Carrier-Combustion-Propulsion/061_Powerplant-Installation-and-Nacelle-Integration/061-600_Vibration-Isolation-and-Dynamic-Interfaces,https://github.com/AmedeoPelliccia/Q-plus-A/tree/main/01_OPTIONS_ARCHITECTURE/01-03_TECHNOLOGIES/01-03-01_Q%2BATLANTIDE/000-099_S-ATLAS/060-069_Sustainable-Energy-Carrier-Combustion-Propulsion/061_Powerplant-Installation-and-Nacelle-Integration/061-600_Vibration-Isolation-and-Dynamic-Interfaces
000-099,S-ATLAS,060-069,Sustainable Energy Carrier Combustion Propulsion,061,Powerplant Installation and Nacelle Integration,061-700,700,Access and Maintainability Provisions,061-700_Access-and-Maintainability-Provisions,01_OPTIONS_ARCHITECTURE/01-03_TECHNOLOGIES/01-03-01_Q+ATLANTIDE/000-099_S-ATLAS/060-069_Sustainable-Energy-Carrier-Combustion-Propulsion/061_Powerplant-Installation-and-Nacelle-Integration/061-700_Access-and-Maintainability-Provisions,https://github.com/AmedeoPelliccia/Q-plus-A/tree/main/01_OPTIONS_ARCHITECTURE/01-03_TECHNOLOGIES/01-03-01_Q%2BATLANTIDE/000-099_S-ATLAS/060-069_Sustainable-Energy-Carrier-Combustion-Propulsion/061_Powerplant-Installation-and-Nacelle-Integration/061-700_Access-and-Maintainability-Provisions
000-099,S-ATLAS,060-069,Sustainable Energy Carrier Combustion Propulsion,061,Powerplant Installation and Nacelle Integration,061-800,800,Installation Aerodynamics and Integration Effects,061-800_Installation-Aerodynamics-and-Integration-Effects,01_OPTIONS_ARCHITECTURE/01-03_TECHNOLOGIES/01-03-01_Q+ATLANTIDE/000-099_S-ATLAS/060-069_Sustainable-Energy-Carrier-Combustion-Propulsion/061_Powerplant-Installation-and-Nacelle-Integration/061-800_Installation-Aerodynamics-and-Integration-Effects,https://github.com/AmedeoPelliccia/Q-plus-A/tree/main/01_OPTIONS_ARCHITECTURE/01-03_TECHNOLOGIES/01-03-01_Q%2BATLANTIDE/000-099_S-ATLAS/060-069_Sustainable-Energy-Carrier-Combustion-Propulsion/061_Powerplant-Installation-and-Nacelle-Integration/061-800_Installation-Aerodynamics-and-Integration-Effects
000-099,S-ATLAS,060-069,Sustainable Energy Carrier Combustion Propulsion,061,Powerplant Installation and Nacelle Integration,061-900,900,Ground Handling and Transport Interfaces,061-900_Ground-Handling-and-Transport-Interfaces,01_OPTIONS_ARCHITECTURE/01-03_TECHNOLOGIES/01-03-01_Q+ATLANTIDE/000-099_S-ATLAS/060-069_Sustainable-Energy-Carrier-Combustion-Propulsion/061_Powerplant-Installation-and-Nacelle-Integration/061-900_Ground-Handling-and-Transport-Interfaces,https://github.com/AmedeoPelliccia/Q-plus-A/tree/main/01_OPTIONS_ARCHITECTURE/01-03_TECHNOLOGIES/01-03-01_Q%2BATLANTIDE/000-099_S-ATLAS/060-069_Sustainable-Energy-Carrier-Combustion-Propulsion/061_Powerplant-Installation-and-Nacelle-Integration/061-900_Ground-Handling-and-Transport-Interfaces
000-099,S-ATLAS,060-069,Sustainable Energy Carrier Combustion Propulsion,062,Combustion Machinery,062-000,000,General Information,062-000_General-Information,01_OPTIONS_ARCHITECTURE/01-03_TECHNOLOGIES/01-03-01_Q+ATLANTIDE/000-099_S-ATLAS/060-069_Sustainable-Energy-Carrier-Combustion-Propulsion/062_Combustion-Machinery/062-000_General-Information,https://github.com/AmedeoPelliccia/Q-plus-A/tree/main/01_OPTIONS_ARCHITECTURE/01-03_TECHNOLOGIES/01-03-01_Q%2BATLANTIDE/000-099_S-ATLAS/060-069_Sustainable-Energy-Carrier-Combustion-Propulsion/062_Combustion-Machinery/062-000_General-Information
000-099,S-ATLAS,060-069,Sustainable Energy Carrier Combustion Propulsion,062,Combustion Machinery,062-100,100,Compression Systems,062-100_Compression-Systems,01_OPTIONS_ARCHITECTURE/01-03_TECHNOLOGIES/01-03-01_Q+ATLANTIDE/000-099_S-ATLAS/060-069_Sustainable-Energy-Carrier-Combustion-Propulsion/062_Combustion-Machinery/062-100_Compression-Systems,https://github.com/AmedeoPelliccia/Q-plus-A/tree/main/01_OPTIONS_ARCHITECTURE/01-03_TECHNOLOGIES/01-03-01_Q%2BATLANTIDE/000-099_S-ATLAS/060-069_Sustainable-Energy-Carrier-Combustion-Propulsion/062_Combustion-Machinery/062-100_Compression-Systems
000-099,S-ATLAS,060-069,Sustainable Energy Carrier Combustion Propulsion,062,Combustion Machinery,062-200,200,Turbine Systems,062-200_Turbine-Systems,01_OPTIONS_ARCHITECTURE/01-03_TECHNOLOGIES/01-03-01_Q+ATLANTIDE/000-099_S-ATLAS/060-069_Sustainable-Energy-Carrier-Combustion-Propulsion/062_Combustion-Machinery/062-200_Turbine-Systems,https://github.com/AmedeoPelliccia/Q-plus-A/tree/main/01_OPTIONS_ARCHITECTURE/01-03_TECHNOLOGIES/01-03-01_Q%2BATLANTIDE/000-099_S-ATLAS/060-069_Sustainable-Energy-Carrier-Combustion-Propulsion/062_Combustion-Machinery/062-200_Turbine-Systems
000-099,S-ATLAS,060-069,Sustainable Energy Carrier Combustion Propulsion,062,Combustion Machinery,062-300,300,Shafts Bearings and Rotordynamics,062-300_Shafts-Bearings-and-Rotordynamics,01_OPTIONS_ARCHITECTURE/01-03_TECHNOLOGIES/01-03-01_Q+ATLANTIDE/000-099_S-ATLAS/060-069_Sustainable-Energy-Carrier-Combustion-Propulsion/062_Combustion-Machinery/062-300_Shafts-Bearings-and-Rotordynamics,https://github.com/AmedeoPelliccia/Q-plus-A/tree/main/01_OPTIONS_ARCHITECTURE/01-03_TECHNOLOGIES/01-03-01_Q%2BATLANTIDE/000-099_S-ATLAS/060-069_Sustainable-Energy-Carrier-Combustion-Propulsion/062_Combustion-Machinery/062-300_Shafts-Bearings-and-Rotordynamics
000-099,S-ATLAS,060-069,Sustainable Energy Carrier Combustion Propulsion,062,Combustion Machinery,062-400,400,Sealing Systems,062-400_Sealing-Systems,01_OPTIONS_ARCHITECTURE/01-03_TECHNOLOGIES/01-03-01_Q+ATLANTIDE/000-099_S-ATLAS/060-069_Sustainable-Energy-Carrier-Combustion-Propulsion/062_Combustion-Machinery/062-400_Sealing-Systems,https://github.com/AmedeoPelliccia/Q-plus-A/tree/main/01_OPTIONS_ARCHITECTURE/01-03_TECHNOLOGIES/01-03-01_Q%2BATLANTIDE/000-099_S-ATLAS/060-069_Sustainable-Energy-Carrier-Combustion-Propulsion/062_Combustion-Machinery/062-400_Sealing-Systems
000-099,S-ATLAS,060-069,Sustainable Energy Carrier Combustion Propulsion,062,Combustion Machinery,062-500,500,Rotor Integrity and Containment,062-500_Rotor-Integrity-and-Containment,01_OPTIONS_ARCHITECTURE/01-03_TECHNOLOGIES/01-03-01_Q+ATLANTIDE/000-099_S-ATLAS/060-069_Sustainable-Energy-Carrier-Combustion-Propulsion/062_Combustion-Machinery/062-500_Rotor-Integrity-and-Containment,https://github.com/AmedeoPelliccia/Q-plus-A/tree/main/01_OPTIONS_ARCHITECTURE/01-03_TECHNOLOGIES/01-03-01_Q%2BATLANTIDE/000-099_S-ATLAS/060-069_Sustainable-Energy-Carrier-Combustion-Propulsion/062_Combustion-Machinery/062-500_Rotor-Integrity-and-Containment
000-099,S-ATLAS,060-069,Sustainable Energy Carrier Combustion Propulsion,062,Combustion Machinery,062-600,600,Materials and Coatings for Carrier Compatibility,062-600_Materials-and-Coatings-for-Carrier-Compatibility,01_OPTIONS_ARCHITECTURE/01-03_TECHNOLOGIES/01-03-01_Q+ATLANTIDE/000-099_S-ATLAS/060-069_Sustainable-Energy-Carrier-Combustion-Propulsion/062_Combustion-Machinery/062-600_Materials-and-Coatings-for-Carrier-Compatibility,https://github.com/AmedeoPelliccia/Q-plus-A/tree/main/01_OPTIONS_ARCHITECTURE/01-03_TECHNOLOGIES/01-03-01_Q%2BATLANTIDE/000-099_S-ATLAS/060-069_Sustainable-Energy-Carrier-Combustion-Propulsion/062_Combustion-Machinery/062-600_Materials-and-Coatings-for-Carrier-Compatibility
000-099,S-ATLAS,060-069,Sustainable Energy Carrier Combustion Propulsion,062,Combustion Machinery,062-700,700,Clearance Control and Tip Management,062-700_Clearance-Control-and-Tip-Management,01_OPTIONS_ARCHITECTURE/01-03_TECHNOLOGIES/01-03-01_Q+ATLANTIDE/000-099_S-ATLAS/060-069_Sustainable-Energy-Carrier-Combustion-Propulsion/062_Combustion-Machinery/062-700_Clearance-Control-and-Tip-Management,https://github.com/AmedeoPelliccia/Q-plus-A/tree/main/01_OPTIONS_ARCHITECTURE/01-03_TECHNOLOGIES/01-03-01_Q%2BATLANTIDE/000-099_S-ATLAS/060-069_Sustainable-Energy-Carrier-Combustion-Propulsion/062_Combustion-Machinery/062-700_Clearance-Control-and-Tip-Management
000-099,S-ATLAS,060-069,Sustainable Energy Carrier Combustion Propulsion,062,Combustion Machinery,062-800,800,Reciprocating and Rotary Combustion Machines,062-800_Reciprocating-and-Rotary-Combustion-Machines,01_OPTIONS_ARCHITECTURE/01-03_TECHNOLOGIES/01-03-01_Q+ATLANTIDE/000-099_S-ATLAS/060-069_Sustainable-Energy-Carrier-Combustion-Propulsion/062_Combustion-Machinery/062-800_Reciprocating-and-Rotary-Combustion-Machines,https://github.com/AmedeoPelliccia/Q-plus-A/tree/main/01_OPTIONS_ARCHITECTURE/01-03_TECHNOLOGIES/01-03-01_Q%2BATLANTIDE/000-099_S-ATLAS/060-069_Sustainable-Energy-Carrier-Combustion-Propulsion/062_Combustion-Machinery/062-800_Reciprocating-and-Rotary-Combustion-Machines
000-099,S-ATLAS,060-069,Sustainable Energy Carrier Combustion Propulsion,062,Combustion Machinery,062-900,900,Turbomachinery Health Characteristics,062-900_Turbomachinery-Health-Characteristics,01_OPTIONS_ARCHITECTURE/01-03_TECHNOLOGIES/01-03-01_Q+ATLANTIDE/000-099_S-ATLAS/060-069_Sustainable-Energy-Carrier-Combustion-Propulsion/062_Combustion-Machinery/062-900_Turbomachinery-Health-Characteristics,https://github.com/AmedeoPelliccia/Q-plus-A/tree/main/01_OPTIONS_ARCHITECTURE/01-03_TECHNOLOGIES/01-03-01_Q%2BATLANTIDE/000-099_S-ATLAS/060-069_Sustainable-Energy-Carrier-Combustion-Propulsion/062_Combustion-Machinery/062-900_Turbomachinery-Health-Characteristics
000-099,S-ATLAS,060-069,Sustainable Energy Carrier Combustion Propulsion,063,Combustion Systems for Sustainable Carriers,063-000,000,General Information,063-000_General-Information,01_OPTIONS_ARCHITECTURE/01-03_TECHNOLOGIES/01-03-01_Q+ATLANTIDE/000-099_S-ATLAS/060-069_Sustainable-Energy-Carrier-Combustion-Propulsion/063_Combustion-Systems-for-Sustainable-Carriers/063-000_General-Information,https://github.com/AmedeoPelliccia/Q-plus-A/tree/main/01_OPTIONS_ARCHITECTURE/01-03_TECHNOLOGIES/01-03-01_Q%2BATLANTIDE/000-099_S-ATLAS/060-069_Sustainable-Energy-Carrier-Combustion-Propulsion/063_Combustion-Systems-for-Sustainable-Carriers/063-000_General-Information
000-099,S-ATLAS,060-069,Sustainable Energy Carrier Combustion Propulsion,063,Combustion Systems for Sustainable Carriers,063-100,100,Fuel Flexible Combustor Architectures,063-100_Fuel-Flexible-Combustor-Architectures,01_OPTIONS_ARCHITECTURE/01-03_TECHNOLOGIES/01-03-01_Q+ATLANTIDE/000-099_S-ATLAS/060-069_Sustainable-Energy-Carrier-Combustion-Propulsion/063_Combustion-Systems-for-Sustainable-Carriers/063-100_Fuel-Flexible-Combustor-Architectures,https://github.com/AmedeoPelliccia/Q-plus-A/tree/main/01_OPTIONS_ARCHITECTURE/01-03_TECHNOLOGIES/01-03-01_Q%2BATLANTIDE/000-099_S-ATLAS/060-069_Sustainable-Energy-Carrier-Combustion-Propulsion/063_Combustion-Systems-for-Sustainable-Carriers/063-100_Fuel-Flexible-Combustor-Architectures
000-099,S-ATLAS,060-069,Sustainable Energy Carrier Combustion Propulsion,063,Combustion Systems for Sustainable Carriers,063-200,200,Hydrogen Combustion Systems,063-200_Hydrogen-Combustion-Systems,01_OPTIONS_ARCHITECTURE/01-03_TECHNOLOGIES/01-03-01_Q+ATLANTIDE/000-099_S-ATLAS/060-069_Sustainable-Energy-Carrier-Combustion-Propulsion/063_Combustion-Systems-for-Sustainable-Carriers/063-200_Hydrogen-Combustion-Systems,https://github.com/AmedeoPelliccia/Q-plus-A/tree/main/01_OPTIONS_ARCHITECTURE/01-03_TECHNOLOGIES/01-03-01_Q%2BATLANTIDE/000-099_S-ATLAS/060-069_Sustainable-Energy-Carrier-Combustion-Propulsion/063_Combustion-Systems-for-Sustainable-Carriers/063-200_Hydrogen-Combustion-Systems
000-099,S-ATLAS,060-069,Sustainable Energy Carrier Combustion Propulsion,063,Combustion Systems for Sustainable Carriers,063-300,300,SAF Combustion and Compatibility,063-300_SAF-Combustion-and-Compatibility,01_OPTIONS_ARCHITECTURE/01-03_TECHNOLOGIES/01-03-01_Q+ATLANTIDE/000-099_S-ATLAS/060-069_Sustainable-Energy-Carrier-Combustion-Propulsion/063_Combustion-Systems-for-Sustainable-Carriers/063-300_SAF-Combustion-and-Compatibility,https://github.com/AmedeoPelliccia/Q-plus-A/tree/main/01_OPTIONS_ARCHITECTURE/01-03_TECHNOLOGIES/01-03-01_Q%2BATLANTIDE/000-099_S-ATLAS/060-069_Sustainable-Energy-Carrier-Combustion-Propulsion/063_Combustion-Systems-for-Sustainable-Carriers/063-300_SAF-Combustion-and-Compatibility
000-099,S-ATLAS,060-069,Sustainable Energy Carrier Combustion Propulsion,063,Combustion Systems for Sustainable Carriers,063-400,400,Injection Mixing and Flame Stabilization,063-400_Injection-Mixing-and-Flame-Stabilization,01_OPTIONS_ARCHITECTURE/01-03_TECHNOLOGIES/01-03-01_Q+ATLANTIDE/000-099_S-ATLAS/060-069_Sustainable-Energy-Carrier-Combustion-Propulsion/063_Combustion-Systems-for-Sustainable-Carriers/063-400_Injection-Mixing-and-Flame-Stabilization,https://github.com/AmedeoPelliccia/Q-plus-A/tree/main/01_OPTIONS_ARCHITECTURE/01-03_TECHNOLOGIES/01-03-01_Q%2BATLANTIDE/000-099_S-ATLAS/060-069_Sustainable-Energy-Carrier-Combustion-Propulsion/063_Combustion-Systems-for-Sustainable-Carriers/063-400_Injection-Mixing-and-Flame-Stabilization
000-099,S-ATLAS,060-069,Sustainable Energy Carrier Combustion Propulsion,063,Combustion Systems for Sustainable Carriers,063-500,500,Emissions Formation and Control,063-500_Emissions-Formation-and-Control,01_OPTIONS_ARCHITECTURE/01-03_TECHNOLOGIES/01-03-01_Q+ATLANTIDE/000-099_S-ATLAS/060-069_Sustainable-Energy-Carrier-Combustion-Propulsion/063_Combustion-Systems-for-Sustainable-Carriers/063-500_Emissions-Formation-and-Control,https://github.com/AmedeoPelliccia/Q-plus-A/tree/main/01_OPTIONS_ARCHITECTURE/01-03_TECHNOLOGIES/01-03-01_Q%2BATLANTIDE/000-099_S-ATLAS/060-069_Sustainable-Energy-Carrier-Combustion-Propulsion/063_Combustion-Systems-for-Sustainable-Carriers/063-500_Emissions-Formation-and-Control
000-099,S-ATLAS,060-069,Sustainable Energy Carrier Combustion Propulsion,063,Combustion Systems for Sustainable Carriers,063-600,600,Combustion Dynamics and Instability Management,063-600_Combustion-Dynamics-and-Instability-Management,01_OPTIONS_ARCHITECTURE/01-03_TECHNOLOGIES/01-03-01_Q+ATLANTIDE/000-099_S-ATLAS/060-069_Sustainable-Energy-Carrier-Combustion-Propulsion/063_Combustion-Systems-for-Sustainable-Carriers/063-600_Combustion-Dynamics-and-Instability-Management,https://github.com/AmedeoPelliccia/Q-plus-A/tree/main/01_OPTIONS_ARCHITECTURE/01-03_TECHNOLOGIES/01-03-01_Q%2BATLANTIDE/000-099_S-ATLAS/060-069_Sustainable-Energy-Carrier-Combustion-Propulsion/063_Combustion-Systems-for-Sustainable-Carriers/063-600_Combustion-Dynamics-and-Instability-Management
000-099,S-ATLAS,060-069,Sustainable Energy Carrier Combustion Propulsion,063,Combustion Systems for Sustainable Carriers,063-700,700,Ignition and Relight Envelope,063-700_Ignition-and-Relight-Envelope,01_OPTIONS_ARCHITECTURE/01-03_TECHNOLOGIES/01-03-01_Q+ATLANTIDE/000-099_S-ATLAS/060-069_Sustainable-Energy-Carrier-Combustion-Propulsion/063_Combustion-Systems-for-Sustainable-Carriers/063-700_Ignition-and-Relight-Envelope,https://github.com/AmedeoPelliccia/Q-plus-A/tree/main/01_OPTIONS_ARCHITECTURE/01-03_TECHNOLOGIES/01-03-01_Q%2BATLANTIDE/000-099_S-ATLAS/060-069_Sustainable-Energy-Carrier-Combustion-Propulsion/063_Combustion-Systems-for-Sustainable-Carriers/063-700_Ignition-and-Relight-Envelope
000-099,S-ATLAS,060-069,Sustainable Energy Carrier Combustion Propulsion,063,Combustion Systems for Sustainable Carriers,063-800,800,Liner Cooling and Thermal Management,063-800_Liner-Cooling-and-Thermal-Management,01_OPTIONS_ARCHITECTURE/01-03_TECHNOLOGIES/01-03-01_Q+ATLANTIDE/000-099_S-ATLAS/060-069_Sustainable-Energy-Carrier-Combustion-Propulsion/063_Combustion-Systems-for-Sustainable-Carriers/063-800_Liner-Cooling-and-Thermal-Management,https://github.com/AmedeoPelliccia/Q-plus-A/tree/main/01_OPTIONS_ARCHITECTURE/01-03_TECHNOLOGIES/01-03-01_Q%2BATLANTIDE/000-099_S-ATLAS/060-069_Sustainable-Energy-Carrier-Combustion-Propulsion/063_Combustion-Systems-for-Sustainable-Carriers/063-800_Liner-Cooling-and-Thermal-Management
000-099,S-ATLAS,060-069,Sustainable Energy Carrier Combustion Propulsion,063,Combustion Systems for Sustainable Carriers,063-900,900,Combustion Diagnostics and Evidence,063-900_Combustion-Diagnostics-and-Evidence,01_OPTIONS_ARCHITECTURE/01-03_TECHNOLOGIES/01-03-01_Q+ATLANTIDE/000-099_S-ATLAS/060-069_Sustainable-Energy-Carrier-Combustion-Propulsion/063_Combustion-Systems-for-Sustainable-Carriers/063-900_Combustion-Diagnostics-and-Evidence,https://github.com/AmedeoPelliccia/Q-plus-A/tree/main/01_OPTIONS_ARCHITECTURE/01-03_TECHNOLOGIES/01-03-01_Q%2BATLANTIDE/000-099_S-ATLAS/060-069_Sustainable-Energy-Carrier-Combustion-Propulsion/063_Combustion-Systems-for-Sustainable-Carriers/063-900_Combustion-Diagnostics-and-Evidence
000-099,S-ATLAS,060-069,Sustainable Energy Carrier Combustion Propulsion,064,Carrier Delivery Metering and Conditioning,064-000,000,General Information,064-000_General-Information,01_OPTIONS_ARCHITECTURE/01-03_TECHNOLOGIES/01-03-01_Q+ATLANTIDE/000-099_S-ATLAS/060-069_Sustainable-Energy-Carrier-Combustion-Propulsion/064_Carrier-Delivery-Metering-and-Conditioning/064-000_General-Information,https://github.com/AmedeoPelliccia/Q-plus-A/tree/main/01_OPTIONS_ARCHITECTURE/01-03_TECHNOLOGIES/01-03-01_Q%2BATLANTIDE/000-099_S-ATLAS/060-069_Sustainable-Energy-Carrier-Combustion-Propulsion/064_Carrier-Delivery-Metering-and-Conditioning/064-000_General-Information
000-099,S-ATLAS,060-069,Sustainable Energy Carrier Combustion Propulsion,064,Carrier Delivery Metering and Conditioning,064-100,100,Aircraft Interface and Reception,064-100_Aircraft-Interface-and-Reception,01_OPTIONS_ARCHITECTURE/01-03_TECHNOLOGIES/01-03-01_Q+ATLANTIDE/000-099_S-ATLAS/060-069_Sustainable-Energy-Carrier-Combustion-Propulsion/064_Carrier-Delivery-Metering-and-Conditioning/064-100_Aircraft-Interface-and-Reception,https://github.com/AmedeoPelliccia/Q-plus-A/tree/main/01_OPTIONS_ARCHITECTURE/01-03_TECHNOLOGIES/01-03-01_Q%2BATLANTIDE/000-099_S-ATLAS/060-069_Sustainable-Energy-Carrier-Combustion-Propulsion/064_Carrier-Delivery-Metering-and-Conditioning/064-100_Aircraft-Interface-and-Reception
000-099,S-ATLAS,060-069,Sustainable Energy Carrier Combustion Propulsion,064,Carrier Delivery Metering and Conditioning,064-200,200,Engine Side Distribution and Manifolds,064-200_Engine-Side-Distribution-and-Manifolds,01_OPTIONS_ARCHITECTURE/01-03_TECHNOLOGIES/01-03-01_Q+ATLANTIDE/000-099_S-ATLAS/060-069_Sustainable-Energy-Carrier-Combustion-Propulsion/064_Carrier-Delivery-Metering-and-Conditioning/064-200_Engine-Side-Distribution-and-Manifolds,https://github.com/AmedeoPelliccia/Q-plus-A/tree/main/01_OPTIONS_ARCHITECTURE/01-03_TECHNOLOGIES/01-03-01_Q%2BATLANTIDE/000-099_S-ATLAS/060-069_Sustainable-Energy-Carrier-Combustion-Propulsion/064_Carrier-Delivery-Metering-and-Conditioning/064-200_Engine-Side-Distribution-and-Manifolds
000-099,S-ATLAS,060-069,Sustainable Energy Carrier Combustion Propulsion,064,Carrier Delivery Metering and Conditioning,064-300,300,Metering and Flow Control,064-300_Metering-and-Flow-Control,01_OPTIONS_ARCHITECTURE/01-03_TECHNOLOGIES/01-03-01_Q+ATLANTIDE/000-099_S-ATLAS/060-069_Sustainable-Energy-Carrier-Combustion-Propulsion/064_Carrier-Delivery-Metering-and-Conditioning/064-300_Metering-and-Flow-Control,https://github.com/AmedeoPelliccia/Q-plus-A/tree/main/01_OPTIONS_ARCHITECTURE/01-03_TECHNOLOGIES/01-03-01_Q%2BATLANTIDE/000-099_S-ATLAS/060-069_Sustainable-Energy-Carrier-Combustion-Propulsion/064_Carrier-Delivery-Metering-and-Conditioning/064-300_Metering-and-Flow-Control
000-099,S-ATLAS,060-069,Sustainable Energy Carrier Combustion Propulsion,064,Carrier Delivery Metering and Conditioning,064-400,400,Thermal Conditioning and Heat Exchange,064-400_Thermal-Conditioning-and-Heat-Exchange,01_OPTIONS_ARCHITECTURE/01-03_TECHNOLOGIES/01-03-01_Q+ATLANTIDE/000-099_S-ATLAS/060-069_Sustainable-Energy-Carrier-Combustion-Propulsion/064_Carrier-Delivery-Metering-and-Conditioning/064-400_Thermal-Conditioning-and-Heat-Exchange,https://github.com/AmedeoPelliccia/Q-plus-A/tree/main/01_OPTIONS_ARCHITECTURE/01-03_TECHNOLOGIES/01-03-01_Q%2BATLANTIDE/000-099_S-ATLAS/060-069_Sustainable-Energy-Carrier-Combustion-Propulsion/064_Carrier-Delivery-Metering-and-Conditioning/064-400_Thermal-Conditioning-and-Heat-Exchange
000-099,S-ATLAS,060-069,Sustainable Energy Carrier Combustion Propulsion,064,Carrier Delivery Metering and Conditioning,064-500,500,Pumping and Pressurization,064-500_Pumping-and-Pressurization,01_OPTIONS_ARCHITECTURE/01-03_TECHNOLOGIES/01-03-01_Q+ATLANTIDE/000-099_S-ATLAS/060-069_Sustainable-Energy-Carrier-Combustion-Propulsion/064_Carrier-Delivery-Metering-and-Conditioning/064-500_Pumping-and-Pressurization,https://github.com/AmedeoPelliccia/Q-plus-A/tree/main/01_OPTIONS_ARCHITECTURE/01-03_TECHNOLOGIES/01-03-01_Q%2BATLANTIDE/000-099_S-ATLAS/060-069_Sustainable-Energy-Carrier-Combustion-Propulsion/064_Carrier-Delivery-Metering-and-Conditioning/064-500_Pumping-and-Pressurization
000-099,S-ATLAS,060-069,Sustainable Energy Carrier Combustion Propulsion,064,Carrier Delivery Metering and Conditioning,064-600,600,Purge Inerting and Safe States,064-600_Purge-Inerting-and-Safe-States,01_OPTIONS_ARCHITECTURE/01-03_TECHNOLOGIES/01-03-01_Q+ATLANTIDE/000-099_S-ATLAS/060-069_Sustainable-Energy-Carrier-Combustion-Propulsion/064_Carrier-Delivery-Metering-and-Conditioning/064-600_Purge-Inerting-and-Safe-States,https://github.com/AmedeoPelliccia/Q-plus-A/tree/main/01_OPTIONS_ARCHITECTURE/01-03_TECHNOLOGIES/01-03-01_Q%2BATLANTIDE/000-099_S-ATLAS/060-069_Sustainable-Energy-Carrier-Combustion-Propulsion/064_Carrier-Delivery-Metering-and-Conditioning/064-600_Purge-Inerting-and-Safe-States
000-099,S-ATLAS,060-069,Sustainable Energy Carrier Combustion Propulsion,064,Carrier Delivery Metering and Conditioning,064-700,700,Carrier Quality and Contamination Management,064-700_Carrier-Quality-and-Contamination-Management,01_OPTIONS_ARCHITECTURE/01-03_TECHNOLOGIES/01-03-01_Q+ATLANTIDE/000-099_S-ATLAS/060-069_Sustainable-Energy-Carrier-Combustion-Propulsion/064_Carrier-Delivery-Metering-and-Conditioning/064-700_Carrier-Quality-and-Contamination-Management,https://github.com/AmedeoPelliccia/Q-plus-A/tree/main/01_OPTIONS_ARCHITECTURE/01-03_TECHNOLOGIES/01-03-01_Q%2BATLANTIDE/000-099_S-ATLAS/060-069_Sustainable-Energy-Carrier-Combustion-Propulsion/064_Carrier-Delivery-Metering-and-Conditioning/064-700_Carrier-Quality-and-Contamination-Management
000-099,S-ATLAS,060-069,Sustainable Energy Carrier Combustion Propulsion,064,Carrier Delivery Metering and Conditioning,064-800,800,Dual Carrier and Transition Operation,064-800_Dual-Carrier-and-Transition-Operation,01_OPTIONS_ARCHITECTURE/01-03_TECHNOLOGIES/01-03-01_Q+ATLANTIDE/000-099_S-ATLAS/060-069_Sustainable-Energy-Carrier-Combustion-Propulsion/064_Carrier-Delivery-Metering-and-Conditioning/064-800_Dual-Carrier-and-Transition-Operation,https://github.com/AmedeoPelliccia/Q-plus-A/tree/main/01_OPTIONS_ARCHITECTURE/01-03_TECHNOLOGIES/01-03-01_Q%2BATLANTIDE/000-099_S-ATLAS/060-069_Sustainable-Energy-Carrier-Combustion-Propulsion/064_Carrier-Delivery-Metering-and-Conditioning/064-800_Dual-Carrier-and-Transition-Operation
000-099,S-ATLAS,060-069,Sustainable Energy Carrier Combustion Propulsion,064,Carrier Delivery Metering and Conditioning,064-900,900,Delivery System Protection and Relief,064-900_Delivery-System-Protection-and-Relief,01_OPTIONS_ARCHITECTURE/01-03_TECHNOLOGIES/01-03-01_Q+ATLANTIDE/000-099_S-ATLAS/060-069_Sustainable-Energy-Carrier-Combustion-Propulsion/064_Carrier-Delivery-Metering-and-Conditioning/064-900_Delivery-System-Protection-and-Relief,https://github.com/AmedeoPelliccia/Q-plus-A/tree/main/01_OPTIONS_ARCHITECTURE/01-03_TECHNOLOGIES/01-03-01_Q%2BATLANTIDE/000-099_S-ATLAS/060-069_Sustainable-Energy-Carrier-Combustion-Propulsion/064_Carrier-Delivery-Metering-and-Conditioning/064-900_Delivery-System-Protection-and-Relief
000-099,S-ATLAS,060-069,Sustainable Energy Carrier Combustion Propulsion,065,Engine Air and Thermal Management,065-000,000,General Information,065-000_General-Information,01_OPTIONS_ARCHITECTURE/01-03_TECHNOLOGIES/01-03-01_Q+ATLANTIDE/000-099_S-ATLAS/060-069_Sustainable-Energy-Carrier-Combustion-Propulsion/065_Engine-Air-and-Thermal-Management/065-000_General-Information,https://github.com/AmedeoPelliccia/Q-plus-A/tree/main/01_OPTIONS_ARCHITECTURE/01-03_TECHNOLOGIES/01-03-01_Q%2BATLANTIDE/000-099_S-ATLAS/060-069_Sustainable-Energy-Carrier-Combustion-Propulsion/065_Engine-Air-and-Thermal-Management/065-000_General-Information
000-099,S-ATLAS,060-069,Sustainable Energy Carrier Combustion Propulsion,065,Engine Air and Thermal Management,065-100,100,Secondary Air Systems,065-100_Secondary-Air-Systems,01_OPTIONS_ARCHITECTURE/01-03_TECHNOLOGIES/01-03-01_Q+ATLANTIDE/000-099_S-ATLAS/060-069_Sustainable-Energy-Carrier-Combustion-Propulsion/065_Engine-Air-and-Thermal-Management/065-100_Secondary-Air-Systems,https://github.com/AmedeoPelliccia/Q-plus-A/tree/main/01_OPTIONS_ARCHITECTURE/01-03_TECHNOLOGIES/01-03-01_Q%2BATLANTIDE/000-099_S-ATLAS/060-069_Sustainable-Energy-Carrier-Combustion-Propulsion/065_Engine-Air-and-Thermal-Management/065-100_Secondary-Air-Systems
000-099,S-ATLAS,060-069,Sustainable Energy Carrier Combustion Propulsion,065,Engine Air and Thermal Management,065-200,200,Turbine Cooling Air,065-200_Turbine-Cooling-Air,01_OPTIONS_ARCHITECTURE/01-03_TECHNOLOGIES/01-03-01_Q+ATLANTIDE/000-099_S-ATLAS/060-069_Sustainable-Energy-Carrier-Combustion-Propulsion/065_Engine-Air-and-Thermal-Management/065-200_Turbine-Cooling-Air,https://github.com/AmedeoPelliccia/Q-plus-A/tree/main/01_OPTIONS_ARCHITECTURE/01-03_TECHNOLOGIES/01-03-01_Q%2BATLANTIDE/000-099_S-ATLAS/060-069_Sustainable-Energy-Carrier-Combustion-Propulsion/065_Engine-Air-and-Thermal-Management/065-200_Turbine-Cooling-Air
000-099,S-ATLAS,060-069,Sustainable Energy Carrier Combustion Propulsion,065,Engine Air and Thermal Management,065-300,300,Thermal Management Architecture,065-300_Thermal-Management-Architecture,01_OPTIONS_ARCHITECTURE/01-03_TECHNOLOGIES/01-03-01_Q+ATLANTIDE/000-099_S-ATLAS/060-069_Sustainable-Energy-Carrier-Combustion-Propulsion/065_Engine-Air-and-Thermal-Management/065-300_Thermal-Management-Architecture,https://github.com/AmedeoPelliccia/Q-plus-A/tree/main/01_OPTIONS_ARCHITECTURE/01-03_TECHNOLOGIES/01-03-01_Q%2BATLANTIDE/000-099_S-ATLAS/060-069_Sustainable-Energy-Carrier-Combustion-Propulsion/065_Engine-Air-and-Thermal-Management/065-300_Thermal-Management-Architecture
000-099,S-ATLAS,060-069,Sustainable Energy Carrier Combustion Propulsion,065,Engine Air and Thermal Management,065-400,400,Bleed and Bleedless Offtake Provisions,065-400_Bleed-and-Bleedless-Offtake-Provisions,01_OPTIONS_ARCHITECTURE/01-03_TECHNOLOGIES/01-03-01_Q+ATLANTIDE/000-099_S-ATLAS/060-069_Sustainable-Energy-Carrier-Combustion-Propulsion/065_Engine-Air-and-Thermal-Management/065-400_Bleed-and-Bleedless-Offtake-Provisions,https://github.com/AmedeoPelliccia/Q-plus-A/tree/main/01_OPTIONS_ARCHITECTURE/01-03_TECHNOLOGIES/01-03-01_Q%2BATLANTIDE/000-099_S-ATLAS/060-069_Sustainable-Energy-Carrier-Combustion-Propulsion/065_Engine-Air-and-Thermal-Management/065-400_Bleed-and-Bleedless-Offtake-Provisions
000-099,S-ATLAS,060-069,Sustainable Energy Carrier Combustion Propulsion,065,Engine Air and Thermal Management,065-500,500,Anti Ice Air Provisions,065-500_Anti-Ice-Air-Provisions,01_OPTIONS_ARCHITECTURE/01-03_TECHNOLOGIES/01-03-01_Q+ATLANTIDE/000-099_S-ATLAS/060-069_Sustainable-Energy-Carrier-Combustion-Propulsion/065_Engine-Air-and-Thermal-Management/065-500_Anti-Ice-Air-Provisions,https://github.com/AmedeoPelliccia/Q-plus-A/tree/main/01_OPTIONS_ARCHITECTURE/01-03_TECHNOLOGIES/01-03-01_Q%2BATLANTIDE/000-099_S-ATLAS/060-069_Sustainable-Energy-Carrier-Combustion-Propulsion/065_Engine-Air-and-Thermal-Management/065-500_Anti-Ice-Air-Provisions
000-099,S-ATLAS,060-069,Sustainable Energy Carrier Combustion Propulsion,065,Engine Air and Thermal Management,065-600,600,Ventilation and Nacelle Cooling,065-600_Ventilation-and-Nacelle-Cooling,01_OPTIONS_ARCHITECTURE/01-03_TECHNOLOGIES/01-03-01_Q+ATLANTIDE/000-099_S-ATLAS/060-069_Sustainable-Energy-Carrier-Combustion-Propulsion/065_Engine-Air-and-Thermal-Management/065-600_Ventilation-and-Nacelle-Cooling,https://github.com/AmedeoPelliccia/Q-plus-A/tree/main/01_OPTIONS_ARCHITECTURE/01-03_TECHNOLOGIES/01-03-01_Q%2BATLANTIDE/000-099_S-ATLAS/060-069_Sustainable-Energy-Carrier-Combustion-Propulsion/065_Engine-Air-and-Thermal-Management/065-600_Ventilation-and-Nacelle-Cooling
000-099,S-ATLAS,060-069,Sustainable Energy Carrier Combustion Propulsion,065,Engine Air and Thermal Management,065-700,700,Heat Exchangers and Recuperation,065-700_Heat-Exchangers-and-Recuperation,01_OPTIONS_ARCHITECTURE/01-03_TECHNOLOGIES/01-03-01_Q+ATLANTIDE/000-099_S-ATLAS/060-069_Sustainable-Energy-Carrier-Combustion-Propulsion/065_Engine-Air-and-Thermal-Management/065-700_Heat-Exchangers-and-Recuperation,https://github.com/AmedeoPelliccia/Q-plus-A/tree/main/01_OPTIONS_ARCHITECTURE/01-03_TECHNOLOGIES/01-03-01_Q%2BATLANTIDE/000-099_S-ATLAS/060-069_Sustainable-Energy-Carrier-Combustion-Propulsion/065_Engine-Air-and-Thermal-Management/065-700_Heat-Exchangers-and-Recuperation
000-099,S-ATLAS,060-069,Sustainable Energy Carrier Combustion Propulsion,065,Engine Air and Thermal Management,065-800,800,Active Thermal Control,065-800_Active-Thermal-Control,01_OPTIONS_ARCHITECTURE/01-03_TECHNOLOGIES/01-03-01_Q+ATLANTIDE/000-099_S-ATLAS/060-069_Sustainable-Energy-Carrier-Combustion-Propulsion/065_Engine-Air-and-Thermal-Management/065-800_Active-Thermal-Control,https://github.com/AmedeoPelliccia/Q-plus-A/tree/main/01_OPTIONS_ARCHITECTURE/01-03_TECHNOLOGIES/01-03-01_Q%2BATLANTIDE/000-099_S-ATLAS/060-069_Sustainable-Energy-Carrier-Combustion-Propulsion/065_Engine-Air-and-Thermal-Management/065-800_Active-Thermal-Control
000-099,S-ATLAS,060-069,Sustainable Energy Carrier Combustion Propulsion,065,Engine Air and Thermal Management,065-900,900,Thermal Evidence and Characterization,065-900_Thermal-Evidence-and-Characterization,01_OPTIONS_ARCHITECTURE/01-03_TECHNOLOGIES/01-03-01_Q+ATLANTIDE/000-099_S-ATLAS/060-069_Sustainable-Energy-Carrier-Combustion-Propulsion/065_Engine-Air-and-Thermal-Management/065-900_Thermal-Evidence-and-Characterization,https://github.com/AmedeoPelliccia/Q-plus-A/tree/main/01_OPTIONS_ARCHITECTURE/01-03_TECHNOLOGIES/01-03-01_Q%2BATLANTIDE/000-099_S-ATLAS/060-069_Sustainable-Energy-Carrier-Combustion-Propulsion/065_Engine-Air-and-Thermal-Management/065-900_Thermal-Evidence-and-Characterization
000-099,S-ATLAS,060-069,Sustainable Energy Carrier Combustion Propulsion,066,Control Monitoring and Indicating,066-000,000,General Information,066-000_General-Information,01_OPTIONS_ARCHITECTURE/01-03_TECHNOLOGIES/01-03-01_Q+ATLANTIDE/000-099_S-ATLAS/060-069_Sustainable-Energy-Carrier-Combustion-Propulsion/066_Control-Monitoring-and-Indicating/066-000_General-Information,https://github.com/AmedeoPelliccia/Q-plus-A/tree/main/01_OPTIONS_ARCHITECTURE/01-03_TECHNOLOGIES/01-03-01_Q%2BATLANTIDE/000-099_S-ATLAS/060-069_Sustainable-Energy-Carrier-Combustion-Propulsion/066_Control-Monitoring-and-Indicating/066-000_General-Information
000-099,S-ATLAS,060-069,Sustainable Energy Carrier Combustion Propulsion,066,Control Monitoring and Indicating,066-100,100,Control System Architecture,066-100_Control-System-Architecture,01_OPTIONS_ARCHITECTURE/01-03_TECHNOLOGIES/01-03-01_Q+ATLANTIDE/000-099_S-ATLAS/060-069_Sustainable-Energy-Carrier-Combustion-Propulsion/066_Control-Monitoring-and-Indicating/066-100_Control-System-Architecture,https://github.com/AmedeoPelliccia/Q-plus-A/tree/main/01_OPTIONS_ARCHITECTURE/01-03_TECHNOLOGIES/01-03-01_Q%2BATLANTIDE/000-099_S-ATLAS/060-069_Sustainable-Energy-Carrier-Combustion-Propulsion/066_Control-Monitoring-and-Indicating/066-100_Control-System-Architecture
000-099,S-ATLAS,060-069,Sustainable Energy Carrier Combustion Propulsion,066,Control Monitoring and Indicating,066-200,200,Carrier Aware Control Laws,066-200_Carrier-Aware-Control-Laws,01_OPTIONS_ARCHITECTURE/01-03_TECHNOLOGIES/01-03-01_Q+ATLANTIDE/000-099_S-ATLAS/060-069_Sustainable-Energy-Carrier-Combustion-Propulsion/066_Control-Monitoring-and-Indicating/066-200_Carrier-Aware-Control-Laws,https://github.com/AmedeoPelliccia/Q-plus-A/tree/main/01_OPTIONS_ARCHITECTURE/01-03_TECHNOLOGIES/01-03-01_Q%2BATLANTIDE/000-099_S-ATLAS/060-069_Sustainable-Energy-Carrier-Combustion-Propulsion/066_Control-Monitoring-and-Indicating/066-200_Carrier-Aware-Control-Laws
000-099,S-ATLAS,060-069,Sustainable Energy Carrier Combustion Propulsion,066,Control Monitoring and Indicating,066-300,300,Sensors and Instrumentation,066-300_Sensors-and-Instrumentation,01_OPTIONS_ARCHITECTURE/01-03_TECHNOLOGIES/01-03-01_Q+ATLANTIDE/000-099_S-ATLAS/060-069_Sustainable-Energy-Carrier-Combustion-Propulsion/066_Control-Monitoring-and-Indicating/066-300_Sensors-and-Instrumentation,https://github.com/AmedeoPelliccia/Q-plus-A/tree/main/01_OPTIONS_ARCHITECTURE/01-03_TECHNOLOGIES/01-03-01_Q%2BATLANTIDE/000-099_S-ATLAS/060-069_Sustainable-Energy-Carrier-Combustion-Propulsion/066_Control-Monitoring-and-Indicating/066-300_Sensors-and-Instrumentation
000-099,S-ATLAS,060-069,Sustainable Energy Carrier Combustion Propulsion,066,Control Monitoring and Indicating,066-400,400,Actuation and Effectors,066-400_Actuation-and-Effectors,01_OPTIONS_ARCHITECTURE/01-03_TECHNOLOGIES/01-03-01_Q+ATLANTIDE/000-099_S-ATLAS/060-069_Sustainable-Energy-Carrier-Combustion-Propulsion/066_Control-Monitoring-and-Indicating/066-400_Actuation-and-Effectors,https://github.com/AmedeoPelliccia/Q-plus-A/tree/main/01_OPTIONS_ARCHITECTURE/01-03_TECHNOLOGIES/01-03-01_Q%2BATLANTIDE/000-099_S-ATLAS/060-069_Sustainable-Energy-Carrier-Combustion-Propulsion/066_Control-Monitoring-and-Indicating/066-400_Actuation-and-Effectors
000-099,S-ATLAS,060-069,Sustainable Energy Carrier Combustion Propulsion,066,Control Monitoring and Indicating,066-500,500,Protection Functions and Limits,066-500_Protection-Functions-and-Limits,01_OPTIONS_ARCHITECTURE/01-03_TECHNOLOGIES/01-03-01_Q+ATLANTIDE/000-099_S-ATLAS/060-069_Sustainable-Energy-Carrier-Combustion-Propulsion/066_Control-Monitoring-and-Indicating/066-500_Protection-Functions-and-Limits,https://github.com/AmedeoPelliccia/Q-plus-A/tree/main/01_OPTIONS_ARCHITECTURE/01-03_TECHNOLOGIES/01-03-01_Q%2BATLANTIDE/000-099_S-ATLAS/060-069_Sustainable-Energy-Carrier-Combustion-Propulsion/066_Control-Monitoring-and-Indicating/066-500_Protection-Functions-and-Limits
000-099,S-ATLAS,060-069,Sustainable Energy Carrier Combustion Propulsion,066,Control Monitoring and Indicating,066-600,600,Indicating and Crew Interface Data,066-600_Indicating-and-Crew-Interface-Data,01_OPTIONS_ARCHITECTURE/01-03_TECHNOLOGIES/01-03-01_Q+ATLANTIDE/000-099_S-ATLAS/060-069_Sustainable-Energy-Carrier-Combustion-Propulsion/066_Control-Monitoring-and-Indicating/066-600_Indicating-and-Crew-Interface-Data,https://github.com/AmedeoPelliccia/Q-plus-A/tree/main/01_OPTIONS_ARCHITECTURE/01-03_TECHNOLOGIES/01-03-01_Q%2BATLANTIDE/000-099_S-ATLAS/060-069_Sustainable-Energy-Carrier-Combustion-Propulsion/066_Control-Monitoring-and-Indicating/066-600_Indicating-and-Crew-Interface-Data
000-099,S-ATLAS,060-069,Sustainable Energy Carrier Combustion Propulsion,066,Control Monitoring and Indicating,066-700,700,Health Monitoring and Diagnostics,066-700_Health-Monitoring-and-Diagnostics,01_OPTIONS_ARCHITECTURE/01-03_TECHNOLOGIES/01-03-01_Q+ATLANTIDE/000-099_S-ATLAS/060-069_Sustainable-Energy-Carrier-Combustion-Propulsion/066_Control-Monitoring-and-Indicating/066-700_Health-Monitoring-and-Diagnostics,https://github.com/AmedeoPelliccia/Q-plus-A/tree/main/01_OPTIONS_ARCHITECTURE/01-03_TECHNOLOGIES/01-03-01_Q%2BATLANTIDE/000-099_S-ATLAS/060-069_Sustainable-Energy-Carrier-Combustion-Propulsion/066_Control-Monitoring-and-Indicating/066-700_Health-Monitoring-and-Diagnostics
000-099,S-ATLAS,060-069,Sustainable Energy Carrier Combustion Propulsion,066,Control Monitoring and Indicating,066-800,800,Software and Certification Aspects,066-800_Software-and-Certification-Aspects,01_OPTIONS_ARCHITECTURE/01-03_TECHNOLOGIES/01-03-01_Q+ATLANTIDE/000-099_S-ATLAS/060-069_Sustainable-Energy-Carrier-Combustion-Propulsion/066_Control-Monitoring-and-Indicating/066-800_Software-and-Certification-Aspects,https://github.com/AmedeoPelliccia/Q-plus-A/tree/main/01_OPTIONS_ARCHITECTURE/01-03_TECHNOLOGIES/01-03-01_Q%2BATLANTIDE/000-099_S-ATLAS/060-069_Sustainable-Energy-Carrier-Combustion-Propulsion/066_Control-Monitoring-and-Indicating/066-800_Software-and-Certification-Aspects
000-099,S-ATLAS,060-069,Sustainable Energy Carrier Combustion Propulsion,066,Control Monitoring and Indicating,066-900,900,Control System Evidence,066-900_Control-System-Evidence,01_OPTIONS_ARCHITECTURE/01-03_TECHNOLOGIES/01-03-01_Q+ATLANTIDE/000-099_S-ATLAS/060-069_Sustainable-Energy-Carrier-Combustion-Propulsion/066_Control-Monitoring-and-Indicating/066-900_Control-System-Evidence,https://github.com/AmedeoPelliccia/Q-plus-A/tree/main/01_OPTIONS_ARCHITECTURE/01-03_TECHNOLOGIES/01-03-01_Q%2BATLANTIDE/000-099_S-ATLAS/060-069_Sustainable-Energy-Carrier-Combustion-Propulsion/066_Control-Monitoring-and-Indicating/066-900_Control-System-Evidence
000-099,S-ATLAS,060-069,Sustainable Energy Carrier Combustion Propulsion,067,Exhaust Emissions and Contrail Management,067-000,000,General Information,067-000_General-Information,01_OPTIONS_ARCHITECTURE/01-03_TECHNOLOGIES/01-03-01_Q+ATLANTIDE/000-099_S-ATLAS/060-069_Sustainable-Energy-Carrier-Combustion-Propulsion/067_Exhaust-Emissions-and-Contrail-Management/067-000_General-Information,https://github.com/AmedeoPelliccia/Q-plus-A/tree/main/01_OPTIONS_ARCHITECTURE/01-03_TECHNOLOGIES/01-03-01_Q%2BATLANTIDE/000-099_S-ATLAS/060-069_Sustainable-Energy-Carrier-Combustion-Propulsion/067_Exhaust-Emissions-and-Contrail-Management/067-000_General-Information
000-099,S-ATLAS,060-069,Sustainable Energy Carrier Combustion Propulsion,067,Exhaust Emissions and Contrail Management,067-100,100,Exhaust System and Nozzles,067-100_Exhaust-System-and-Nozzles,01_OPTIONS_ARCHITECTURE/01-03_TECHNOLOGIES/01-03-01_Q+ATLANTIDE/000-099_S-ATLAS/060-069_Sustainable-Energy-Carrier-Combustion-Propulsion/067_Exhaust-Emissions-and-Contrail-Management/067-100_Exhaust-System-and-Nozzles,https://github.com/AmedeoPelliccia/Q-plus-A/tree/main/01_OPTIONS_ARCHITECTURE/01-03_TECHNOLOGIES/01-03-01_Q%2BATLANTIDE/000-099_S-ATLAS/060-069_Sustainable-Energy-Carrier-Combustion-Propulsion/067_Exhaust-Emissions-and-Contrail-Management/067-100_Exhaust-System-and-Nozzles
000-099,S-ATLAS,060-069,Sustainable Energy Carrier Combustion Propulsion,067,Exhaust Emissions and Contrail Management,067-200,200,Gaseous Emissions Characterization,067-200_Gaseous-Emissions-Characterization,01_OPTIONS_ARCHITECTURE/01-03_TECHNOLOGIES/01-03-01_Q+ATLANTIDE/000-099_S-ATLAS/060-069_Sustainable-Energy-Carrier-Combustion-Propulsion/067_Exhaust-Emissions-and-Contrail-Management/067-200_Gaseous-Emissions-Characterization,https://github.com/AmedeoPelliccia/Q-plus-A/tree/main/01_OPTIONS_ARCHITECTURE/01-03_TECHNOLOGIES/01-03-01_Q%2BATLANTIDE/000-099_S-ATLAS/060-069_Sustainable-Energy-Carrier-Combustion-Propulsion/067_Exhaust-Emissions-and-Contrail-Management/067-200_Gaseous-Emissions-Characterization
000-099,S-ATLAS,060-069,Sustainable Energy Carrier Combustion Propulsion,067,Exhaust Emissions and Contrail Management,067-300,300,Particulate and nvPM,067-300_Particulate-and-nvPM,01_OPTIONS_ARCHITECTURE/01-03_TECHNOLOGIES/01-03-01_Q+ATLANTIDE/000-099_S-ATLAS/060-069_Sustainable-Energy-Carrier-Combustion-Propulsion/067_Exhaust-Emissions-and-Contrail-Management/067-300_Particulate-and-nvPM,https://github.com/AmedeoPelliccia/Q-plus-A/tree/main/01_OPTIONS_ARCHITECTURE/01-03_TECHNOLOGIES/01-03-01_Q%2BATLANTIDE/000-099_S-ATLAS/060-069_Sustainable-Energy-Carrier-Combustion-Propulsion/067_Exhaust-Emissions-and-Contrail-Management/067-300_Particulate-and-nvPM
000-099,S-ATLAS,060-069,Sustainable Energy Carrier Combustion Propulsion,067,Exhaust Emissions and Contrail Management,067-400,400,Contrail Formation and Mitigation,067-400_Contrail-Formation-and-Mitigation,01_OPTIONS_ARCHITECTURE/01-03_TECHNOLOGIES/01-03-01_Q+ATLANTIDE/000-099_S-ATLAS/060-069_Sustainable-Energy-Carrier-Combustion-Propulsion/067_Exhaust-Emissions-and-Contrail-Management/067-400_Contrail-Formation-and-Mitigation,https://github.com/AmedeoPelliccia/Q-plus-A/tree/main/01_OPTIONS_ARCHITECTURE/01-03_TECHNOLOGIES/01-03-01_Q%2BATLANTIDE/000-099_S-ATLAS/060-069_Sustainable-Energy-Carrier-Combustion-Propulsion/067_Exhaust-Emissions-and-Contrail-Management/067-400_Contrail-Formation-and-Mitigation
000-099,S-ATLAS,060-069,Sustainable Energy Carrier Combustion Propulsion,067,Exhaust Emissions and Contrail Management,067-500,500,Water Vapour and Plume Behavior,067-500_Water-Vapour-and-Plume-Behavior,01_OPTIONS_ARCHITECTURE/01-03_TECHNOLOGIES/01-03-01_Q+ATLANTIDE/000-099_S-ATLAS/060-069_Sustainable-Energy-Carrier-Combustion-Propulsion/067_Exhaust-Emissions-and-Contrail-Management/067-500_Water-Vapour-and-Plume-Behavior,https://github.com/AmedeoPelliccia/Q-plus-A/tree/main/01_OPTIONS_ARCHITECTURE/01-03_TECHNOLOGIES/01-03-01_Q%2BATLANTIDE/000-099_S-ATLAS/060-069_Sustainable-Energy-Carrier-Combustion-Propulsion/067_Exhaust-Emissions-and-Contrail-Management/067-500_Water-Vapour-and-Plume-Behavior
000-099,S-ATLAS,060-069,Sustainable Energy Carrier Combustion Propulsion,067,Exhaust Emissions and Contrail Management,067-600,600,Propulsion Noise at Source,067-600_Propulsion-Noise-at-Source,01_OPTIONS_ARCHITECTURE/01-03_TECHNOLOGIES/01-03-01_Q+ATLANTIDE/000-099_S-ATLAS/060-069_Sustainable-Energy-Carrier-Combustion-Propulsion/067_Exhaust-Emissions-and-Contrail-Management/067-600_Propulsion-Noise-at-Source,https://github.com/AmedeoPelliccia/Q-plus-A/tree/main/01_OPTIONS_ARCHITECTURE/01-03_TECHNOLOGIES/01-03-01_Q%2BATLANTIDE/000-099_S-ATLAS/060-069_Sustainable-Energy-Carrier-Combustion-Propulsion/067_Exhaust-Emissions-and-Contrail-Management/067-600_Propulsion-Noise-at-Source
000-099,S-ATLAS,060-069,Sustainable Energy Carrier Combustion Propulsion,067,Exhaust Emissions and Contrail Management,067-700,700,Emissions Measurement and Instrumentation,067-700_Emissions-Measurement-and-Instrumentation,01_OPTIONS_ARCHITECTURE/01-03_TECHNOLOGIES/01-03-01_Q+ATLANTIDE/000-099_S-ATLAS/060-069_Sustainable-Energy-Carrier-Combustion-Propulsion/067_Exhaust-Emissions-and-Contrail-Management/067-700_Emissions-Measurement-and-Instrumentation,https://github.com/AmedeoPelliccia/Q-plus-A/tree/main/01_OPTIONS_ARCHITECTURE/01-03_TECHNOLOGIES/01-03-01_Q%2BATLANTIDE/000-099_S-ATLAS/060-069_Sustainable-Energy-Carrier-Combustion-Propulsion/067_Exhaust-Emissions-and-Contrail-Management/067-700_Emissions-Measurement-and-Instrumentation
000-099,S-ATLAS,060-069,Sustainable Energy Carrier Combustion Propulsion,067,Exhaust Emissions and Contrail Management,067-800,800,Thrust Reverser Provisions,067-800_Thrust-Reverser-Provisions,01_OPTIONS_ARCHITECTURE/01-03_TECHNOLOGIES/01-03-01_Q+ATLANTIDE/000-099_S-ATLAS/060-069_Sustainable-Energy-Carrier-Combustion-Propulsion/067_Exhaust-Emissions-and-Contrail-Management/067-800_Thrust-Reverser-Provisions,https://github.com/AmedeoPelliccia/Q-plus-A/tree/main/01_OPTIONS_ARCHITECTURE/01-03_TECHNOLOGIES/01-03-01_Q%2BATLANTIDE/000-099_S-ATLAS/060-069_Sustainable-Energy-Carrier-Combustion-Propulsion/067_Exhaust-Emissions-and-Contrail-Management/067-800_Thrust-Reverser-Provisions
000-099,S-ATLAS,060-069,Sustainable Energy Carrier Combustion Propulsion,067,Exhaust Emissions and Contrail Management,067-900,900,Environmental Evidence and Reporting,067-900_Environmental-Evidence-and-Reporting,01_OPTIONS_ARCHITECTURE/01-03_TECHNOLOGIES/01-03-01_Q+ATLANTIDE/000-099_S-ATLAS/060-069_Sustainable-Energy-Carrier-Combustion-Propulsion/067_Exhaust-Emissions-and-Contrail-Management/067-900_Environmental-Evidence-and-Reporting,https://github.com/AmedeoPelliccia/Q-plus-A/tree/main/01_OPTIONS_ARCHITECTURE/01-03_TECHNOLOGIES/01-03-01_Q%2BATLANTIDE/000-099_S-ATLAS/060-069_Sustainable-Energy-Carrier-Combustion-Propulsion/067_Exhaust-Emissions-and-Contrail-Management/067-900_Environmental-Evidence-and-Reporting
000-099,S-ATLAS,060-069,Sustainable Energy Carrier Combustion Propulsion,068,Turbogenerators and Power Offtakes,068-000,000,General Information,068-000_General-Information,01_OPTIONS_ARCHITECTURE/01-03_TECHNOLOGIES/01-03-01_Q+ATLANTIDE/000-099_S-ATLAS/060-069_Sustainable-Energy-Carrier-Combustion-Propulsion/068_Turbogenerators-and-Power-Offtakes/068-000_General-Information,https://github.com/AmedeoPelliccia/Q-plus-A/tree/main/01_OPTIONS_ARCHITECTURE/01-03_TECHNOLOGIES/01-03-01_Q%2BATLANTIDE/000-099_S-ATLAS/060-069_Sustainable-Energy-Carrier-Combustion-Propulsion/068_Turbogenerators-and-Power-Offtakes/068-000_General-Information
000-099,S-ATLAS,060-069,Sustainable Energy Carrier Combustion Propulsion,068,Turbogenerators and Power Offtakes,068-100,100,Turbogenerator Architectures,068-100_Turbogenerator-Architectures,01_OPTIONS_ARCHITECTURE/01-03_TECHNOLOGIES/01-03-01_Q+ATLANTIDE/000-099_S-ATLAS/060-069_Sustainable-Energy-Carrier-Combustion-Propulsion/068_Turbogenerators-and-Power-Offtakes/068-100_Turbogenerator-Architectures,https://github.com/AmedeoPelliccia/Q-plus-A/tree/main/01_OPTIONS_ARCHITECTURE/01-03_TECHNOLOGIES/01-03-01_Q%2BATLANTIDE/000-099_S-ATLAS/060-069_Sustainable-Energy-Carrier-Combustion-Propulsion/068_Turbogenerators-and-Power-Offtakes/068-100_Turbogenerator-Architectures
000-099,S-ATLAS,060-069,Sustainable Energy Carrier Combustion Propulsion,068,Turbogenerators and Power Offtakes,068-200,200,Generator Integration and Cooling,068-200_Generator-Integration-and-Cooling,01_OPTIONS_ARCHITECTURE/01-03_TECHNOLOGIES/01-03-01_Q+ATLANTIDE/000-099_S-ATLAS/060-069_Sustainable-Energy-Carrier-Combustion-Propulsion/068_Turbogenerators-and-Power-Offtakes/068-200_Generator-Integration-and-Cooling,https://github.com/AmedeoPelliccia/Q-plus-A/tree/main/01_OPTIONS_ARCHITECTURE/01-03_TECHNOLOGIES/01-03-01_Q%2BATLANTIDE/000-099_S-ATLAS/060-069_Sustainable-Energy-Carrier-Combustion-Propulsion/068_Turbogenerators-and-Power-Offtakes/068-200_Generator-Integration-and-Cooling
000-099,S-ATLAS,060-069,Sustainable Energy Carrier Combustion Propulsion,068,Turbogenerators and Power Offtakes,068-300,300,Mechanical Offtakes and Gearboxes,068-300_Mechanical-Offtakes-and-Gearboxes,01_OPTIONS_ARCHITECTURE/01-03_TECHNOLOGIES/01-03-01_Q+ATLANTIDE/000-099_S-ATLAS/060-069_Sustainable-Energy-Carrier-Combustion-Propulsion/068_Turbogenerators-and-Power-Offtakes/068-300_Mechanical-Offtakes-and-Gearboxes,https://github.com/AmedeoPelliccia/Q-plus-A/tree/main/01_OPTIONS_ARCHITECTURE/01-03_TECHNOLOGIES/01-03-01_Q%2BATLANTIDE/000-099_S-ATLAS/060-069_Sustainable-Energy-Carrier-Combustion-Propulsion/068_Turbogenerators-and-Power-Offtakes/068-300_Mechanical-Offtakes-and-Gearboxes
000-099,S-ATLAS,060-069,Sustainable Energy Carrier Combustion Propulsion,068,Turbogenerators and Power Offtakes,068-400,400,Accessory Drives,068-400_Accessory-Drives,01_OPTIONS_ARCHITECTURE/01-03_TECHNOLOGIES/01-03-01_Q+ATLANTIDE/000-099_S-ATLAS/060-069_Sustainable-Energy-Carrier-Combustion-Propulsion/068_Turbogenerators-and-Power-Offtakes/068-400_Accessory-Drives,https://github.com/AmedeoPelliccia/Q-plus-A/tree/main/01_OPTIONS_ARCHITECTURE/01-03_TECHNOLOGIES/01-03-01_Q%2BATLANTIDE/000-099_S-ATLAS/060-069_Sustainable-Energy-Carrier-Combustion-Propulsion/068_Turbogenerators-and-Power-Offtakes/068-400_Accessory-Drives
000-099,S-ATLAS,060-069,Sustainable Energy Carrier Combustion Propulsion,068,Turbogenerators and Power Offtakes,068-500,500,Power Quality at Machine Interface,068-500_Power-Quality-at-Machine-Interface,01_OPTIONS_ARCHITECTURE/01-03_TECHNOLOGIES/01-03-01_Q+ATLANTIDE/000-099_S-ATLAS/060-069_Sustainable-Energy-Carrier-Combustion-Propulsion/068_Turbogenerators-and-Power-Offtakes/068-500_Power-Quality-at-Machine-Interface,https://github.com/AmedeoPelliccia/Q-plus-A/tree/main/01_OPTIONS_ARCHITECTURE/01-03_TECHNOLOGIES/01-03-01_Q%2BATLANTIDE/000-099_S-ATLAS/060-069_Sustainable-Energy-Carrier-Combustion-Propulsion/068_Turbogenerators-and-Power-Offtakes/068-500_Power-Quality-at-Machine-Interface
000-099,S-ATLAS,060-069,Sustainable Energy Carrier Combustion Propulsion,068,Turbogenerators and Power Offtakes,068-600,600,Transient Behavior and Load Response,068-600_Transient-Behavior-and-Load-Response,01_OPTIONS_ARCHITECTURE/01-03_TECHNOLOGIES/01-03-01_Q+ATLANTIDE/000-099_S-ATLAS/060-069_Sustainable-Energy-Carrier-Combustion-Propulsion/068_Turbogenerators-and-Power-Offtakes/068-600_Transient-Behavior-and-Load-Response,https://github.com/AmedeoPelliccia/Q-plus-A/tree/main/01_OPTIONS_ARCHITECTURE/01-03_TECHNOLOGIES/01-03-01_Q%2BATLANTIDE/000-099_S-ATLAS/060-069_Sustainable-Energy-Carrier-Combustion-Propulsion/068_Turbogenerators-and-Power-Offtakes/068-600_Transient-Behavior-and-Load-Response
000-099,S-ATLAS,060-069,Sustainable Energy Carrier Combustion Propulsion,068,Turbogenerators and Power Offtakes,068-700,700,Turbogenerator Control Interface,068-700_Turbogenerator-Control-Interface,01_OPTIONS_ARCHITECTURE/01-03_TECHNOLOGIES/01-03-01_Q+ATLANTIDE/000-099_S-ATLAS/060-069_Sustainable-Energy-Carrier-Combustion-Propulsion/068_Turbogenerators-and-Power-Offtakes/068-700_Turbogenerator-Control-Interface,https://github.com/AmedeoPelliccia/Q-plus-A/tree/main/01_OPTIONS_ARCHITECTURE/01-03_TECHNOLOGIES/01-03-01_Q%2BATLANTIDE/000-099_S-ATLAS/060-069_Sustainable-Energy-Carrier-Combustion-Propulsion/068_Turbogenerators-and-Power-Offtakes/068-700_Turbogenerator-Control-Interface
000-099,S-ATLAS,060-069,Sustainable Energy Carrier Combustion Propulsion,068,Turbogenerators and Power Offtakes,068-800,800,Hybrid Duty Cycles and Endurance,068-800_Hybrid-Duty-Cycles-and-Endurance,01_OPTIONS_ARCHITECTURE/01-03_TECHNOLOGIES/01-03-01_Q+ATLANTIDE/000-099_S-ATLAS/060-069_Sustainable-Energy-Carrier-Combustion-Propulsion/068_Turbogenerators-and-Power-Offtakes/068-800_Hybrid-Duty-Cycles-and-Endurance,https://github.com/AmedeoPelliccia/Q-plus-A/tree/main/01_OPTIONS_ARCHITECTURE/01-03_TECHNOLOGIES/01-03-01_Q%2BATLANTIDE/000-099_S-ATLAS/060-069_Sustainable-Energy-Carrier-Combustion-Propulsion/068_Turbogenerators-and-Power-Offtakes/068-800_Hybrid-Duty-Cycles-and-Endurance
000-099,S-ATLAS,060-069,Sustainable Energy Carrier Combustion Propulsion,068,Turbogenerators and Power Offtakes,068-900,900,Offtake Evidence and Characterization,068-900_Offtake-Evidence-and-Characterization,01_OPTIONS_ARCHITECTURE/01-03_TECHNOLOGIES/01-03-01_Q+ATLANTIDE/000-099_S-ATLAS/060-069_Sustainable-Energy-Carrier-Combustion-Propulsion/068_Turbogenerators-and-Power-Offtakes/068-900_Offtake-Evidence-and-Characterization,https://github.com/AmedeoPelliccia/Q-plus-A/tree/main/01_OPTIONS_ARCHITECTURE/01-03_TECHNOLOGIES/01-03-01_Q%2BATLANTIDE/000-099_S-ATLAS/060-069_Sustainable-Energy-Carrier-Combustion-Propulsion/068_Turbogenerators-and-Power-Offtakes/068-900_Offtake-Evidence-and-Characterization
000-099,S-ATLAS,060-069,Sustainable Energy Carrier Combustion Propulsion,069,Lubrication Ignition Starting and Accessories,069-000,000,General Information,069-000_General-Information,01_OPTIONS_ARCHITECTURE/01-03_TECHNOLOGIES/01-03-01_Q+ATLANTIDE/000-099_S-ATLAS/060-069_Sustainable-Energy-Carrier-Combustion-Propulsion/069_Lubrication-Ignition-Starting-and-Accessories/069-000_General-Information,https://github.com/AmedeoPelliccia/Q-plus-A/tree/main/01_OPTIONS_ARCHITECTURE/01-03_TECHNOLOGIES/01-03-01_Q%2BATLANTIDE/000-099_S-ATLAS/060-069_Sustainable-Energy-Carrier-Combustion-Propulsion/069_Lubrication-Ignition-Starting-and-Accessories/069-000_General-Information
000-099,S-ATLAS,060-069,Sustainable Energy Carrier Combustion Propulsion,069,Lubrication Ignition Starting and Accessories,069-100,100,Lubrication Systems,069-100_Lubrication-Systems,01_OPTIONS_ARCHITECTURE/01-03_TECHNOLOGIES/01-03-01_Q+ATLANTIDE/000-099_S-ATLAS/060-069_Sustainable-Energy-Carrier-Combustion-Propulsion/069_Lubrication-Ignition-Starting-and-Accessories/069-100_Lubrication-Systems,https://github.com/AmedeoPelliccia/Q-plus-A/tree/main/01_OPTIONS_ARCHITECTURE/01-03_TECHNOLOGIES/01-03-01_Q%2BATLANTIDE/000-099_S-ATLAS/060-069_Sustainable-Energy-Carrier-Combustion-Propulsion/069_Lubrication-Ignition-Starting-and-Accessories/069-100_Lubrication-Systems
000-099,S-ATLAS,060-069,Sustainable Energy Carrier Combustion Propulsion,069,Lubrication Ignition Starting and Accessories,069-200,200,Oil Thermal Management,069-200_Oil-Thermal-Management,01_OPTIONS_ARCHITECTURE/01-03_TECHNOLOGIES/01-03-01_Q+ATLANTIDE/000-099_S-ATLAS/060-069_Sustainable-Energy-Carrier-Combustion-Propulsion/069_Lubrication-Ignition-Starting-and-Accessories/069-200_Oil-Thermal-Management,https://github.com/AmedeoPelliccia/Q-plus-A/tree/main/01_OPTIONS_ARCHITECTURE/01-03_TECHNOLOGIES/01-03-01_Q%2BATLANTIDE/000-099_S-ATLAS/060-069_Sustainable-Energy-Carrier-Combustion-Propulsion/069_Lubrication-Ignition-Starting-and-Accessories/069-200_Oil-Thermal-Management
000-099,S-ATLAS,060-069,Sustainable Energy Carrier Combustion Propulsion,069,Lubrication Ignition Starting and Accessories,069-300,300,Ignition Systems,069-300_Ignition-Systems,01_OPTIONS_ARCHITECTURE/01-03_TECHNOLOGIES/01-03-01_Q+ATLANTIDE/000-099_S-ATLAS/060-069_Sustainable-Energy-Carrier-Combustion-Propulsion/069_Lubrication-Ignition-Starting-and-Accessories/069-300_Ignition-Systems,https://github.com/AmedeoPelliccia/Q-plus-A/tree/main/01_OPTIONS_ARCHITECTURE/01-03_TECHNOLOGIES/01-03-01_Q%2BATLANTIDE/000-099_S-ATLAS/060-069_Sustainable-Energy-Carrier-Combustion-Propulsion/069_Lubrication-Ignition-Starting-and-Accessories/069-300_Ignition-Systems
000-099,S-ATLAS,060-069,Sustainable Energy Carrier Combustion Propulsion,069,Lubrication Ignition Starting and Accessories,069-400,400,Starting Systems,069-400_Starting-Systems,01_OPTIONS_ARCHITECTURE/01-03_TECHNOLOGIES/01-03-01_Q+ATLANTIDE/000-099_S-ATLAS/060-069_Sustainable-Energy-Carrier-Combustion-Propulsion/069_Lubrication-Ignition-Starting-and-Accessories/069-400_Starting-Systems,https://github.com/AmedeoPelliccia/Q-plus-A/tree/main/01_OPTIONS_ARCHITECTURE/01-03_TECHNOLOGIES/01-03-01_Q%2BATLANTIDE/000-099_S-ATLAS/060-069_Sustainable-Energy-Carrier-Combustion-Propulsion/069_Lubrication-Ignition-Starting-and-Accessories/069-400_Starting-Systems
000-099,S-ATLAS,060-069,Sustainable Energy Carrier Combustion Propulsion,069,Lubrication Ignition Starting and Accessories,069-500,500,Accessory Systems and Mounting,069-500_Accessory-Systems-and-Mounting,01_OPTIONS_ARCHITECTURE/01-03_TECHNOLOGIES/01-03-01_Q+ATLANTIDE/000-099_S-ATLAS/060-069_Sustainable-Energy-Carrier-Combustion-Propulsion/069_Lubrication-Ignition-Starting-and-Accessories/069-500_Accessory-Systems-and-Mounting,https://github.com/AmedeoPelliccia/Q-plus-A/tree/main/01_OPTIONS_ARCHITECTURE/01-03_TECHNOLOGIES/01-03-01_Q%2BATLANTIDE/000-099_S-ATLAS/060-069_Sustainable-Energy-Carrier-Combustion-Propulsion/069_Lubrication-Ignition-Starting-and-Accessories/069-500_Accessory-Systems-and-Mounting
000-099,S-ATLAS,060-069,Sustainable Energy Carrier Combustion Propulsion,069,Lubrication Ignition Starting and Accessories,069-600,600,Seals Buffering and Vent Systems,069-600_Seals-Buffering-and-Vent-Systems,01_OPTIONS_ARCHITECTURE/01-03_TECHNOLOGIES/01-03-01_Q+ATLANTIDE/000-099_S-ATLAS/060-069_Sustainable-Energy-Carrier-Combustion-Propulsion/069_Lubrication-Ignition-Starting-and-Accessories/069-600_Seals-Buffering-and-Vent-Systems,https://github.com/AmedeoPelliccia/Q-plus-A/tree/main/01_OPTIONS_ARCHITECTURE/01-03_TECHNOLOGIES/01-03-01_Q%2BATLANTIDE/000-099_S-ATLAS/060-069_Sustainable-Energy-Carrier-Combustion-Propulsion/069_Lubrication-Ignition-Starting-and-Accessories/069-600_Seals-Buffering-and-Vent-Systems
000-099,S-ATLAS,060-069,Sustainable Energy Carrier Combustion Propulsion,069,Lubrication Ignition Starting and Accessories,069-700,700,Chip Detection and Debris Monitoring,069-700_Chip-Detection-and-Debris-Monitoring,01_OPTIONS_ARCHITECTURE/01-03_TECHNOLOGIES/01-03-01_Q+ATLANTIDE/000-099_S-ATLAS/060-069_Sustainable-Energy-Carrier-Combustion-Propulsion/069_Lubrication-Ignition-Starting-and-Accessories/069-700_Chip-Detection-and-Debris-Monitoring,https://github.com/AmedeoPelliccia/Q-plus-A/tree/main/01_OPTIONS_ARCHITECTURE/01-03_TECHNOLOGIES/01-03-01_Q%2BATLANTIDE/000-099_S-ATLAS/060-069_Sustainable-Energy-Carrier-Combustion-Propulsion/069_Lubrication-Ignition-Starting-and-Accessories/069-700_Chip-Detection-and-Debris-Monitoring
000-099,S-ATLAS,060-069,Sustainable Energy Carrier Combustion Propulsion,069,Lubrication Ignition Starting and Accessories,069-800,800,Servicing Points and Ground Interfaces,069-800_Servicing-Points-and-Ground-Interfaces,01_OPTIONS_ARCHITECTURE/01-03_TECHNOLOGIES/01-03-01_Q+ATLANTIDE/000-099_S-ATLAS/060-069_Sustainable-Energy-Carrier-Combustion-Propulsion/069_Lubrication-Ignition-Starting-and-Accessories/069-800_Servicing-Points-and-Ground-Interfaces,https://github.com/AmedeoPelliccia/Q-plus-A/tree/main/01_OPTIONS_ARCHITECTURE/01-03_TECHNOLOGIES/01-03-01_Q%2BATLANTIDE/000-099_S-ATLAS/060-069_Sustainable-Energy-Carrier-Combustion-Propulsion/069_Lubrication-Ignition-Starting-and-Accessories/069-800_Servicing-Points-and-Ground-Interfaces
000-099,S-ATLAS,060-069,Sustainable Energy Carrier Combustion Propulsion,069,Lubrication Ignition Starting and Accessories,069-900,900,Auxiliary Systems Evidence,069-900_Auxiliary-Systems-Evidence,01_OPTIONS_ARCHITECTURE/01-03_TECHNOLOGIES/01-03-01_Q+ATLANTIDE/000-099_S-ATLAS/060-069_Sustainable-Energy-Carrier-Combustion-Propulsion/069_Lubrication-Ignition-Starting-and-Accessories/069-900_Auxiliary-Systems-Evidence,https://github.com/AmedeoPelliccia/Q-plus-A/tree/main/01_OPTIONS_ARCHITECTURE/01-03_TECHNOLOGIES/01-03-01_Q%2BATLANTIDE/000-099_S-ATLAS/060-069_Sustainable-Energy-Carrier-Combustion-Propulsion/069_Lubrication-Ignition-Starting-and-Accessories/069-900_Auxiliary-Systems-Evidence
000-099,S-ATLAS,070-079,Electric and Hybrid Electric Propulsion,070,General and Range Doctrine,070-000,000,General Information,070-000_General-Information,01_OPTIONS_ARCHITECTURE/01-03_TECHNOLOGIES/01-03-01_Q+ATLANTIDE/000-099_S-ATLAS/070-079_Electric-and-Hybrid-Electric-Propulsion/070_General-and-Range-Doctrine/070-000_General-Information,https://github.com/AmedeoPelliccia/Q-plus-A/tree/main/01_OPTIONS_ARCHITECTURE/01-03_TECHNOLOGIES/01-03-01_Q%2BATLANTIDE/000-099_S-ATLAS/070-079_Electric-and-Hybrid-Electric-Propulsion/070_General-and-Range-Doctrine/070-000_General-Information
000-099,S-ATLAS,070-079,Electric and Hybrid Electric Propulsion,070,General and Range Doctrine,070-100,100,Range Scope and Doctrine,070-100_Range-Scope-and-Doctrine,01_OPTIONS_ARCHITECTURE/01-03_TECHNOLOGIES/01-03-01_Q+ATLANTIDE/000-099_S-ATLAS/070-079_Electric-and-Hybrid-Electric-Propulsion/070_General-and-Range-Doctrine/070-100_Range-Scope-and-Doctrine,https://github.com/AmedeoPelliccia/Q-plus-A/tree/main/01_OPTIONS_ARCHITECTURE/01-03_TECHNOLOGIES/01-03-01_Q%2BATLANTIDE/000-099_S-ATLAS/070-079_Electric-and-Hybrid-Electric-Propulsion/070_General-and-Range-Doctrine/070-100_Range-Scope-and-Doctrine
000-099,S-ATLAS,070-079,Electric and Hybrid Electric Propulsion,070,General and Range Doctrine,070-200,200,Electric Propulsion Classes Overview,070-200_Electric-Propulsion-Classes-Overview,01_OPTIONS_ARCHITECTURE/01-03_TECHNOLOGIES/01-03-01_Q+ATLANTIDE/000-099_S-ATLAS/070-079_Electric-and-Hybrid-Electric-Propulsion/070_General-and-Range-Doctrine/070-200_Electric-Propulsion-Classes-Overview,https://github.com/AmedeoPelliccia/Q-plus-A/tree/main/01_OPTIONS_ARCHITECTURE/01-03_TECHNOLOGIES/01-03-01_Q%2BATLANTIDE/000-099_S-ATLAS/070-079_Electric-and-Hybrid-Electric-Propulsion/070_General-and-Range-Doctrine/070-200_Electric-Propulsion-Classes-Overview
000-099,S-ATLAS,070-079,Electric and Hybrid Electric Propulsion,070,General and Range Doctrine,070-300,300,Commonality and Modularity Principles,070-300_Commonality-and-Modularity-Principles,01_OPTIONS_ARCHITECTURE/01-03_TECHNOLOGIES/01-03-01_Q+ATLANTIDE/000-099_S-ATLAS/070-079_Electric-and-Hybrid-Electric-Propulsion/070_General-and-Range-Doctrine/070-300_Commonality-and-Modularity-Principles,https://github.com/AmedeoPelliccia/Q-plus-A/tree/main/01_OPTIONS_ARCHITECTURE/01-03_TECHNOLOGIES/01-03-01_Q%2BATLANTIDE/000-099_S-ATLAS/070-079_Electric-and-Hybrid-Electric-Propulsion/070_General-and-Range-Doctrine/070-300_Commonality-and-Modularity-Principles
000-099,S-ATLAS,070-079,Electric and Hybrid Electric Propulsion,070,General and Range Doctrine,070-400,400,Safety and Certification Framework,070-400_Safety-and-Certification-Framework,01_OPTIONS_ARCHITECTURE/01-03_TECHNOLOGIES/01-03-01_Q+ATLANTIDE/000-099_S-ATLAS/070-079_Electric-and-Hybrid-Electric-Propulsion/070_General-and-Range-Doctrine/070-400_Safety-and-Certification-Framework,https://github.com/AmedeoPelliccia/Q-plus-A/tree/main/01_OPTIONS_ARCHITECTURE/01-03_TECHNOLOGIES/01-03-01_Q%2BATLANTIDE/000-099_S-ATLAS/070-079_Electric-and-Hybrid-Electric-Propulsion/070_General-and-Range-Doctrine/070-400_Safety-and-Certification-Framework
000-099,S-ATLAS,070-079,Electric and Hybrid Electric Propulsion,070,General and Range Doctrine,070-500,500,Environmental Performance Doctrine,070-500_Environmental-Performance-Doctrine,01_OPTIONS_ARCHITECTURE/01-03_TECHNOLOGIES/01-03-01_Q+ATLANTIDE/000-099_S-ATLAS/070-079_Electric-and-Hybrid-Electric-Propulsion/070_General-and-Range-Doctrine/070-500_Environmental-Performance-Doctrine,https://github.com/AmedeoPelliccia/Q-plus-A/tree/main/01_OPTIONS_ARCHITECTURE/01-03_TECHNOLOGIES/01-03-01_Q%2BATLANTIDE/000-099_S-ATLAS/070-079_Electric-and-Hybrid-Electric-Propulsion/070_General-and-Range-Doctrine/070-500_Environmental-Performance-Doctrine
000-099,S-ATLAS,070-079,Electric and Hybrid Electric Propulsion,070,General and Range Doctrine,070-600,600,Interfaces to Aircraft Systems,070-600_Interfaces-to-Aircraft-Systems,01_OPTIONS_ARCHITECTURE/01-03_TECHNOLOGIES/01-03-01_Q+ATLANTIDE/000-099_S-ATLAS/070-079_Electric-and-Hybrid-Electric-Propulsion/070_General-and-Range-Doctrine/070-600_Interfaces-to-Aircraft-Systems,https://github.com/AmedeoPelliccia/Q-plus-A/tree/main/01_OPTIONS_ARCHITECTURE/01-03_TECHNOLOGIES/01-03-01_Q%2BATLANTIDE/000-099_S-ATLAS/070-079_Electric-and-Hybrid-Electric-Propulsion/070_General-and-Range-Doctrine/070-600_Interfaces-to-Aircraft-Systems
000-099,S-ATLAS,070-079,Electric and Hybrid Electric Propulsion,070,General and Range Doctrine,070-700,700,Standard Practices Electric Propulsion,070-700_Standard-Practices-Electric-Propulsion,01_OPTIONS_ARCHITECTURE/01-03_TECHNOLOGIES/01-03-01_Q+ATLANTIDE/000-099_S-ATLAS/070-079_Electric-and-Hybrid-Electric-Propulsion/070_General-and-Range-Doctrine/070-700_Standard-Practices-Electric-Propulsion,https://github.com/AmedeoPelliccia/Q-plus-A/tree/main/01_OPTIONS_ARCHITECTURE/01-03_TECHNOLOGIES/01-03-01_Q%2BATLANTIDE/000-099_S-ATLAS/070-079_Electric-and-Hybrid-Electric-Propulsion/070_General-and-Range-Doctrine/070-700_Standard-Practices-Electric-Propulsion
000-099,S-ATLAS,070-079,Electric and Hybrid Electric Propulsion,070,General and Range Doctrine,070-800,800,Testing and Evidence Framework,070-800_Testing-and-Evidence-Framework,01_OPTIONS_ARCHITECTURE/01-03_TECHNOLOGIES/01-03-01_Q+ATLANTIDE/000-099_S-ATLAS/070-079_Electric-and-Hybrid-Electric-Propulsion/070_General-and-Range-Doctrine/070-800_Testing-and-Evidence-Framework,https://github.com/AmedeoPelliccia/Q-plus-A/tree/main/01_OPTIONS_ARCHITECTURE/01-03_TECHNOLOGIES/01-03-01_Q%2BATLANTIDE/000-099_S-ATLAS/070-079_Electric-and-Hybrid-Electric-Propulsion/070_General-and-Range-Doctrine/070-800_Testing-and-Evidence-Framework
000-099,S-ATLAS,070-079,Electric and Hybrid Electric Propulsion,070,General and Range Doctrine,070-900,900,Glossary and Controlled Vocabulary,070-900_Glossary-and-Controlled-Vocabulary,01_OPTIONS_ARCHITECTURE/01-03_TECHNOLOGIES/01-03-01_Q+ATLANTIDE/000-099_S-ATLAS/070-079_Electric-and-Hybrid-Electric-Propulsion/070_General-and-Range-Doctrine/070-900_Glossary-and-Controlled-Vocabulary,https://github.com/AmedeoPelliccia/Q-plus-A/tree/main/01_OPTIONS_ARCHITECTURE/01-03_TECHNOLOGIES/01-03-01_Q%2BATLANTIDE/000-099_S-ATLAS/070-079_Electric-and-Hybrid-Electric-Propulsion/070_General-and-Range-Doctrine/070-900_Glossary-and-Controlled-Vocabulary
000-099,S-ATLAS,070-079,Electric and Hybrid Electric Propulsion,071,Propulsion Architectures and Energy Management,071-000,000,General Information,071-000_General-Information,01_OPTIONS_ARCHITECTURE/01-03_TECHNOLOGIES/01-03-01_Q+ATLANTIDE/000-099_S-ATLAS/070-079_Electric-and-Hybrid-Electric-Propulsion/071_Propulsion-Architectures-and-Energy-Management/071-000_General-Information,https://github.com/AmedeoPelliccia/Q-plus-A/tree/main/01_OPTIONS_ARCHITECTURE/01-03_TECHNOLOGIES/01-03-01_Q%2BATLANTIDE/000-099_S-ATLAS/070-079_Electric-and-Hybrid-Electric-Propulsion/071_Propulsion-Architectures-and-Energy-Management/071-000_General-Information
000-099,S-ATLAS,070-079,Electric and Hybrid Electric Propulsion,071,Propulsion Architectures and Energy Management,071-100,100,Battery Electric Architectures,071-100_Battery-Electric-Architectures,01_OPTIONS_ARCHITECTURE/01-03_TECHNOLOGIES/01-03-01_Q+ATLANTIDE/000-099_S-ATLAS/070-079_Electric-and-Hybrid-Electric-Propulsion/071_Propulsion-Architectures-and-Energy-Management/071-100_Battery-Electric-Architectures,https://github.com/AmedeoPelliccia/Q-plus-A/tree/main/01_OPTIONS_ARCHITECTURE/01-03_TECHNOLOGIES/01-03-01_Q%2BATLANTIDE/000-099_S-ATLAS/070-079_Electric-and-Hybrid-Electric-Propulsion/071_Propulsion-Architectures-and-Energy-Management/071-100_Battery-Electric-Architectures
000-099,S-ATLAS,070-079,Electric and Hybrid Electric Propulsion,071,Propulsion Architectures and Energy Management,071-200,200,Series Hybrid and Turboelectric Architectures,071-200_Series-Hybrid-and-Turboelectric-Architectures,01_OPTIONS_ARCHITECTURE/01-03_TECHNOLOGIES/01-03-01_Q+ATLANTIDE/000-099_S-ATLAS/070-079_Electric-and-Hybrid-Electric-Propulsion/071_Propulsion-Architectures-and-Energy-Management/071-200_Series-Hybrid-and-Turboelectric-Architectures,https://github.com/AmedeoPelliccia/Q-plus-A/tree/main/01_OPTIONS_ARCHITECTURE/01-03_TECHNOLOGIES/01-03-01_Q%2BATLANTIDE/000-099_S-ATLAS/070-079_Electric-and-Hybrid-Electric-Propulsion/071_Propulsion-Architectures-and-Energy-Management/071-200_Series-Hybrid-and-Turboelectric-Architectures
000-099,S-ATLAS,070-079,Electric and Hybrid Electric Propulsion,071,Propulsion Architectures and Energy Management,071-300,300,Parallel and Mixed Hybrid Architectures,071-300_Parallel-and-Mixed-Hybrid-Architectures,01_OPTIONS_ARCHITECTURE/01-03_TECHNOLOGIES/01-03-01_Q+ATLANTIDE/000-099_S-ATLAS/070-079_Electric-and-Hybrid-Electric-Propulsion/071_Propulsion-Architectures-and-Energy-Management/071-300_Parallel-and-Mixed-Hybrid-Architectures,https://github.com/AmedeoPelliccia/Q-plus-A/tree/main/01_OPTIONS_ARCHITECTURE/01-03_TECHNOLOGIES/01-03-01_Q%2BATLANTIDE/000-099_S-ATLAS/070-079_Electric-and-Hybrid-Electric-Propulsion/071_Propulsion-Architectures-and-Energy-Management/071-300_Parallel-and-Mixed-Hybrid-Architectures
000-099,S-ATLAS,070-079,Electric and Hybrid Electric Propulsion,071,Propulsion Architectures and Energy Management,071-400,400,Fuel Cell Hybrid Architectures,071-400_Fuel-Cell-Hybrid-Architectures,01_OPTIONS_ARCHITECTURE/01-03_TECHNOLOGIES/01-03-01_Q+ATLANTIDE/000-099_S-ATLAS/070-079_Electric-and-Hybrid-Electric-Propulsion/071_Propulsion-Architectures-and-Energy-Management/071-400_Fuel-Cell-Hybrid-Architectures,https://github.com/AmedeoPelliccia/Q-plus-A/tree/main/01_OPTIONS_ARCHITECTURE/01-03_TECHNOLOGIES/01-03-01_Q%2BATLANTIDE/000-099_S-ATLAS/070-079_Electric-and-Hybrid-Electric-Propulsion/071_Propulsion-Architectures-and-Energy-Management/071-400_Fuel-Cell-Hybrid-Architectures
000-099,S-ATLAS,070-079,Electric and Hybrid Electric Propulsion,071,Propulsion Architectures and Energy Management,071-500,500,Energy Management Strategies,071-500_Energy-Management-Strategies,01_OPTIONS_ARCHITECTURE/01-03_TECHNOLOGIES/01-03-01_Q+ATLANTIDE/000-099_S-ATLAS/070-079_Electric-and-Hybrid-Electric-Propulsion/071_Propulsion-Architectures-and-Energy-Management/071-500_Energy-Management-Strategies,https://github.com/AmedeoPelliccia/Q-plus-A/tree/main/01_OPTIONS_ARCHITECTURE/01-03_TECHNOLOGIES/01-03-01_Q%2BATLANTIDE/000-099_S-ATLAS/070-079_Electric-and-Hybrid-Electric-Propulsion/071_Propulsion-Architectures-and-Energy-Management/071-500_Energy-Management-Strategies
000-099,S-ATLAS,070-079,Electric and Hybrid Electric Propulsion,071,Propulsion Architectures and Energy Management,071-600,600,Power Allocation and Sizing,071-600_Power-Allocation-and-Sizing,01_OPTIONS_ARCHITECTURE/01-03_TECHNOLOGIES/01-03-01_Q+ATLANTIDE/000-099_S-ATLAS/070-079_Electric-and-Hybrid-Electric-Propulsion/071_Propulsion-Architectures-and-Energy-Management/071-600_Power-Allocation-and-Sizing,https://github.com/AmedeoPelliccia/Q-plus-A/tree/main/01_OPTIONS_ARCHITECTURE/01-03_TECHNOLOGIES/01-03-01_Q%2BATLANTIDE/000-099_S-ATLAS/070-079_Electric-and-Hybrid-Electric-Propulsion/071_Propulsion-Architectures-and-Energy-Management/071-600_Power-Allocation-and-Sizing
000-099,S-ATLAS,070-079,Electric and Hybrid Electric Propulsion,071,Propulsion Architectures and Energy Management,071-700,700,Degraded Modes and Reversion,071-700_Degraded-Modes-and-Reversion,01_OPTIONS_ARCHITECTURE/01-03_TECHNOLOGIES/01-03-01_Q+ATLANTIDE/000-099_S-ATLAS/070-079_Electric-and-Hybrid-Electric-Propulsion/071_Propulsion-Architectures-and-Energy-Management/071-700_Degraded-Modes-and-Reversion,https://github.com/AmedeoPelliccia/Q-plus-A/tree/main/01_OPTIONS_ARCHITECTURE/01-03_TECHNOLOGIES/01-03-01_Q%2BATLANTIDE/000-099_S-ATLAS/070-079_Electric-and-Hybrid-Electric-Propulsion/071_Propulsion-Architectures-and-Energy-Management/071-700_Degraded-Modes-and-Reversion
000-099,S-ATLAS,070-079,Electric and Hybrid Electric Propulsion,071,Propulsion Architectures and Energy Management,071-800,800,Supervisory Control and Monitoring,071-800_Supervisory-Control-and-Monitoring,01_OPTIONS_ARCHITECTURE/01-03_TECHNOLOGIES/01-03-01_Q+ATLANTIDE/000-099_S-ATLAS/070-079_Electric-and-Hybrid-Electric-Propulsion/071_Propulsion-Architectures-and-Energy-Management/071-800_Supervisory-Control-and-Monitoring,https://github.com/AmedeoPelliccia/Q-plus-A/tree/main/01_OPTIONS_ARCHITECTURE/01-03_TECHNOLOGIES/01-03-01_Q%2BATLANTIDE/000-099_S-ATLAS/070-079_Electric-and-Hybrid-Electric-Propulsion/071_Propulsion-Architectures-and-Energy-Management/071-800_Supervisory-Control-and-Monitoring
000-099,S-ATLAS,070-079,Electric and Hybrid Electric Propulsion,071,Propulsion Architectures and Energy Management,071-900,900,Architecture Evidence,071-900_Architecture-Evidence,01_OPTIONS_ARCHITECTURE/01-03_TECHNOLOGIES/01-03-01_Q+ATLANTIDE/000-099_S-ATLAS/070-079_Electric-and-Hybrid-Electric-Propulsion/071_Propulsion-Architectures-and-Energy-Management/071-900_Architecture-Evidence,https://github.com/AmedeoPelliccia/Q-plus-A/tree/main/01_OPTIONS_ARCHITECTURE/01-03_TECHNOLOGIES/01-03-01_Q%2BATLANTIDE/000-099_S-ATLAS/070-079_Electric-and-Hybrid-Electric-Propulsion/071_Propulsion-Architectures-and-Energy-Management/071-900_Architecture-Evidence
000-099,S-ATLAS,070-079,Electric and Hybrid Electric Propulsion,072,Electric Machines for Propulsion,072-000,000,General Information,072-000_General-Information,01_OPTIONS_ARCHITECTURE/01-03_TECHNOLOGIES/01-03-01_Q+ATLANTIDE/000-099_S-ATLAS/070-079_Electric-and-Hybrid-Electric-Propulsion/072_Electric-Machines-for-Propulsion/072-000_General-Information,https://github.com/AmedeoPelliccia/Q-plus-A/tree/main/01_OPTIONS_ARCHITECTURE/01-03_TECHNOLOGIES/01-03-01_Q%2BATLANTIDE/000-099_S-ATLAS/070-079_Electric-and-Hybrid-Electric-Propulsion/072_Electric-Machines-for-Propulsion/072-000_General-Information
000-099,S-ATLAS,070-079,Electric and Hybrid Electric Propulsion,072,Electric Machines for Propulsion,072-100,100,Machine Topologies,072-100_Machine-Topologies,01_OPTIONS_ARCHITECTURE/01-03_TECHNOLOGIES/01-03-01_Q+ATLANTIDE/000-099_S-ATLAS/070-079_Electric-and-Hybrid-Electric-Propulsion/072_Electric-Machines-for-Propulsion/072-100_Machine-Topologies,https://github.com/AmedeoPelliccia/Q-plus-A/tree/main/01_OPTIONS_ARCHITECTURE/01-03_TECHNOLOGIES/01-03-01_Q%2BATLANTIDE/000-099_S-ATLAS/070-079_Electric-and-Hybrid-Electric-Propulsion/072_Electric-Machines-for-Propulsion/072-100_Machine-Topologies
000-099,S-ATLAS,070-079,Electric and Hybrid Electric Propulsion,072,Electric Machines for Propulsion,072-200,200,Windings and Insulation Systems,072-200_Windings-and-Insulation-Systems,01_OPTIONS_ARCHITECTURE/01-03_TECHNOLOGIES/01-03-01_Q+ATLANTIDE/000-099_S-ATLAS/070-079_Electric-and-Hybrid-Electric-Propulsion/072_Electric-Machines-for-Propulsion/072-200_Windings-and-Insulation-Systems,https://github.com/AmedeoPelliccia/Q-plus-A/tree/main/01_OPTIONS_ARCHITECTURE/01-03_TECHNOLOGIES/01-03-01_Q%2BATLANTIDE/000-099_S-ATLAS/070-079_Electric-and-Hybrid-Electric-Propulsion/072_Electric-Machines-for-Propulsion/072-200_Windings-and-Insulation-Systems
000-099,S-ATLAS,070-079,Electric and Hybrid Electric Propulsion,072,Electric Machines for Propulsion,072-300,300,Magnetics and Materials,072-300_Magnetics-and-Materials,01_OPTIONS_ARCHITECTURE/01-03_TECHNOLOGIES/01-03-01_Q+ATLANTIDE/000-099_S-ATLAS/070-079_Electric-and-Hybrid-Electric-Propulsion/072_Electric-Machines-for-Propulsion/072-300_Magnetics-and-Materials,https://github.com/AmedeoPelliccia/Q-plus-A/tree/main/01_OPTIONS_ARCHITECTURE/01-03_TECHNOLOGIES/01-03-01_Q%2BATLANTIDE/000-099_S-ATLAS/070-079_Electric-and-Hybrid-Electric-Propulsion/072_Electric-Machines-for-Propulsion/072-300_Magnetics-and-Materials
000-099,S-ATLAS,070-079,Electric and Hybrid Electric Propulsion,072,Electric Machines for Propulsion,072-400,400,Bearings and Mechanical Integration,072-400_Bearings-and-Mechanical-Integration,01_OPTIONS_ARCHITECTURE/01-03_TECHNOLOGIES/01-03-01_Q+ATLANTIDE/000-099_S-ATLAS/070-079_Electric-and-Hybrid-Electric-Propulsion/072_Electric-Machines-for-Propulsion/072-400_Bearings-and-Mechanical-Integration,https://github.com/AmedeoPelliccia/Q-plus-A/tree/main/01_OPTIONS_ARCHITECTURE/01-03_TECHNOLOGIES/01-03-01_Q%2BATLANTIDE/000-099_S-ATLAS/070-079_Electric-and-Hybrid-Electric-Propulsion/072_Electric-Machines-for-Propulsion/072-400_Bearings-and-Mechanical-Integration
000-099,S-ATLAS,070-079,Electric and Hybrid Electric Propulsion,072,Electric Machines for Propulsion,072-500,500,Machine Cooling Interfaces,072-500_Machine-Cooling-Interfaces,01_OPTIONS_ARCHITECTURE/01-03_TECHNOLOGIES/01-03-01_Q+ATLANTIDE/000-099_S-ATLAS/070-079_Electric-and-Hybrid-Electric-Propulsion/072_Electric-Machines-for-Propulsion/072-500_Machine-Cooling-Interfaces,https://github.com/AmedeoPelliccia/Q-plus-A/tree/main/01_OPTIONS_ARCHITECTURE/01-03_TECHNOLOGIES/01-03-01_Q%2BATLANTIDE/000-099_S-ATLAS/070-079_Electric-and-Hybrid-Electric-Propulsion/072_Electric-Machines-for-Propulsion/072-500_Machine-Cooling-Interfaces
000-099,S-ATLAS,070-079,Electric and Hybrid Electric Propulsion,072,Electric Machines for Propulsion,072-600,600,Machine Control Interfaces,072-600_Machine-Control-Interfaces,01_OPTIONS_ARCHITECTURE/01-03_TECHNOLOGIES/01-03-01_Q+ATLANTIDE/000-099_S-ATLAS/070-079_Electric-and-Hybrid-Electric-Propulsion/072_Electric-Machines-for-Propulsion/072-600_Machine-Control-Interfaces,https://github.com/AmedeoPelliccia/Q-plus-A/tree/main/01_OPTIONS_ARCHITECTURE/01-03_TECHNOLOGIES/01-03-01_Q%2BATLANTIDE/000-099_S-ATLAS/070-079_Electric-and-Hybrid-Electric-Propulsion/072_Electric-Machines-for-Propulsion/072-600_Machine-Control-Interfaces
000-099,S-ATLAS,070-079,Electric and Hybrid Electric Propulsion,072,Electric Machines for Propulsion,072-700,700,Generators for Hybrid Sets,072-700_Generators-for-Hybrid-Sets,01_OPTIONS_ARCHITECTURE/01-03_TECHNOLOGIES/01-03-01_Q+ATLANTIDE/000-099_S-ATLAS/070-079_Electric-and-Hybrid-Electric-Propulsion/072_Electric-Machines-for-Propulsion/072-700_Generators-for-Hybrid-Sets,https://github.com/AmedeoPelliccia/Q-plus-A/tree/main/01_OPTIONS_ARCHITECTURE/01-03_TECHNOLOGIES/01-03-01_Q%2BATLANTIDE/000-099_S-ATLAS/070-079_Electric-and-Hybrid-Electric-Propulsion/072_Electric-Machines-for-Propulsion/072-700_Generators-for-Hybrid-Sets
000-099,S-ATLAS,070-079,Electric and Hybrid Electric Propulsion,072,Electric Machines for Propulsion,072-800,800,Advanced Machine Concepts,072-800_Advanced-Machine-Concepts,01_OPTIONS_ARCHITECTURE/01-03_TECHNOLOGIES/01-03-01_Q+ATLANTIDE/000-099_S-ATLAS/070-079_Electric-and-Hybrid-Electric-Propulsion/072_Electric-Machines-for-Propulsion/072-800_Advanced-Machine-Concepts,https://github.com/AmedeoPelliccia/Q-plus-A/tree/main/01_OPTIONS_ARCHITECTURE/01-03_TECHNOLOGIES/01-03-01_Q%2BATLANTIDE/000-099_S-ATLAS/070-079_Electric-and-Hybrid-Electric-Propulsion/072_Electric-Machines-for-Propulsion/072-800_Advanced-Machine-Concepts
000-099,S-ATLAS,070-079,Electric and Hybrid Electric Propulsion,072,Electric Machines for Propulsion,072-900,900,Machine Evidence,072-900_Machine-Evidence,01_OPTIONS_ARCHITECTURE/01-03_TECHNOLOGIES/01-03-01_Q+ATLANTIDE/000-099_S-ATLAS/070-079_Electric-and-Hybrid-Electric-Propulsion/072_Electric-Machines-for-Propulsion/072-900_Machine-Evidence,https://github.com/AmedeoPelliccia/Q-plus-A/tree/main/01_OPTIONS_ARCHITECTURE/01-03_TECHNOLOGIES/01-03-01_Q%2BATLANTIDE/000-099_S-ATLAS/070-079_Electric-and-Hybrid-Electric-Propulsion/072_Electric-Machines-for-Propulsion/072-900_Machine-Evidence
000-099,S-ATLAS,070-079,Electric and Hybrid Electric Propulsion,073,Power Electronics and Conversion,073-000,000,General Information,073-000_General-Information,01_OPTIONS_ARCHITECTURE/01-03_TECHNOLOGIES/01-03-01_Q+ATLANTIDE/000-099_S-ATLAS/070-079_Electric-and-Hybrid-Electric-Propulsion/073_Power-Electronics-and-Conversion/073-000_General-Information,https://github.com/AmedeoPelliccia/Q-plus-A/tree/main/01_OPTIONS_ARCHITECTURE/01-03_TECHNOLOGIES/01-03-01_Q%2BATLANTIDE/000-099_S-ATLAS/070-079_Electric-and-Hybrid-Electric-Propulsion/073_Power-Electronics-and-Conversion/073-000_General-Information
000-099,S-ATLAS,070-079,Electric and Hybrid Electric Propulsion,073,Power Electronics and Conversion,073-100,100,Inverter Architectures,073-100_Inverter-Architectures,01_OPTIONS_ARCHITECTURE/01-03_TECHNOLOGIES/01-03-01_Q+ATLANTIDE/000-099_S-ATLAS/070-079_Electric-and-Hybrid-Electric-Propulsion/073_Power-Electronics-and-Conversion/073-100_Inverter-Architectures,https://github.com/AmedeoPelliccia/Q-plus-A/tree/main/01_OPTIONS_ARCHITECTURE/01-03_TECHNOLOGIES/01-03-01_Q%2BATLANTIDE/000-099_S-ATLAS/070-079_Electric-and-Hybrid-Electric-Propulsion/073_Power-Electronics-and-Conversion/073-100_Inverter-Architectures
000-099,S-ATLAS,070-079,Electric and Hybrid Electric Propulsion,073,Power Electronics and Conversion,073-200,200,Converter and Rectifier Systems,073-200_Converter-and-Rectifier-Systems,01_OPTIONS_ARCHITECTURE/01-03_TECHNOLOGIES/01-03-01_Q+ATLANTIDE/000-099_S-ATLAS/070-079_Electric-and-Hybrid-Electric-Propulsion/073_Power-Electronics-and-Conversion/073-200_Converter-and-Rectifier-Systems,https://github.com/AmedeoPelliccia/Q-plus-A/tree/main/01_OPTIONS_ARCHITECTURE/01-03_TECHNOLOGIES/01-03-01_Q%2BATLANTIDE/000-099_S-ATLAS/070-079_Electric-and-Hybrid-Electric-Propulsion/073_Power-Electronics-and-Conversion/073-200_Converter-and-Rectifier-Systems
000-099,S-ATLAS,070-079,Electric and Hybrid Electric Propulsion,073,Power Electronics and Conversion,073-300,300,Switching Devices and Modules,073-300_Switching-Devices-and-Modules,01_OPTIONS_ARCHITECTURE/01-03_TECHNOLOGIES/01-03-01_Q+ATLANTIDE/000-099_S-ATLAS/070-079_Electric-and-Hybrid-Electric-Propulsion/073_Power-Electronics-and-Conversion/073-300_Switching-Devices-and-Modules,https://github.com/AmedeoPelliccia/Q-plus-A/tree/main/01_OPTIONS_ARCHITECTURE/01-03_TECHNOLOGIES/01-03-01_Q%2BATLANTIDE/000-099_S-ATLAS/070-079_Electric-and-Hybrid-Electric-Propulsion/073_Power-Electronics-and-Conversion/073-300_Switching-Devices-and-Modules
000-099,S-ATLAS,070-079,Electric and Hybrid Electric Propulsion,073,Power Electronics and Conversion,073-400,400,Gate Drive and Control,073-400_Gate-Drive-and-Control,01_OPTIONS_ARCHITECTURE/01-03_TECHNOLOGIES/01-03-01_Q+ATLANTIDE/000-099_S-ATLAS/070-079_Electric-and-Hybrid-Electric-Propulsion/073_Power-Electronics-and-Conversion/073-400_Gate-Drive-and-Control,https://github.com/AmedeoPelliccia/Q-plus-A/tree/main/01_OPTIONS_ARCHITECTURE/01-03_TECHNOLOGIES/01-03-01_Q%2BATLANTIDE/000-099_S-ATLAS/070-079_Electric-and-Hybrid-Electric-Propulsion/073_Power-Electronics-and-Conversion/073-400_Gate-Drive-and-Control
000-099,S-ATLAS,070-079,Electric and Hybrid Electric Propulsion,073,Power Electronics and Conversion,073-500,500,EMI EMC and Filtering,073-500_EMI-EMC-and-Filtering,01_OPTIONS_ARCHITECTURE/01-03_TECHNOLOGIES/01-03-01_Q+ATLANTIDE/000-099_S-ATLAS/070-079_Electric-and-Hybrid-Electric-Propulsion/073_Power-Electronics-and-Conversion/073-500_EMI-EMC-and-Filtering,https://github.com/AmedeoPelliccia/Q-plus-A/tree/main/01_OPTIONS_ARCHITECTURE/01-03_TECHNOLOGIES/01-03-01_Q%2BATLANTIDE/000-099_S-ATLAS/070-079_Electric-and-Hybrid-Electric-Propulsion/073_Power-Electronics-and-Conversion/073-500_EMI-EMC-and-Filtering
000-099,S-ATLAS,070-079,Electric and Hybrid Electric Propulsion,073,Power Electronics and Conversion,073-600,600,Power Electronics Cooling Interfaces,073-600_Power-Electronics-Cooling-Interfaces,01_OPTIONS_ARCHITECTURE/01-03_TECHNOLOGIES/01-03-01_Q+ATLANTIDE/000-099_S-ATLAS/070-079_Electric-and-Hybrid-Electric-Propulsion/073_Power-Electronics-and-Conversion/073-600_Power-Electronics-Cooling-Interfaces,https://github.com/AmedeoPelliccia/Q-plus-A/tree/main/01_OPTIONS_ARCHITECTURE/01-03_TECHNOLOGIES/01-03-01_Q%2BATLANTIDE/000-099_S-ATLAS/070-079_Electric-and-Hybrid-Electric-Propulsion/073_Power-Electronics-and-Conversion/073-600_Power-Electronics-Cooling-Interfaces
000-099,S-ATLAS,070-079,Electric and Hybrid Electric Propulsion,073,Power Electronics and Conversion,073-700,700,Fault Behavior and Protection Coordination,073-700_Fault-Behavior-and-Protection-Coordination,01_OPTIONS_ARCHITECTURE/01-03_TECHNOLOGIES/01-03-01_Q+ATLANTIDE/000-099_S-ATLAS/070-079_Electric-and-Hybrid-Electric-Propulsion/073_Power-Electronics-and-Conversion/073-700_Fault-Behavior-and-Protection-Coordination,https://github.com/AmedeoPelliccia/Q-plus-A/tree/main/01_OPTIONS_ARCHITECTURE/01-03_TECHNOLOGIES/01-03-01_Q%2BATLANTIDE/000-099_S-ATLAS/070-079_Electric-and-Hybrid-Electric-Propulsion/073_Power-Electronics-and-Conversion/073-700_Fault-Behavior-and-Protection-Coordination
000-099,S-ATLAS,070-079,Electric and Hybrid Electric Propulsion,073,Power Electronics and Conversion,073-800,800,Altitude and Environmental Effects,073-800_Altitude-and-Environmental-Effects,01_OPTIONS_ARCHITECTURE/01-03_TECHNOLOGIES/01-03-01_Q+ATLANTIDE/000-099_S-ATLAS/070-079_Electric-and-Hybrid-Electric-Propulsion/073_Power-Electronics-and-Conversion/073-800_Altitude-and-Environmental-Effects,https://github.com/AmedeoPelliccia/Q-plus-A/tree/main/01_OPTIONS_ARCHITECTURE/01-03_TECHNOLOGIES/01-03-01_Q%2BATLANTIDE/000-099_S-ATLAS/070-079_Electric-and-Hybrid-Electric-Propulsion/073_Power-Electronics-and-Conversion/073-800_Altitude-and-Environmental-Effects
000-099,S-ATLAS,070-079,Electric and Hybrid Electric Propulsion,073,Power Electronics and Conversion,073-900,900,Power Electronics Evidence,073-900_Power-Electronics-Evidence,01_OPTIONS_ARCHITECTURE/01-03_TECHNOLOGIES/01-03-01_Q+ATLANTIDE/000-099_S-ATLAS/070-079_Electric-and-Hybrid-Electric-Propulsion/073_Power-Electronics-and-Conversion/073-900_Power-Electronics-Evidence,https://github.com/AmedeoPelliccia/Q-plus-A/tree/main/01_OPTIONS_ARCHITECTURE/01-03_TECHNOLOGIES/01-03-01_Q%2BATLANTIDE/000-099_S-ATLAS/070-079_Electric-and-Hybrid-Electric-Propulsion/073_Power-Electronics-and-Conversion/073-900_Power-Electronics-Evidence
000-099,S-ATLAS,070-079,Electric and Hybrid Electric Propulsion,074,Propulsion Energy Storage Systems,074-000,000,General Information,074-000_General-Information,01_OPTIONS_ARCHITECTURE/01-03_TECHNOLOGIES/01-03-01_Q+ATLANTIDE/000-099_S-ATLAS/070-079_Electric-and-Hybrid-Electric-Propulsion/074_Propulsion-Energy-Storage-Systems/074-000_General-Information,https://github.com/AmedeoPelliccia/Q-plus-A/tree/main/01_OPTIONS_ARCHITECTURE/01-03_TECHNOLOGIES/01-03-01_Q%2BATLANTIDE/000-099_S-ATLAS/070-079_Electric-and-Hybrid-Electric-Propulsion/074_Propulsion-Energy-Storage-Systems/074-000_General-Information
000-099,S-ATLAS,070-079,Electric and Hybrid Electric Propulsion,074,Propulsion Energy Storage Systems,074-100,100,Pack Architectures,074-100_Pack-Architectures,01_OPTIONS_ARCHITECTURE/01-03_TECHNOLOGIES/01-03-01_Q+ATLANTIDE/000-099_S-ATLAS/070-079_Electric-and-Hybrid-Electric-Propulsion/074_Propulsion-Energy-Storage-Systems/074-100_Pack-Architectures,https://github.com/AmedeoPelliccia/Q-plus-A/tree/main/01_OPTIONS_ARCHITECTURE/01-03_TECHNOLOGIES/01-03-01_Q%2BATLANTIDE/000-099_S-ATLAS/070-079_Electric-and-Hybrid-Electric-Propulsion/074_Propulsion-Energy-Storage-Systems/074-100_Pack-Architectures
000-099,S-ATLAS,070-079,Electric and Hybrid Electric Propulsion,074,Propulsion Energy Storage Systems,074-200,200,Battery Management Systems,074-200_Battery-Management-Systems,01_OPTIONS_ARCHITECTURE/01-03_TECHNOLOGIES/01-03-01_Q+ATLANTIDE/000-099_S-ATLAS/070-079_Electric-and-Hybrid-Electric-Propulsion/074_Propulsion-Energy-Storage-Systems/074-200_Battery-Management-Systems,https://github.com/AmedeoPelliccia/Q-plus-A/tree/main/01_OPTIONS_ARCHITECTURE/01-03_TECHNOLOGIES/01-03-01_Q%2BATLANTIDE/000-099_S-ATLAS/070-079_Electric-and-Hybrid-Electric-Propulsion/074_Propulsion-Energy-Storage-Systems/074-200_Battery-Management-Systems
000-099,S-ATLAS,070-079,Electric and Hybrid Electric Propulsion,074,Propulsion Energy Storage Systems,074-300,300,Thermal Runaway Containment,074-300_Thermal-Runaway-Containment,01_OPTIONS_ARCHITECTURE/01-03_TECHNOLOGIES/01-03-01_Q+ATLANTIDE/000-099_S-ATLAS/070-079_Electric-and-Hybrid-Electric-Propulsion/074_Propulsion-Energy-Storage-Systems/074-300_Thermal-Runaway-Containment,https://github.com/AmedeoPelliccia/Q-plus-A/tree/main/01_OPTIONS_ARCHITECTURE/01-03_TECHNOLOGIES/01-03-01_Q%2BATLANTIDE/000-099_S-ATLAS/070-079_Electric-and-Hybrid-Electric-Propulsion/074_Propulsion-Energy-Storage-Systems/074-300_Thermal-Runaway-Containment
000-099,S-ATLAS,070-079,Electric and Hybrid Electric Propulsion,074,Propulsion Energy Storage Systems,074-400,400,Crashworthiness and Structural Integration,074-400_Crashworthiness-and-Structural-Integration,01_OPTIONS_ARCHITECTURE/01-03_TECHNOLOGIES/01-03-01_Q+ATLANTIDE/000-099_S-ATLAS/070-079_Electric-and-Hybrid-Electric-Propulsion/074_Propulsion-Energy-Storage-Systems/074-400_Crashworthiness-and-Structural-Integration,https://github.com/AmedeoPelliccia/Q-plus-A/tree/main/01_OPTIONS_ARCHITECTURE/01-03_TECHNOLOGIES/01-03-01_Q%2BATLANTIDE/000-099_S-ATLAS/070-079_Electric-and-Hybrid-Electric-Propulsion/074_Propulsion-Energy-Storage-Systems/074-400_Crashworthiness-and-Structural-Integration
000-099,S-ATLAS,070-079,Electric and Hybrid Electric Propulsion,074,Propulsion Energy Storage Systems,074-500,500,Charging and Ground Energy Interfaces,074-500_Charging-and-Ground-Energy-Interfaces,01_OPTIONS_ARCHITECTURE/01-03_TECHNOLOGIES/01-03-01_Q+ATLANTIDE/000-099_S-ATLAS/070-079_Electric-and-Hybrid-Electric-Propulsion/074_Propulsion-Energy-Storage-Systems/074-500_Charging-and-Ground-Energy-Interfaces,https://github.com/AmedeoPelliccia/Q-plus-A/tree/main/01_OPTIONS_ARCHITECTURE/01-03_TECHNOLOGIES/01-03-01_Q%2BATLANTIDE/000-099_S-ATLAS/070-079_Electric-and-Hybrid-Electric-Propulsion/074_Propulsion-Energy-Storage-Systems/074-500_Charging-and-Ground-Energy-Interfaces
000-099,S-ATLAS,070-079,Electric and Hybrid Electric Propulsion,074,Propulsion Energy Storage Systems,074-600,600,State Estimation and Health,074-600_State-Estimation-and-Health,01_OPTIONS_ARCHITECTURE/01-03_TECHNOLOGIES/01-03-01_Q+ATLANTIDE/000-099_S-ATLAS/070-079_Electric-and-Hybrid-Electric-Propulsion/074_Propulsion-Energy-Storage-Systems/074-600_State-Estimation-and-Health,https://github.com/AmedeoPelliccia/Q-plus-A/tree/main/01_OPTIONS_ARCHITECTURE/01-03_TECHNOLOGIES/01-03-01_Q%2BATLANTIDE/000-099_S-ATLAS/070-079_Electric-and-Hybrid-Electric-Propulsion/074_Propulsion-Energy-Storage-Systems/074-600_State-Estimation-and-Health
000-099,S-ATLAS,070-079,Electric and Hybrid Electric Propulsion,074,Propulsion Energy Storage Systems,074-700,700,Storage Thermal Conditioning,074-700_Storage-Thermal-Conditioning,01_OPTIONS_ARCHITECTURE/01-03_TECHNOLOGIES/01-03-01_Q+ATLANTIDE/000-099_S-ATLAS/070-079_Electric-and-Hybrid-Electric-Propulsion/074_Propulsion-Energy-Storage-Systems/074-700_Storage-Thermal-Conditioning,https://github.com/AmedeoPelliccia/Q-plus-A/tree/main/01_OPTIONS_ARCHITECTURE/01-03_TECHNOLOGIES/01-03-01_Q%2BATLANTIDE/000-099_S-ATLAS/070-079_Electric-and-Hybrid-Electric-Propulsion/074_Propulsion-Energy-Storage-Systems/074-700_Storage-Thermal-Conditioning
000-099,S-ATLAS,070-079,Electric and Hybrid Electric Propulsion,074,Propulsion Energy Storage Systems,074-800,800,Alternative Storage Integration,074-800_Alternative-Storage-Integration,01_OPTIONS_ARCHITECTURE/01-03_TECHNOLOGIES/01-03-01_Q+ATLANTIDE/000-099_S-ATLAS/070-079_Electric-and-Hybrid-Electric-Propulsion/074_Propulsion-Energy-Storage-Systems/074-800_Alternative-Storage-Integration,https://github.com/AmedeoPelliccia/Q-plus-A/tree/main/01_OPTIONS_ARCHITECTURE/01-03_TECHNOLOGIES/01-03-01_Q%2BATLANTIDE/000-099_S-ATLAS/070-079_Electric-and-Hybrid-Electric-Propulsion/074_Propulsion-Energy-Storage-Systems/074-800_Alternative-Storage-Integration
000-099,S-ATLAS,070-079,Electric and Hybrid Electric Propulsion,074,Propulsion Energy Storage Systems,074-900,900,Storage Evidence,074-900_Storage-Evidence,01_OPTIONS_ARCHITECTURE/01-03_TECHNOLOGIES/01-03-01_Q+ATLANTIDE/000-099_S-ATLAS/070-079_Electric-and-Hybrid-Electric-Propulsion/074_Propulsion-Energy-Storage-Systems/074-900_Storage-Evidence,https://github.com/AmedeoPelliccia/Q-plus-A/tree/main/01_OPTIONS_ARCHITECTURE/01-03_TECHNOLOGIES/01-03-01_Q%2BATLANTIDE/000-099_S-ATLAS/070-079_Electric-and-Hybrid-Electric-Propulsion/074_Propulsion-Energy-Storage-Systems/074-900_Storage-Evidence
000-099,S-ATLAS,070-079,Electric and Hybrid Electric Propulsion,075,Fuel Cell Electric Powertrains,075-000,000,General Information,075-000_General-Information,01_OPTIONS_ARCHITECTURE/01-03_TECHNOLOGIES/01-03-01_Q+ATLANTIDE/000-099_S-ATLAS/070-079_Electric-and-Hybrid-Electric-Propulsion/075_Fuel-Cell-Electric-Powertrains/075-000_General-Information,https://github.com/AmedeoPelliccia/Q-plus-A/tree/main/01_OPTIONS_ARCHITECTURE/01-03_TECHNOLOGIES/01-03-01_Q%2BATLANTIDE/000-099_S-ATLAS/070-079_Electric-and-Hybrid-Electric-Propulsion/075_Fuel-Cell-Electric-Powertrains/075-000_General-Information
000-099,S-ATLAS,070-079,Electric and Hybrid Electric Propulsion,075,Fuel Cell Electric Powertrains,075-100,100,Stack Integration Architectures,075-100_Stack-Integration-Architectures,01_OPTIONS_ARCHITECTURE/01-03_TECHNOLOGIES/01-03-01_Q+ATLANTIDE/000-099_S-ATLAS/070-079_Electric-and-Hybrid-Electric-Propulsion/075_Fuel-Cell-Electric-Powertrains/075-100_Stack-Integration-Architectures,https://github.com/AmedeoPelliccia/Q-plus-A/tree/main/01_OPTIONS_ARCHITECTURE/01-03_TECHNOLOGIES/01-03-01_Q%2BATLANTIDE/000-099_S-ATLAS/070-079_Electric-and-Hybrid-Electric-Propulsion/075_Fuel-Cell-Electric-Powertrains/075-100_Stack-Integration-Architectures
000-099,S-ATLAS,070-079,Electric and Hybrid Electric Propulsion,075,Fuel Cell Electric Powertrains,075-200,200,Balance of Plant Air Systems,075-200_Balance-of-Plant-Air-Systems,01_OPTIONS_ARCHITECTURE/01-03_TECHNOLOGIES/01-03-01_Q+ATLANTIDE/000-099_S-ATLAS/070-079_Electric-and-Hybrid-Electric-Propulsion/075_Fuel-Cell-Electric-Powertrains/075-200_Balance-of-Plant-Air-Systems,https://github.com/AmedeoPelliccia/Q-plus-A/tree/main/01_OPTIONS_ARCHITECTURE/01-03_TECHNOLOGIES/01-03-01_Q%2BATLANTIDE/000-099_S-ATLAS/070-079_Electric-and-Hybrid-Electric-Propulsion/075_Fuel-Cell-Electric-Powertrains/075-200_Balance-of-Plant-Air-Systems
000-099,S-ATLAS,070-079,Electric and Hybrid Electric Propulsion,075,Fuel Cell Electric Powertrains,075-300,300,Balance of Plant Hydrogen Handling,075-300_Balance-of-Plant-Hydrogen-Handling,01_OPTIONS_ARCHITECTURE/01-03_TECHNOLOGIES/01-03-01_Q+ATLANTIDE/000-099_S-ATLAS/070-079_Electric-and-Hybrid-Electric-Propulsion/075_Fuel-Cell-Electric-Powertrains/075-300_Balance-of-Plant-Hydrogen-Handling,https://github.com/AmedeoPelliccia/Q-plus-A/tree/main/01_OPTIONS_ARCHITECTURE/01-03_TECHNOLOGIES/01-03-01_Q%2BATLANTIDE/000-099_S-ATLAS/070-079_Electric-and-Hybrid-Electric-Propulsion/075_Fuel-Cell-Electric-Powertrains/075-300_Balance-of-Plant-Hydrogen-Handling
000-099,S-ATLAS,070-079,Electric and Hybrid Electric Propulsion,075,Fuel Cell Electric Powertrains,075-400,400,Water and Humidity Management,075-400_Water-and-Humidity-Management,01_OPTIONS_ARCHITECTURE/01-03_TECHNOLOGIES/01-03-01_Q+ATLANTIDE/000-099_S-ATLAS/070-079_Electric-and-Hybrid-Electric-Propulsion/075_Fuel-Cell-Electric-Powertrains/075-400_Water-and-Humidity-Management,https://github.com/AmedeoPelliccia/Q-plus-A/tree/main/01_OPTIONS_ARCHITECTURE/01-03_TECHNOLOGIES/01-03-01_Q%2BATLANTIDE/000-099_S-ATLAS/070-079_Electric-and-Hybrid-Electric-Propulsion/075_Fuel-Cell-Electric-Powertrains/075-400_Water-and-Humidity-Management
000-099,S-ATLAS,070-079,Electric and Hybrid Electric Propulsion,075,Fuel Cell Electric Powertrains,075-500,500,Fuel Cell Thermal Integration,075-500_Fuel-Cell-Thermal-Integration,01_OPTIONS_ARCHITECTURE/01-03_TECHNOLOGIES/01-03-01_Q+ATLANTIDE/000-099_S-ATLAS/070-079_Electric-and-Hybrid-Electric-Propulsion/075_Fuel-Cell-Electric-Powertrains/075-500_Fuel-Cell-Thermal-Integration,https://github.com/AmedeoPelliccia/Q-plus-A/tree/main/01_OPTIONS_ARCHITECTURE/01-03_TECHNOLOGIES/01-03-01_Q%2BATLANTIDE/000-099_S-ATLAS/070-079_Electric-and-Hybrid-Electric-Propulsion/075_Fuel-Cell-Electric-Powertrains/075-500_Fuel-Cell-Thermal-Integration
000-099,S-ATLAS,070-079,Electric and Hybrid Electric Propulsion,075,Fuel Cell Electric Powertrains,075-600,600,Power Conditioning Interface,075-600_Power-Conditioning-Interface,01_OPTIONS_ARCHITECTURE/01-03_TECHNOLOGIES/01-03-01_Q+ATLANTIDE/000-099_S-ATLAS/070-079_Electric-and-Hybrid-Electric-Propulsion/075_Fuel-Cell-Electric-Powertrains/075-600_Power-Conditioning-Interface,https://github.com/AmedeoPelliccia/Q-plus-A/tree/main/01_OPTIONS_ARCHITECTURE/01-03_TECHNOLOGIES/01-03-01_Q%2BATLANTIDE/000-099_S-ATLAS/070-079_Electric-and-Hybrid-Electric-Propulsion/075_Fuel-Cell-Electric-Powertrains/075-600_Power-Conditioning-Interface
000-099,S-ATLAS,070-079,Electric and Hybrid Electric Propulsion,075,Fuel Cell Electric Powertrains,075-700,700,Start Stop and Freeze Management,075-700_Start-Stop-and-Freeze-Management,01_OPTIONS_ARCHITECTURE/01-03_TECHNOLOGIES/01-03-01_Q+ATLANTIDE/000-099_S-ATLAS/070-079_Electric-and-Hybrid-Electric-Propulsion/075_Fuel-Cell-Electric-Powertrains/075-700_Start-Stop-and-Freeze-Management,https://github.com/AmedeoPelliccia/Q-plus-A/tree/main/01_OPTIONS_ARCHITECTURE/01-03_TECHNOLOGIES/01-03-01_Q%2BATLANTIDE/000-099_S-ATLAS/070-079_Electric-and-Hybrid-Electric-Propulsion/075_Fuel-Cell-Electric-Powertrains/075-700_Start-Stop-and-Freeze-Management
000-099,S-ATLAS,070-079,Electric and Hybrid Electric Propulsion,075,Fuel Cell Electric Powertrains,075-800,800,Stack Health and Degradation,075-800_Stack-Health-and-Degradation,01_OPTIONS_ARCHITECTURE/01-03_TECHNOLOGIES/01-03-01_Q+ATLANTIDE/000-099_S-ATLAS/070-079_Electric-and-Hybrid-Electric-Propulsion/075_Fuel-Cell-Electric-Powertrains/075-800_Stack-Health-and-Degradation,https://github.com/AmedeoPelliccia/Q-plus-A/tree/main/01_OPTIONS_ARCHITECTURE/01-03_TECHNOLOGIES/01-03-01_Q%2BATLANTIDE/000-099_S-ATLAS/070-079_Electric-and-Hybrid-Electric-Propulsion/075_Fuel-Cell-Electric-Powertrains/075-800_Stack-Health-and-Degradation
000-099,S-ATLAS,070-079,Electric and Hybrid Electric Propulsion,075,Fuel Cell Electric Powertrains,075-900,900,Fuel Cell Powertrain Evidence,075-900_Fuel-Cell-Powertrain-Evidence,01_OPTIONS_ARCHITECTURE/01-03_TECHNOLOGIES/01-03-01_Q+ATLANTIDE/000-099_S-ATLAS/070-079_Electric-and-Hybrid-Electric-Propulsion/075_Fuel-Cell-Electric-Powertrains/075-900_Fuel-Cell-Powertrain-Evidence,https://github.com/AmedeoPelliccia/Q-plus-A/tree/main/01_OPTIONS_ARCHITECTURE/01-03_TECHNOLOGIES/01-03-01_Q%2BATLANTIDE/000-099_S-ATLAS/070-079_Electric-and-Hybrid-Electric-Propulsion/075_Fuel-Cell-Electric-Powertrains/075-900_Fuel-Cell-Powertrain-Evidence
000-099,S-ATLAS,070-079,Electric and Hybrid Electric Propulsion,076,Propulsion Power Distribution and Protection,076-000,000,General Information,076-000_General-Information,01_OPTIONS_ARCHITECTURE/01-03_TECHNOLOGIES/01-03-01_Q+ATLANTIDE/000-099_S-ATLAS/070-079_Electric-and-Hybrid-Electric-Propulsion/076_Propulsion-Power-Distribution-and-Protection/076-000_General-Information,https://github.com/AmedeoPelliccia/Q-plus-A/tree/main/01_OPTIONS_ARCHITECTURE/01-03_TECHNOLOGIES/01-03-01_Q%2BATLANTIDE/000-099_S-ATLAS/070-079_Electric-and-Hybrid-Electric-Propulsion/076_Propulsion-Power-Distribution-and-Protection/076-000_General-Information
000-099,S-ATLAS,070-079,Electric and Hybrid Electric Propulsion,076,Propulsion Power Distribution and Protection,076-100,100,HV Network Architectures,076-100_HV-Network-Architectures,01_OPTIONS_ARCHITECTURE/01-03_TECHNOLOGIES/01-03-01_Q+ATLANTIDE/000-099_S-ATLAS/070-079_Electric-and-Hybrid-Electric-Propulsion/076_Propulsion-Power-Distribution-and-Protection/076-100_HV-Network-Architectures,https://github.com/AmedeoPelliccia/Q-plus-A/tree/main/01_OPTIONS_ARCHITECTURE/01-03_TECHNOLOGIES/01-03-01_Q%2BATLANTIDE/000-099_S-ATLAS/070-079_Electric-and-Hybrid-Electric-Propulsion/076_Propulsion-Power-Distribution-and-Protection/076-100_HV-Network-Architectures
000-099,S-ATLAS,070-079,Electric and Hybrid Electric Propulsion,076,Propulsion Power Distribution and Protection,076-200,200,Cables Connectors and Busbars,076-200_Cables-Connectors-and-Busbars,01_OPTIONS_ARCHITECTURE/01-03_TECHNOLOGIES/01-03-01_Q+ATLANTIDE/000-099_S-ATLAS/070-079_Electric-and-Hybrid-Electric-Propulsion/076_Propulsion-Power-Distribution-and-Protection/076-200_Cables-Connectors-and-Busbars,https://github.com/AmedeoPelliccia/Q-plus-A/tree/main/01_OPTIONS_ARCHITECTURE/01-03_TECHNOLOGIES/01-03-01_Q%2BATLANTIDE/000-099_S-ATLAS/070-079_Electric-and-Hybrid-Electric-Propulsion/076_Propulsion-Power-Distribution-and-Protection/076-200_Cables-Connectors-and-Busbars
000-099,S-ATLAS,070-079,Electric and Hybrid Electric Propulsion,076,Propulsion Power Distribution and Protection,076-300,300,Contactors and Switching,076-300_Contactors-and-Switching,01_OPTIONS_ARCHITECTURE/01-03_TECHNOLOGIES/01-03-01_Q+ATLANTIDE/000-099_S-ATLAS/070-079_Electric-and-Hybrid-Electric-Propulsion/076_Propulsion-Power-Distribution-and-Protection/076-300_Contactors-and-Switching,https://github.com/AmedeoPelliccia/Q-plus-A/tree/main/01_OPTIONS_ARCHITECTURE/01-03_TECHNOLOGIES/01-03-01_Q%2BATLANTIDE/000-099_S-ATLAS/070-079_Electric-and-Hybrid-Electric-Propulsion/076_Propulsion-Power-Distribution-and-Protection/076-300_Contactors-and-Switching
000-099,S-ATLAS,070-079,Electric and Hybrid Electric Propulsion,076,Propulsion Power Distribution and Protection,076-400,400,Protection and Fault Isolation,076-400_Protection-and-Fault-Isolation,01_OPTIONS_ARCHITECTURE/01-03_TECHNOLOGIES/01-03-01_Q+ATLANTIDE/000-099_S-ATLAS/070-079_Electric-and-Hybrid-Electric-Propulsion/076_Propulsion-Power-Distribution-and-Protection/076-400_Protection-and-Fault-Isolation,https://github.com/AmedeoPelliccia/Q-plus-A/tree/main/01_OPTIONS_ARCHITECTURE/01-03_TECHNOLOGIES/01-03-01_Q%2BATLANTIDE/000-099_S-ATLAS/070-079_Electric-and-Hybrid-Electric-Propulsion/076_Propulsion-Power-Distribution-and-Protection/076-400_Protection-and-Fault-Isolation
000-099,S-ATLAS,070-079,Electric and Hybrid Electric Propulsion,076,Propulsion Power Distribution and Protection,076-500,500,Insulation Coordination and Monitoring,076-500_Insulation-Coordination-and-Monitoring,01_OPTIONS_ARCHITECTURE/01-03_TECHNOLOGIES/01-03-01_Q+ATLANTIDE/000-099_S-ATLAS/070-079_Electric-and-Hybrid-Electric-Propulsion/076_Propulsion-Power-Distribution-and-Protection/076-500_Insulation-Coordination-and-Monitoring,https://github.com/AmedeoPelliccia/Q-plus-A/tree/main/01_OPTIONS_ARCHITECTURE/01-03_TECHNOLOGIES/01-03-01_Q%2BATLANTIDE/000-099_S-ATLAS/070-079_Electric-and-Hybrid-Electric-Propulsion/076_Propulsion-Power-Distribution-and-Protection/076-500_Insulation-Coordination-and-Monitoring
000-099,S-ATLAS,070-079,Electric and Hybrid Electric Propulsion,076,Propulsion Power Distribution and Protection,076-600,600,Grounding Bonding and Returns,076-600_Grounding-Bonding-and-Returns,01_OPTIONS_ARCHITECTURE/01-03_TECHNOLOGIES/01-03-01_Q+ATLANTIDE/000-099_S-ATLAS/070-079_Electric-and-Hybrid-Electric-Propulsion/076_Propulsion-Power-Distribution-and-Protection/076-600_Grounding-Bonding-and-Returns,https://github.com/AmedeoPelliccia/Q-plus-A/tree/main/01_OPTIONS_ARCHITECTURE/01-03_TECHNOLOGIES/01-03-01_Q%2BATLANTIDE/000-099_S-ATLAS/070-079_Electric-and-Hybrid-Electric-Propulsion/076_Propulsion-Power-Distribution-and-Protection/076-600_Grounding-Bonding-and-Returns
000-099,S-ATLAS,070-079,Electric and Hybrid Electric Propulsion,076,Propulsion Power Distribution and Protection,076-700,700,Interface to Aircraft Electrical Network,076-700_Interface-to-Aircraft-Electrical-Network,01_OPTIONS_ARCHITECTURE/01-03_TECHNOLOGIES/01-03-01_Q+ATLANTIDE/000-099_S-ATLAS/070-079_Electric-and-Hybrid-Electric-Propulsion/076_Propulsion-Power-Distribution-and-Protection/076-700_Interface-to-Aircraft-Electrical-Network,https://github.com/AmedeoPelliccia/Q-plus-A/tree/main/01_OPTIONS_ARCHITECTURE/01-03_TECHNOLOGIES/01-03-01_Q%2BATLANTIDE/000-099_S-ATLAS/070-079_Electric-and-Hybrid-Electric-Propulsion/076_Propulsion-Power-Distribution-and-Protection/076-700_Interface-to-Aircraft-Electrical-Network
000-099,S-ATLAS,070-079,Electric and Hybrid Electric Propulsion,076,Propulsion Power Distribution and Protection,076-800,800,Arc Fault Management,076-800_Arc-Fault-Management,01_OPTIONS_ARCHITECTURE/01-03_TECHNOLOGIES/01-03-01_Q+ATLANTIDE/000-099_S-ATLAS/070-079_Electric-and-Hybrid-Electric-Propulsion/076_Propulsion-Power-Distribution-and-Protection/076-800_Arc-Fault-Management,https://github.com/AmedeoPelliccia/Q-plus-A/tree/main/01_OPTIONS_ARCHITECTURE/01-03_TECHNOLOGIES/01-03-01_Q%2BATLANTIDE/000-099_S-ATLAS/070-079_Electric-and-Hybrid-Electric-Propulsion/076_Propulsion-Power-Distribution-and-Protection/076-800_Arc-Fault-Management
000-099,S-ATLAS,070-079,Electric and Hybrid Electric Propulsion,076,Propulsion Power Distribution and Protection,076-900,900,Distribution Evidence,076-900_Distribution-Evidence,01_OPTIONS_ARCHITECTURE/01-03_TECHNOLOGIES/01-03-01_Q+ATLANTIDE/000-099_S-ATLAS/070-079_Electric-and-Hybrid-Electric-Propulsion/076_Propulsion-Power-Distribution-and-Protection/076-900_Distribution-Evidence,https://github.com/AmedeoPelliccia/Q-plus-A/tree/main/01_OPTIONS_ARCHITECTURE/01-03_TECHNOLOGIES/01-03-01_Q%2BATLANTIDE/000-099_S-ATLAS/070-079_Electric-and-Hybrid-Electric-Propulsion/076_Propulsion-Power-Distribution-and-Protection/076-900_Distribution-Evidence
000-099,S-ATLAS,070-079,Electric and Hybrid Electric Propulsion,077,Electric Propulsors Installation and Distributed Integration,077-000,000,General Information,077-000_General-Information,01_OPTIONS_ARCHITECTURE/01-03_TECHNOLOGIES/01-03-01_Q+ATLANTIDE/000-099_S-ATLAS/070-079_Electric-and-Hybrid-Electric-Propulsion/077_Electric-Propulsors-Installation-and-Distributed-Integration/077-000_General-Information,https://github.com/AmedeoPelliccia/Q-plus-A/tree/main/01_OPTIONS_ARCHITECTURE/01-03_TECHNOLOGIES/01-03-01_Q%2BATLANTIDE/000-099_S-ATLAS/070-079_Electric-and-Hybrid-Electric-Propulsion/077_Electric-Propulsors-Installation-and-Distributed-Integration/077-000_General-Information
000-099,S-ATLAS,070-079,Electric and Hybrid Electric Propulsion,077,Electric Propulsors Installation and Distributed Integration,077-100,100,Ducted Fan Propulsor Units,077-100_Ducted-Fan-Propulsor-Units,01_OPTIONS_ARCHITECTURE/01-03_TECHNOLOGIES/01-03-01_Q+ATLANTIDE/000-099_S-ATLAS/070-079_Electric-and-Hybrid-Electric-Propulsion/077_Electric-Propulsors-Installation-and-Distributed-Integration/077-100_Ducted-Fan-Propulsor-Units,https://github.com/AmedeoPelliccia/Q-plus-A/tree/main/01_OPTIONS_ARCHITECTURE/01-03_TECHNOLOGIES/01-03-01_Q%2BATLANTIDE/000-099_S-ATLAS/070-079_Electric-and-Hybrid-Electric-Propulsion/077_Electric-Propulsors-Installation-and-Distributed-Integration/077-100_Ducted-Fan-Propulsor-Units
000-099,S-ATLAS,070-079,Electric and Hybrid Electric Propulsion,077,Electric Propulsors Installation and Distributed Integration,077-200,200,Open Propeller Electric Units,077-200_Open-Propeller-Electric-Units,01_OPTIONS_ARCHITECTURE/01-03_TECHNOLOGIES/01-03-01_Q+ATLANTIDE/000-099_S-ATLAS/070-079_Electric-and-Hybrid-Electric-Propulsion/077_Electric-Propulsors-Installation-and-Distributed-Integration/077-200_Open-Propeller-Electric-Units,https://github.com/AmedeoPelliccia/Q-plus-A/tree/main/01_OPTIONS_ARCHITECTURE/01-03_TECHNOLOGIES/01-03-01_Q%2BATLANTIDE/000-099_S-ATLAS/070-079_Electric-and-Hybrid-Electric-Propulsion/077_Electric-Propulsors-Installation-and-Distributed-Integration/077-200_Open-Propeller-Electric-Units
000-099,S-ATLAS,070-079,Electric and Hybrid Electric Propulsion,077,Electric Propulsors Installation and Distributed Integration,077-300,300,Distributed Propulsion Arrays,077-300_Distributed-Propulsion-Arrays,01_OPTIONS_ARCHITECTURE/01-03_TECHNOLOGIES/01-03-01_Q+ATLANTIDE/000-099_S-ATLAS/070-079_Electric-and-Hybrid-Electric-Propulsion/077_Electric-Propulsors-Installation-and-Distributed-Integration/077-300_Distributed-Propulsion-Arrays,https://github.com/AmedeoPelliccia/Q-plus-A/tree/main/01_OPTIONS_ARCHITECTURE/01-03_TECHNOLOGIES/01-03-01_Q%2BATLANTIDE/000-099_S-ATLAS/070-079_Electric-and-Hybrid-Electric-Propulsion/077_Electric-Propulsors-Installation-and-Distributed-Integration/077-300_Distributed-Propulsion-Arrays
000-099,S-ATLAS,070-079,Electric and Hybrid Electric Propulsion,077,Electric Propulsors Installation and Distributed Integration,077-400,400,Boundary Layer Ingestion Integration,077-400_Boundary-Layer-Ingestion-Integration,01_OPTIONS_ARCHITECTURE/01-03_TECHNOLOGIES/01-03-01_Q+ATLANTIDE/000-099_S-ATLAS/070-079_Electric-and-Hybrid-Electric-Propulsion/077_Electric-Propulsors-Installation-and-Distributed-Integration/077-400_Boundary-Layer-Ingestion-Integration,https://github.com/AmedeoPelliccia/Q-plus-A/tree/main/01_OPTIONS_ARCHITECTURE/01-03_TECHNOLOGIES/01-03-01_Q%2BATLANTIDE/000-099_S-ATLAS/070-079_Electric-and-Hybrid-Electric-Propulsion/077_Electric-Propulsors-Installation-and-Distributed-Integration/077-400_Boundary-Layer-Ingestion-Integration
000-099,S-ATLAS,070-079,Electric and Hybrid Electric Propulsion,077,Electric Propulsors Installation and Distributed Integration,077-500,500,Propulsor Structural Installation,077-500_Propulsor-Structural-Installation,01_OPTIONS_ARCHITECTURE/01-03_TECHNOLOGIES/01-03-01_Q+ATLANTIDE/000-099_S-ATLAS/070-079_Electric-and-Hybrid-Electric-Propulsion/077_Electric-Propulsors-Installation-and-Distributed-Integration/077-500_Propulsor-Structural-Installation,https://github.com/AmedeoPelliccia/Q-plus-A/tree/main/01_OPTIONS_ARCHITECTURE/01-03_TECHNOLOGIES/01-03-01_Q%2BATLANTIDE/000-099_S-ATLAS/070-079_Electric-and-Hybrid-Electric-Propulsion/077_Electric-Propulsors-Installation-and-Distributed-Integration/077-500_Propulsor-Structural-Installation
000-099,S-ATLAS,070-079,Electric and Hybrid Electric Propulsion,077,Electric Propulsors Installation and Distributed Integration,077-600,600,Propulsor Acoustic Characteristics,077-600_Propulsor-Acoustic-Characteristics,01_OPTIONS_ARCHITECTURE/01-03_TECHNOLOGIES/01-03-01_Q+ATLANTIDE/000-099_S-ATLAS/070-079_Electric-and-Hybrid-Electric-Propulsion/077_Electric-Propulsors-Installation-and-Distributed-Integration/077-600_Propulsor-Acoustic-Characteristics,https://github.com/AmedeoPelliccia/Q-plus-A/tree/main/01_OPTIONS_ARCHITECTURE/01-03_TECHNOLOGIES/01-03-01_Q%2BATLANTIDE/000-099_S-ATLAS/070-079_Electric-and-Hybrid-Electric-Propulsion/077_Electric-Propulsors-Installation-and-Distributed-Integration/077-600_Propulsor-Acoustic-Characteristics
000-099,S-ATLAS,070-079,Electric and Hybrid Electric Propulsion,077,Electric Propulsors Installation and Distributed Integration,077-700,700,Propulsor Control and Pitch Systems,077-700_Propulsor-Control-and-Pitch-Systems,01_OPTIONS_ARCHITECTURE/01-03_TECHNOLOGIES/01-03-01_Q+ATLANTIDE/000-099_S-ATLAS/070-079_Electric-and-Hybrid-Electric-Propulsion/077_Electric-Propulsors-Installation-and-Distributed-Integration/077-700_Propulsor-Control-and-Pitch-Systems,https://github.com/AmedeoPelliccia/Q-plus-A/tree/main/01_OPTIONS_ARCHITECTURE/01-03_TECHNOLOGIES/01-03-01_Q%2BATLANTIDE/000-099_S-ATLAS/070-079_Electric-and-Hybrid-Electric-Propulsion/077_Electric-Propulsors-Installation-and-Distributed-Integration/077-700_Propulsor-Control-and-Pitch-Systems
000-099,S-ATLAS,070-079,Electric and Hybrid Electric Propulsion,077,Electric Propulsors Installation and Distributed Integration,077-800,800,Ice Protection Interfaces,077-800_Ice-Protection-Interfaces,01_OPTIONS_ARCHITECTURE/01-03_TECHNOLOGIES/01-03-01_Q+ATLANTIDE/000-099_S-ATLAS/070-079_Electric-and-Hybrid-Electric-Propulsion/077_Electric-Propulsors-Installation-and-Distributed-Integration/077-800_Ice-Protection-Interfaces,https://github.com/AmedeoPelliccia/Q-plus-A/tree/main/01_OPTIONS_ARCHITECTURE/01-03_TECHNOLOGIES/01-03-01_Q%2BATLANTIDE/000-099_S-ATLAS/070-079_Electric-and-Hybrid-Electric-Propulsion/077_Electric-Propulsors-Installation-and-Distributed-Integration/077-800_Ice-Protection-Interfaces
000-099,S-ATLAS,070-079,Electric and Hybrid Electric Propulsion,077,Electric Propulsors Installation and Distributed Integration,077-900,900,Propulsor Evidence,077-900_Propulsor-Evidence,01_OPTIONS_ARCHITECTURE/01-03_TECHNOLOGIES/01-03-01_Q+ATLANTIDE/000-099_S-ATLAS/070-079_Electric-and-Hybrid-Electric-Propulsion/077_Electric-Propulsors-Installation-and-Distributed-Integration/077-900_Propulsor-Evidence,https://github.com/AmedeoPelliccia/Q-plus-A/tree/main/01_OPTIONS_ARCHITECTURE/01-03_TECHNOLOGIES/01-03-01_Q%2BATLANTIDE/000-099_S-ATLAS/070-079_Electric-and-Hybrid-Electric-Propulsion/077_Electric-Propulsors-Installation-and-Distributed-Integration/077-900_Propulsor-Evidence
000-099,S-ATLAS,070-079,Electric and Hybrid Electric Propulsion,078,Thermal Management of Electric Propulsion,078-000,000,General Information,078-000_General-Information,01_OPTIONS_ARCHITECTURE/01-03_TECHNOLOGIES/01-03-01_Q+ATLANTIDE/000-099_S-ATLAS/070-079_Electric-and-Hybrid-Electric-Propulsion/078_Thermal-Management-of-Electric-Propulsion/078-000_General-Information,https://github.com/AmedeoPelliccia/Q-plus-A/tree/main/01_OPTIONS_ARCHITECTURE/01-03_TECHNOLOGIES/01-03-01_Q%2BATLANTIDE/000-099_S-ATLAS/070-079_Electric-and-Hybrid-Electric-Propulsion/078_Thermal-Management-of-Electric-Propulsion/078-000_General-Information
000-099,S-ATLAS,070-079,Electric and Hybrid Electric Propulsion,078,Thermal Management of Electric Propulsion,078-100,100,Thermal Architecture and Budgets,078-100_Thermal-Architecture-and-Budgets,01_OPTIONS_ARCHITECTURE/01-03_TECHNOLOGIES/01-03-01_Q+ATLANTIDE/000-099_S-ATLAS/070-079_Electric-and-Hybrid-Electric-Propulsion/078_Thermal-Management-of-Electric-Propulsion/078-100_Thermal-Architecture-and-Budgets,https://github.com/AmedeoPelliccia/Q-plus-A/tree/main/01_OPTIONS_ARCHITECTURE/01-03_TECHNOLOGIES/01-03-01_Q%2BATLANTIDE/000-099_S-ATLAS/070-079_Electric-and-Hybrid-Electric-Propulsion/078_Thermal-Management-of-Electric-Propulsion/078-100_Thermal-Architecture-and-Budgets
000-099,S-ATLAS,070-079,Electric and Hybrid Electric Propulsion,078,Thermal Management of Electric Propulsion,078-200,200,Liquid Cooling Systems,078-200_Liquid-Cooling-Systems,01_OPTIONS_ARCHITECTURE/01-03_TECHNOLOGIES/01-03-01_Q+ATLANTIDE/000-099_S-ATLAS/070-079_Electric-and-Hybrid-Electric-Propulsion/078_Thermal-Management-of-Electric-Propulsion/078-200_Liquid-Cooling-Systems,https://github.com/AmedeoPelliccia/Q-plus-A/tree/main/01_OPTIONS_ARCHITECTURE/01-03_TECHNOLOGIES/01-03-01_Q%2BATLANTIDE/000-099_S-ATLAS/070-079_Electric-and-Hybrid-Electric-Propulsion/078_Thermal-Management-of-Electric-Propulsion/078-200_Liquid-Cooling-Systems
000-099,S-ATLAS,070-079,Electric and Hybrid Electric Propulsion,078,Thermal Management of Electric Propulsion,078-300,300,Air and Two Phase Cooling,078-300_Air-and-Two-Phase-Cooling,01_OPTIONS_ARCHITECTURE/01-03_TECHNOLOGIES/01-03-01_Q+ATLANTIDE/000-099_S-ATLAS/070-079_Electric-and-Hybrid-Electric-Propulsion/078_Thermal-Management-of-Electric-Propulsion/078-300_Air-and-Two-Phase-Cooling,https://github.com/AmedeoPelliccia/Q-plus-A/tree/main/01_OPTIONS_ARCHITECTURE/01-03_TECHNOLOGIES/01-03-01_Q%2BATLANTIDE/000-099_S-ATLAS/070-079_Electric-and-Hybrid-Electric-Propulsion/078_Thermal-Management-of-Electric-Propulsion/078-300_Air-and-Two-Phase-Cooling
000-099,S-ATLAS,070-079,Electric and Hybrid Electric Propulsion,078,Thermal Management of Electric Propulsion,078-400,400,Cold Plates and Heat Exchangers,078-400_Cold-Plates-and-Heat-Exchangers,01_OPTIONS_ARCHITECTURE/01-03_TECHNOLOGIES/01-03-01_Q+ATLANTIDE/000-099_S-ATLAS/070-079_Electric-and-Hybrid-Electric-Propulsion/078_Thermal-Management-of-Electric-Propulsion/078-400_Cold-Plates-and-Heat-Exchangers,https://github.com/AmedeoPelliccia/Q-plus-A/tree/main/01_OPTIONS_ARCHITECTURE/01-03_TECHNOLOGIES/01-03-01_Q%2BATLANTIDE/000-099_S-ATLAS/070-079_Electric-and-Hybrid-Electric-Propulsion/078_Thermal-Management-of-Electric-Propulsion/078-400_Cold-Plates-and-Heat-Exchangers
000-099,S-ATLAS,070-079,Electric and Hybrid Electric Propulsion,078,Thermal Management of Electric Propulsion,078-500,500,Waste Heat Recovery and Reuse,078-500_Waste-Heat-Recovery-and-Reuse,01_OPTIONS_ARCHITECTURE/01-03_TECHNOLOGIES/01-03-01_Q+ATLANTIDE/000-099_S-ATLAS/070-079_Electric-and-Hybrid-Electric-Propulsion/078_Thermal-Management-of-Electric-Propulsion/078-500_Waste-Heat-Recovery-and-Reuse,https://github.com/AmedeoPelliccia/Q-plus-A/tree/main/01_OPTIONS_ARCHITECTURE/01-03_TECHNOLOGIES/01-03-01_Q%2BATLANTIDE/000-099_S-ATLAS/070-079_Electric-and-Hybrid-Electric-Propulsion/078_Thermal-Management-of-Electric-Propulsion/078-500_Waste-Heat-Recovery-and-Reuse
000-099,S-ATLAS,070-079,Electric and Hybrid Electric Propulsion,078,Thermal Management of Electric Propulsion,078-600,600,Cryogenic Thermal Synergies,078-600_Cryogenic-Thermal-Synergies,01_OPTIONS_ARCHITECTURE/01-03_TECHNOLOGIES/01-03-01_Q+ATLANTIDE/000-099_S-ATLAS/070-079_Electric-and-Hybrid-Electric-Propulsion/078_Thermal-Management-of-Electric-Propulsion/078-600_Cryogenic-Thermal-Synergies,https://github.com/AmedeoPelliccia/Q-plus-A/tree/main/01_OPTIONS_ARCHITECTURE/01-03_TECHNOLOGIES/01-03-01_Q%2BATLANTIDE/000-099_S-ATLAS/070-079_Electric-and-Hybrid-Electric-Propulsion/078_Thermal-Management-of-Electric-Propulsion/078-600_Cryogenic-Thermal-Synergies
000-099,S-ATLAS,070-079,Electric and Hybrid Electric Propulsion,078,Thermal Management of Electric Propulsion,078-700,700,Thermal Control and Monitoring,078-700_Thermal-Control-and-Monitoring,01_OPTIONS_ARCHITECTURE/01-03_TECHNOLOGIES/01-03-01_Q+ATLANTIDE/000-099_S-ATLAS/070-079_Electric-and-Hybrid-Electric-Propulsion/078_Thermal-Management-of-Electric-Propulsion/078-700_Thermal-Control-and-Monitoring,https://github.com/AmedeoPelliccia/Q-plus-A/tree/main/01_OPTIONS_ARCHITECTURE/01-03_TECHNOLOGIES/01-03-01_Q%2BATLANTIDE/000-099_S-ATLAS/070-079_Electric-and-Hybrid-Electric-Propulsion/078_Thermal-Management-of-Electric-Propulsion/078-700_Thermal-Control-and-Monitoring
000-099,S-ATLAS,070-079,Electric and Hybrid Electric Propulsion,078,Thermal Management of Electric Propulsion,078-800,800,Extreme Ambient Operation,078-800_Extreme-Ambient-Operation,01_OPTIONS_ARCHITECTURE/01-03_TECHNOLOGIES/01-03-01_Q+ATLANTIDE/000-099_S-ATLAS/070-079_Electric-and-Hybrid-Electric-Propulsion/078_Thermal-Management-of-Electric-Propulsion/078-800_Extreme-Ambient-Operation,https://github.com/AmedeoPelliccia/Q-plus-A/tree/main/01_OPTIONS_ARCHITECTURE/01-03_TECHNOLOGIES/01-03-01_Q%2BATLANTIDE/000-099_S-ATLAS/070-079_Electric-and-Hybrid-Electric-Propulsion/078_Thermal-Management-of-Electric-Propulsion/078-800_Extreme-Ambient-Operation
000-099,S-ATLAS,070-079,Electric and Hybrid Electric Propulsion,078,Thermal Management of Electric Propulsion,078-900,900,Thermal Evidence,078-900_Thermal-Evidence,01_OPTIONS_ARCHITECTURE/01-03_TECHNOLOGIES/01-03-01_Q+ATLANTIDE/000-099_S-ATLAS/070-079_Electric-and-Hybrid-Electric-Propulsion/078_Thermal-Management-of-Electric-Propulsion/078-900_Thermal-Evidence,https://github.com/AmedeoPelliccia/Q-plus-A/tree/main/01_OPTIONS_ARCHITECTURE/01-03_TECHNOLOGIES/01-03-01_Q%2BATLANTIDE/000-099_S-ATLAS/070-079_Electric-and-Hybrid-Electric-Propulsion/078_Thermal-Management-of-Electric-Propulsion/078-900_Thermal-Evidence
000-099,S-ATLAS,070-079,Electric and Hybrid Electric Propulsion,079,High Voltage Safety and System Evidence,079-000,000,General Information,079-000_General-Information,01_OPTIONS_ARCHITECTURE/01-03_TECHNOLOGIES/01-03-01_Q+ATLANTIDE/000-099_S-ATLAS/070-079_Electric-and-Hybrid-Electric-Propulsion/079_High-Voltage-Safety-and-System-Evidence/079-000_General-Information,https://github.com/AmedeoPelliccia/Q-plus-A/tree/main/01_OPTIONS_ARCHITECTURE/01-03_TECHNOLOGIES/01-03-01_Q%2BATLANTIDE/000-099_S-ATLAS/070-079_Electric-and-Hybrid-Electric-Propulsion/079_High-Voltage-Safety-and-System-Evidence/079-000_General-Information
000-099,S-ATLAS,070-079,Electric and Hybrid Electric Propulsion,079,High Voltage Safety and System Evidence,079-100,100,HV Safety Doctrine and Zones,079-100_HV-Safety-Doctrine-and-Zones,01_OPTIONS_ARCHITECTURE/01-03_TECHNOLOGIES/01-03-01_Q+ATLANTIDE/000-099_S-ATLAS/070-079_Electric-and-Hybrid-Electric-Propulsion/079_High-Voltage-Safety-and-System-Evidence/079-100_HV-Safety-Doctrine-and-Zones,https://github.com/AmedeoPelliccia/Q-plus-A/tree/main/01_OPTIONS_ARCHITECTURE/01-03_TECHNOLOGIES/01-03-01_Q%2BATLANTIDE/000-099_S-ATLAS/070-079_Electric-and-Hybrid-Electric-Propulsion/079_High-Voltage-Safety-and-System-Evidence/079-100_HV-Safety-Doctrine-and-Zones
000-099,S-ATLAS,070-079,Electric and Hybrid Electric Propulsion,079,High Voltage Safety and System Evidence,079-200,200,Interlocks and Safe Isolation,079-200_Interlocks-and-Safe-Isolation,01_OPTIONS_ARCHITECTURE/01-03_TECHNOLOGIES/01-03-01_Q+ATLANTIDE/000-099_S-ATLAS/070-079_Electric-and-Hybrid-Electric-Propulsion/079_High-Voltage-Safety-and-System-Evidence/079-200_Interlocks-and-Safe-Isolation,https://github.com/AmedeoPelliccia/Q-plus-A/tree/main/01_OPTIONS_ARCHITECTURE/01-03_TECHNOLOGIES/01-03-01_Q%2BATLANTIDE/000-099_S-ATLAS/070-079_Electric-and-Hybrid-Electric-Propulsion/079_High-Voltage-Safety-and-System-Evidence/079-200_Interlocks-and-Safe-Isolation
000-099,S-ATLAS,070-079,Electric and Hybrid Electric Propulsion,079,High Voltage Safety and System Evidence,079-300,300,Maintenance Safety Provisions,079-300_Maintenance-Safety-Provisions,01_OPTIONS_ARCHITECTURE/01-03_TECHNOLOGIES/01-03-01_Q+ATLANTIDE/000-099_S-ATLAS/070-079_Electric-and-Hybrid-Electric-Propulsion/079_High-Voltage-Safety-and-System-Evidence/079-300_Maintenance-Safety-Provisions,https://github.com/AmedeoPelliccia/Q-plus-A/tree/main/01_OPTIONS_ARCHITECTURE/01-03_TECHNOLOGIES/01-03-01_Q%2BATLANTIDE/000-099_S-ATLAS/070-079_Electric-and-Hybrid-Electric-Propulsion/079_High-Voltage-Safety-and-System-Evidence/079-300_Maintenance-Safety-Provisions
000-099,S-ATLAS,070-079,Electric and Hybrid Electric Propulsion,079,High Voltage Safety and System Evidence,079-400,400,Lightning and HIRF Aspects of HV Systems,079-400_Lightning-and-HIRF-Aspects-of-HV-Systems,01_OPTIONS_ARCHITECTURE/01-03_TECHNOLOGIES/01-03-01_Q+ATLANTIDE/000-099_S-ATLAS/070-079_Electric-and-Hybrid-Electric-Propulsion/079_High-Voltage-Safety-and-System-Evidence/079-400_Lightning-and-HIRF-Aspects-of-HV-Systems,https://github.com/AmedeoPelliccia/Q-plus-A/tree/main/01_OPTIONS_ARCHITECTURE/01-03_TECHNOLOGIES/01-03-01_Q%2BATLANTIDE/000-099_S-ATLAS/070-079_Electric-and-Hybrid-Electric-Propulsion/079_High-Voltage-Safety-and-System-Evidence/079-400_Lightning-and-HIRF-Aspects-of-HV-Systems
000-099,S-ATLAS,070-079,Electric and Hybrid Electric Propulsion,079,High Voltage Safety and System Evidence,079-500,500,Failure Containment and Segregation,079-500_Failure-Containment-and-Segregation,01_OPTIONS_ARCHITECTURE/01-03_TECHNOLOGIES/01-03-01_Q+ATLANTIDE/000-099_S-ATLAS/070-079_Electric-and-Hybrid-Electric-Propulsion/079_High-Voltage-Safety-and-System-Evidence/079-500_Failure-Containment-and-Segregation,https://github.com/AmedeoPelliccia/Q-plus-A/tree/main/01_OPTIONS_ARCHITECTURE/01-03_TECHNOLOGIES/01-03-01_Q%2BATLANTIDE/000-099_S-ATLAS/070-079_Electric-and-Hybrid-Electric-Propulsion/079_High-Voltage-Safety-and-System-Evidence/079-500_Failure-Containment-and-Segregation
000-099,S-ATLAS,070-079,Electric and Hybrid Electric Propulsion,079,High Voltage Safety and System Evidence,079-600,600,Emergency Provisions and First Response,079-600_Emergency-Provisions-and-First-Response,01_OPTIONS_ARCHITECTURE/01-03_TECHNOLOGIES/01-03-01_Q+ATLANTIDE/000-099_S-ATLAS/070-079_Electric-and-Hybrid-Electric-Propulsion/079_High-Voltage-Safety-and-System-Evidence/079-600_Emergency-Provisions-and-First-Response,https://github.com/AmedeoPelliccia/Q-plus-A/tree/main/01_OPTIONS_ARCHITECTURE/01-03_TECHNOLOGIES/01-03-01_Q%2BATLANTIDE/000-099_S-ATLAS/070-079_Electric-and-Hybrid-Electric-Propulsion/079_High-Voltage-Safety-and-System-Evidence/079-600_Emergency-Provisions-and-First-Response
000-099,S-ATLAS,070-079,Electric and Hybrid Electric Propulsion,079,High Voltage Safety and System Evidence,079-700,700,System Level Verification Approach,079-700_System-Level-Verification-Approach,01_OPTIONS_ARCHITECTURE/01-03_TECHNOLOGIES/01-03-01_Q+ATLANTIDE/000-099_S-ATLAS/070-079_Electric-and-Hybrid-Electric-Propulsion/079_High-Voltage-Safety-and-System-Evidence/079-700_System-Level-Verification-Approach,https://github.com/AmedeoPelliccia/Q-plus-A/tree/main/01_OPTIONS_ARCHITECTURE/01-03_TECHNOLOGIES/01-03-01_Q%2BATLANTIDE/000-099_S-ATLAS/070-079_Electric-and-Hybrid-Electric-Propulsion/079_High-Voltage-Safety-and-System-Evidence/079-700_System-Level-Verification-Approach
000-099,S-ATLAS,070-079,Electric and Hybrid Electric Propulsion,079,High Voltage Safety and System Evidence,079-800,800,Integrated Test and Iron Bird Evidence,079-800_Integrated-Test-and-Iron-Bird-Evidence,01_OPTIONS_ARCHITECTURE/01-03_TECHNOLOGIES/01-03-01_Q+ATLANTIDE/000-099_S-ATLAS/070-079_Electric-and-Hybrid-Electric-Propulsion/079_High-Voltage-Safety-and-System-Evidence/079-800_Integrated-Test-and-Iron-Bird-Evidence,https://github.com/AmedeoPelliccia/Q-plus-A/tree/main/01_OPTIONS_ARCHITECTURE/01-03_TECHNOLOGIES/01-03-01_Q%2BATLANTIDE/000-099_S-ATLAS/070-079_Electric-and-Hybrid-Electric-Propulsion/079_High-Voltage-Safety-and-System-Evidence/079-800_Integrated-Test-and-Iron-Bird-Evidence
000-099,S-ATLAS,070-079,Electric and Hybrid Electric Propulsion,079,High Voltage Safety and System Evidence,079-900,900,Range Evidence Index,079-900_Range-Evidence-Index,01_OPTIONS_ARCHITECTURE/01-03_TECHNOLOGIES/01-03-01_Q+ATLANTIDE/000-099_S-ATLAS/070-079_Electric-and-Hybrid-Electric-Propulsion/079_High-Voltage-Safety-and-System-Evidence/079-900_Range-Evidence-Index,https://github.com/AmedeoPelliccia/Q-plus-A/tree/main/01_OPTIONS_ARCHITECTURE/01-03_TECHNOLOGIES/01-03-01_Q%2BATLANTIDE/000-099_S-ATLAS/070-079_Electric-and-Hybrid-Electric-Propulsion/079_High-Voltage-Safety-and-System-Evidence/079-900_Range-Evidence-Index
000-099,S-ATLAS,080-089,Alternative and Quantum Propulsion,080,General Doctrine Maturity and Graduation,080-000,000,General Information,080-000_General-Information,01_OPTIONS_ARCHITECTURE/01-03_TECHNOLOGIES/01-03-01_Q+ATLANTIDE/000-099_S-ATLAS/080-089_Alternative-and-Quantum-Propulsion/080_General-Doctrine-Maturity-and-Graduation/080-000_General-Information,https://github.com/AmedeoPelliccia/Q-plus-A/tree/main/01_OPTIONS_ARCHITECTURE/01-03_TECHNOLOGIES/01-03-01_Q%2BATLANTIDE/000-099_S-ATLAS/080-089_Alternative-and-Quantum-Propulsion/080_General-Doctrine-Maturity-and-Graduation/080-000_General-Information
000-099,S-ATLAS,080-089,Alternative and Quantum Propulsion,080,General Doctrine Maturity and Graduation,080-100,100,Range Scope and Doctrine,080-100_Range-Scope-and-Doctrine,01_OPTIONS_ARCHITECTURE/01-03_TECHNOLOGIES/01-03-01_Q+ATLANTIDE/000-099_S-ATLAS/080-089_Alternative-and-Quantum-Propulsion/080_General-Doctrine-Maturity-and-Graduation/080-100_Range-Scope-and-Doctrine,https://github.com/AmedeoPelliccia/Q-plus-A/tree/main/01_OPTIONS_ARCHITECTURE/01-03_TECHNOLOGIES/01-03-01_Q%2BATLANTIDE/000-099_S-ATLAS/080-089_Alternative-and-Quantum-Propulsion/080_General-Doctrine-Maturity-and-Graduation/080-100_Range-Scope-and-Doctrine
000-099,S-ATLAS,080-089,Alternative and Quantum Propulsion,080,General Doctrine Maturity and Graduation,080-200,200,Maturity Class Framework,080-200_Maturity-Class-Framework,01_OPTIONS_ARCHITECTURE/01-03_TECHNOLOGIES/01-03-01_Q+ATLANTIDE/000-099_S-ATLAS/080-089_Alternative-and-Quantum-Propulsion/080_General-Doctrine-Maturity-and-Graduation/080-200_Maturity-Class-Framework,https://github.com/AmedeoPelliccia/Q-plus-A/tree/main/01_OPTIONS_ARCHITECTURE/01-03_TECHNOLOGIES/01-03-01_Q%2BATLANTIDE/000-099_S-ATLAS/080-089_Alternative-and-Quantum-Propulsion/080_General-Doctrine-Maturity-and-Graduation/080-200_Maturity-Class-Framework
000-099,S-ATLAS,080-089,Alternative and Quantum Propulsion,080,General Doctrine Maturity and Graduation,080-300,300,Evidence Requirements per Class,080-300_Evidence-Requirements-per-Class,01_OPTIONS_ARCHITECTURE/01-03_TECHNOLOGIES/01-03-01_Q+ATLANTIDE/000-099_S-ATLAS/080-089_Alternative-and-Quantum-Propulsion/080_General-Doctrine-Maturity-and-Graduation/080-300_Evidence-Requirements-per-Class,https://github.com/AmedeoPelliccia/Q-plus-A/tree/main/01_OPTIONS_ARCHITECTURE/01-03_TECHNOLOGIES/01-03-01_Q%2BATLANTIDE/000-099_S-ATLAS/080-089_Alternative-and-Quantum-Propulsion/080_General-Doctrine-Maturity-and-Graduation/080-300_Evidence-Requirements-per-Class
000-099,S-ATLAS,080-089,Alternative and Quantum Propulsion,080,General Doctrine Maturity and Graduation,080-400,400,Graduation Criteria and Process,080-400_Graduation-Criteria-and-Process,01_OPTIONS_ARCHITECTURE/01-03_TECHNOLOGIES/01-03-01_Q+ATLANTIDE/000-099_S-ATLAS/080-089_Alternative-and-Quantum-Propulsion/080_General-Doctrine-Maturity-and-Graduation/080-400_Graduation-Criteria-and-Process,https://github.com/AmedeoPelliccia/Q-plus-A/tree/main/01_OPTIONS_ARCHITECTURE/01-03_TECHNOLOGIES/01-03-01_Q%2BATLANTIDE/000-099_S-ATLAS/080-089_Alternative-and-Quantum-Propulsion/080_General-Doctrine-Maturity-and-Graduation/080-400_Graduation-Criteria-and-Process
000-099,S-ATLAS,080-089,Alternative and Quantum Propulsion,080,General Doctrine Maturity and Graduation,080-500,500,Claims Discipline and Epistemic Guardrails,080-500_Claims-Discipline-and-Epistemic-Guardrails,01_OPTIONS_ARCHITECTURE/01-03_TECHNOLOGIES/01-03-01_Q+ATLANTIDE/000-099_S-ATLAS/080-089_Alternative-and-Quantum-Propulsion/080_General-Doctrine-Maturity-and-Graduation/080-500_Claims-Discipline-and-Epistemic-Guardrails,https://github.com/AmedeoPelliccia/Q-plus-A/tree/main/01_OPTIONS_ARCHITECTURE/01-03_TECHNOLOGIES/01-03-01_Q%2BATLANTIDE/000-099_S-ATLAS/080-089_Alternative-and-Quantum-Propulsion/080_General-Doctrine-Maturity-and-Graduation/080-500_Claims-Discipline-and-Epistemic-Guardrails
000-099,S-ATLAS,080-089,Alternative and Quantum Propulsion,080,General Doctrine Maturity and Graduation,080-600,600,Safety and Certification Pathfinding,080-600_Safety-and-Certification-Pathfinding,01_OPTIONS_ARCHITECTURE/01-03_TECHNOLOGIES/01-03-01_Q+ATLANTIDE/000-099_S-ATLAS/080-089_Alternative-and-Quantum-Propulsion/080_General-Doctrine-Maturity-and-Graduation/080-600_Safety-and-Certification-Pathfinding,https://github.com/AmedeoPelliccia/Q-plus-A/tree/main/01_OPTIONS_ARCHITECTURE/01-03_TECHNOLOGIES/01-03-01_Q%2BATLANTIDE/000-099_S-ATLAS/080-089_Alternative-and-Quantum-Propulsion/080_General-Doctrine-Maturity-and-Graduation/080-600_Safety-and-Certification-Pathfinding
000-099,S-ATLAS,080-089,Alternative and Quantum Propulsion,080,General Doctrine Maturity and Graduation,080-700,700,Interfaces to Established Ranges,080-700_Interfaces-to-Established-Ranges,01_OPTIONS_ARCHITECTURE/01-03_TECHNOLOGIES/01-03-01_Q+ATLANTIDE/000-099_S-ATLAS/080-089_Alternative-and-Quantum-Propulsion/080_General-Doctrine-Maturity-and-Graduation/080-700_Interfaces-to-Established-Ranges,https://github.com/AmedeoPelliccia/Q-plus-A/tree/main/01_OPTIONS_ARCHITECTURE/01-03_TECHNOLOGIES/01-03-01_Q%2BATLANTIDE/000-099_S-ATLAS/080-089_Alternative-and-Quantum-Propulsion/080_General-Doctrine-Maturity-and-Graduation/080-700_Interfaces-to-Established-Ranges
000-099,S-ATLAS,080-089,Alternative and Quantum Propulsion,080,General Doctrine Maturity and Graduation,080-800,800,Review and Reclassification Cycle,080-800_Review-and-Reclassification-Cycle,01_OPTIONS_ARCHITECTURE/01-03_TECHNOLOGIES/01-03-01_Q+ATLANTIDE/000-099_S-ATLAS/080-089_Alternative-and-Quantum-Propulsion/080_General-Doctrine-Maturity-and-Graduation/080-800_Review-and-Reclassification-Cycle,https://github.com/AmedeoPelliccia/Q-plus-A/tree/main/01_OPTIONS_ARCHITECTURE/01-03_TECHNOLOGIES/01-03-01_Q%2BATLANTIDE/000-099_S-ATLAS/080-089_Alternative-and-Quantum-Propulsion/080_General-Doctrine-Maturity-and-Graduation/080-800_Review-and-Reclassification-Cycle
000-099,S-ATLAS,080-089,Alternative and Quantum Propulsion,080,General Doctrine Maturity and Graduation,080-900,900,Glossary and Controlled Vocabulary,080-900_Glossary-and-Controlled-Vocabulary,01_OPTIONS_ARCHITECTURE/01-03_TECHNOLOGIES/01-03-01_Q+ATLANTIDE/000-099_S-ATLAS/080-089_Alternative-and-Quantum-Propulsion/080_General-Doctrine-Maturity-and-Graduation/080-900_Glossary-and-Controlled-Vocabulary,https://github.com/AmedeoPelliccia/Q-plus-A/tree/main/01_OPTIONS_ARCHITECTURE/01-03_TECHNOLOGIES/01-03-01_Q%2BATLANTIDE/000-099_S-ATLAS/080-089_Alternative-and-Quantum-Propulsion/080_General-Doctrine-Maturity-and-Graduation/080-900_Glossary-and-Controlled-Vocabulary
000-099,S-ATLAS,080-089,Alternative and Quantum Propulsion,081,Pressure Gain and Detonation Combustion,081-000,000,General Information,081-000_General-Information,01_OPTIONS_ARCHITECTURE/01-03_TECHNOLOGIES/01-03-01_Q+ATLANTIDE/000-099_S-ATLAS/080-089_Alternative-and-Quantum-Propulsion/081_Pressure-Gain-and-Detonation-Combustion/081-000_General-Information,https://github.com/AmedeoPelliccia/Q-plus-A/tree/main/01_OPTIONS_ARCHITECTURE/01-03_TECHNOLOGIES/01-03-01_Q%2BATLANTIDE/000-099_S-ATLAS/080-089_Alternative-and-Quantum-Propulsion/081_Pressure-Gain-and-Detonation-Combustion/081-000_General-Information
000-099,S-ATLAS,080-089,Alternative and Quantum Propulsion,081,Pressure Gain and Detonation Combustion,081-100,100,Rotating Detonation Concepts,081-100_Rotating-Detonation-Concepts,01_OPTIONS_ARCHITECTURE/01-03_TECHNOLOGIES/01-03-01_Q+ATLANTIDE/000-099_S-ATLAS/080-089_Alternative-and-Quantum-Propulsion/081_Pressure-Gain-and-Detonation-Combustion/081-100_Rotating-Detonation-Concepts,https://github.com/AmedeoPelliccia/Q-plus-A/tree/main/01_OPTIONS_ARCHITECTURE/01-03_TECHNOLOGIES/01-03-01_Q%2BATLANTIDE/000-099_S-ATLAS/080-089_Alternative-and-Quantum-Propulsion/081_Pressure-Gain-and-Detonation-Combustion/081-100_Rotating-Detonation-Concepts
000-099,S-ATLAS,080-089,Alternative and Quantum Propulsion,081,Pressure Gain and Detonation Combustion,081-200,200,Pulse Detonation Concepts,081-200_Pulse-Detonation-Concepts,01_OPTIONS_ARCHITECTURE/01-03_TECHNOLOGIES/01-03-01_Q+ATLANTIDE/000-099_S-ATLAS/080-089_Alternative-and-Quantum-Propulsion/081_Pressure-Gain-and-Detonation-Combustion/081-200_Pulse-Detonation-Concepts,https://github.com/AmedeoPelliccia/Q-plus-A/tree/main/01_OPTIONS_ARCHITECTURE/01-03_TECHNOLOGIES/01-03-01_Q%2BATLANTIDE/000-099_S-ATLAS/080-089_Alternative-and-Quantum-Propulsion/081_Pressure-Gain-and-Detonation-Combustion/081-200_Pulse-Detonation-Concepts
000-099,S-ATLAS,080-089,Alternative and Quantum Propulsion,081,Pressure Gain and Detonation Combustion,081-300,300,Pressure Gain Cycle Analysis,081-300_Pressure-Gain-Cycle-Analysis,01_OPTIONS_ARCHITECTURE/01-03_TECHNOLOGIES/01-03-01_Q+ATLANTIDE/000-099_S-ATLAS/080-089_Alternative-and-Quantum-Propulsion/081_Pressure-Gain-and-Detonation-Combustion/081-300_Pressure-Gain-Cycle-Analysis,https://github.com/AmedeoPelliccia/Q-plus-A/tree/main/01_OPTIONS_ARCHITECTURE/01-03_TECHNOLOGIES/01-03-01_Q%2BATLANTIDE/000-099_S-ATLAS/080-089_Alternative-and-Quantum-Propulsion/081_Pressure-Gain-and-Detonation-Combustion/081-300_Pressure-Gain-Cycle-Analysis
000-099,S-ATLAS,080-089,Alternative and Quantum Propulsion,081,Pressure Gain and Detonation Combustion,081-400,400,Sustainable Carrier Detonation Behavior,081-400_Sustainable-Carrier-Detonation-Behavior,01_OPTIONS_ARCHITECTURE/01-03_TECHNOLOGIES/01-03-01_Q+ATLANTIDE/000-099_S-ATLAS/080-089_Alternative-and-Quantum-Propulsion/081_Pressure-Gain-and-Detonation-Combustion/081-400_Sustainable-Carrier-Detonation-Behavior,https://github.com/AmedeoPelliccia/Q-plus-A/tree/main/01_OPTIONS_ARCHITECTURE/01-03_TECHNOLOGIES/01-03-01_Q%2BATLANTIDE/000-099_S-ATLAS/080-089_Alternative-and-Quantum-Propulsion/081_Pressure-Gain-and-Detonation-Combustion/081-400_Sustainable-Carrier-Detonation-Behavior
000-099,S-ATLAS,080-089,Alternative and Quantum Propulsion,081,Pressure Gain and Detonation Combustion,081-500,500,Injection and Mixing at Detonation Timescales,081-500_Injection-and-Mixing-at-Detonation-Timescales,01_OPTIONS_ARCHITECTURE/01-03_TECHNOLOGIES/01-03-01_Q+ATLANTIDE/000-099_S-ATLAS/080-089_Alternative-and-Quantum-Propulsion/081_Pressure-Gain-and-Detonation-Combustion/081-500_Injection-and-Mixing-at-Detonation-Timescales,https://github.com/AmedeoPelliccia/Q-plus-A/tree/main/01_OPTIONS_ARCHITECTURE/01-03_TECHNOLOGIES/01-03-01_Q%2BATLANTIDE/000-099_S-ATLAS/080-089_Alternative-and-Quantum-Propulsion/081_Pressure-Gain-and-Detonation-Combustion/081-500_Injection-and-Mixing-at-Detonation-Timescales
000-099,S-ATLAS,080-089,Alternative and Quantum Propulsion,081,Pressure Gain and Detonation Combustion,081-600,600,Thermal and Structural Challenges,081-600_Thermal-and-Structural-Challenges,01_OPTIONS_ARCHITECTURE/01-03_TECHNOLOGIES/01-03-01_Q+ATLANTIDE/000-099_S-ATLAS/080-089_Alternative-and-Quantum-Propulsion/081_Pressure-Gain-and-Detonation-Combustion/081-600_Thermal-and-Structural-Challenges,https://github.com/AmedeoPelliccia/Q-plus-A/tree/main/01_OPTIONS_ARCHITECTURE/01-03_TECHNOLOGIES/01-03-01_Q%2BATLANTIDE/000-099_S-ATLAS/080-089_Alternative-and-Quantum-Propulsion/081_Pressure-Gain-and-Detonation-Combustion/081-600_Thermal-and-Structural-Challenges
000-099,S-ATLAS,080-089,Alternative and Quantum Propulsion,081,Pressure Gain and Detonation Combustion,081-700,700,Instrumentation and Diagnostics,081-700_Instrumentation-and-Diagnostics,01_OPTIONS_ARCHITECTURE/01-03_TECHNOLOGIES/01-03-01_Q+ATLANTIDE/000-099_S-ATLAS/080-089_Alternative-and-Quantum-Propulsion/081_Pressure-Gain-and-Detonation-Combustion/081-700_Instrumentation-and-Diagnostics,https://github.com/AmedeoPelliccia/Q-plus-A/tree/main/01_OPTIONS_ARCHITECTURE/01-03_TECHNOLOGIES/01-03-01_Q%2BATLANTIDE/000-099_S-ATLAS/080-089_Alternative-and-Quantum-Propulsion/081_Pressure-Gain-and-Detonation-Combustion/081-700_Instrumentation-and-Diagnostics
000-099,S-ATLAS,080-089,Alternative and Quantum Propulsion,081,Pressure Gain and Detonation Combustion,081-800,800,Integration Pathways to Turbomachinery,081-800_Integration-Pathways-to-Turbomachinery,01_OPTIONS_ARCHITECTURE/01-03_TECHNOLOGIES/01-03-01_Q+ATLANTIDE/000-099_S-ATLAS/080-089_Alternative-and-Quantum-Propulsion/081_Pressure-Gain-and-Detonation-Combustion/081-800_Integration-Pathways-to-Turbomachinery,https://github.com/AmedeoPelliccia/Q-plus-A/tree/main/01_OPTIONS_ARCHITECTURE/01-03_TECHNOLOGIES/01-03-01_Q%2BATLANTIDE/000-099_S-ATLAS/080-089_Alternative-and-Quantum-Propulsion/081_Pressure-Gain-and-Detonation-Combustion/081-800_Integration-Pathways-to-Turbomachinery
000-099,S-ATLAS,080-089,Alternative and Quantum Propulsion,081,Pressure Gain and Detonation Combustion,081-900,900,Evidence Status and Graduation Tracking,081-900_Evidence-Status-and-Graduation-Tracking,01_OPTIONS_ARCHITECTURE/01-03_TECHNOLOGIES/01-03-01_Q+ATLANTIDE/000-099_S-ATLAS/080-089_Alternative-and-Quantum-Propulsion/081_Pressure-Gain-and-Detonation-Combustion/081-900_Evidence-Status-and-Graduation-Tracking,https://github.com/AmedeoPelliccia/Q-plus-A/tree/main/01_OPTIONS_ARCHITECTURE/01-03_TECHNOLOGIES/01-03-01_Q%2BATLANTIDE/000-099_S-ATLAS/080-089_Alternative-and-Quantum-Propulsion/081_Pressure-Gain-and-Detonation-Combustion/081-900_Evidence-Status-and-Graduation-Tracking
000-099,S-ATLAS,080-089,Alternative and Quantum Propulsion,082,High Speed Airbreathing Propulsion,082-000,000,General Information,082-000_General-Information,01_OPTIONS_ARCHITECTURE/01-03_TECHNOLOGIES/01-03-01_Q+ATLANTIDE/000-099_S-ATLAS/080-089_Alternative-and-Quantum-Propulsion/082_High-Speed-Airbreathing-Propulsion/082-000_General-Information,https://github.com/AmedeoPelliccia/Q-plus-A/tree/main/01_OPTIONS_ARCHITECTURE/01-03_TECHNOLOGIES/01-03-01_Q%2BATLANTIDE/000-099_S-ATLAS/080-089_Alternative-and-Quantum-Propulsion/082_High-Speed-Airbreathing-Propulsion/082-000_General-Information
000-099,S-ATLAS,080-089,Alternative and Quantum Propulsion,082,High Speed Airbreathing Propulsion,082-100,100,Ramjet Concepts for Sustainable Carriers,082-100_Ramjet-Concepts-for-Sustainable-Carriers,01_OPTIONS_ARCHITECTURE/01-03_TECHNOLOGIES/01-03-01_Q+ATLANTIDE/000-099_S-ATLAS/080-089_Alternative-and-Quantum-Propulsion/082_High-Speed-Airbreathing-Propulsion/082-100_Ramjet-Concepts-for-Sustainable-Carriers,https://github.com/AmedeoPelliccia/Q-plus-A/tree/main/01_OPTIONS_ARCHITECTURE/01-03_TECHNOLOGIES/01-03-01_Q%2BATLANTIDE/000-099_S-ATLAS/080-089_Alternative-and-Quantum-Propulsion/082_High-Speed-Airbreathing-Propulsion/082-100_Ramjet-Concepts-for-Sustainable-Carriers
000-099,S-ATLAS,080-089,Alternative and Quantum Propulsion,082,High Speed Airbreathing Propulsion,082-200,200,Scramjet Concepts,082-200_Scramjet-Concepts,01_OPTIONS_ARCHITECTURE/01-03_TECHNOLOGIES/01-03-01_Q+ATLANTIDE/000-099_S-ATLAS/080-089_Alternative-and-Quantum-Propulsion/082_High-Speed-Airbreathing-Propulsion/082-200_Scramjet-Concepts,https://github.com/AmedeoPelliccia/Q-plus-A/tree/main/01_OPTIONS_ARCHITECTURE/01-03_TECHNOLOGIES/01-03-01_Q%2BATLANTIDE/000-099_S-ATLAS/080-089_Alternative-and-Quantum-Propulsion/082_High-Speed-Airbreathing-Propulsion/082-200_Scramjet-Concepts
000-099,S-ATLAS,080-089,Alternative and Quantum Propulsion,082,High Speed Airbreathing Propulsion,082-300,300,Combined Cycle Architectures,082-300_Combined-Cycle-Architectures,01_OPTIONS_ARCHITECTURE/01-03_TECHNOLOGIES/01-03-01_Q+ATLANTIDE/000-099_S-ATLAS/080-089_Alternative-and-Quantum-Propulsion/082_High-Speed-Airbreathing-Propulsion/082-300_Combined-Cycle-Architectures,https://github.com/AmedeoPelliccia/Q-plus-A/tree/main/01_OPTIONS_ARCHITECTURE/01-03_TECHNOLOGIES/01-03-01_Q%2BATLANTIDE/000-099_S-ATLAS/080-089_Alternative-and-Quantum-Propulsion/082_High-Speed-Airbreathing-Propulsion/082-300_Combined-Cycle-Architectures
000-099,S-ATLAS,080-089,Alternative and Quantum Propulsion,082,High Speed Airbreathing Propulsion,082-400,400,Hydrogen High Speed Combustion,082-400_Hydrogen-High-Speed-Combustion,01_OPTIONS_ARCHITECTURE/01-03_TECHNOLOGIES/01-03-01_Q+ATLANTIDE/000-099_S-ATLAS/080-089_Alternative-and-Quantum-Propulsion/082_High-Speed-Airbreathing-Propulsion/082-400_Hydrogen-High-Speed-Combustion,https://github.com/AmedeoPelliccia/Q-plus-A/tree/main/01_OPTIONS_ARCHITECTURE/01-03_TECHNOLOGIES/01-03-01_Q%2BATLANTIDE/000-099_S-ATLAS/080-089_Alternative-and-Quantum-Propulsion/082_High-Speed-Airbreathing-Propulsion/082-400_Hydrogen-High-Speed-Combustion
000-099,S-ATLAS,080-089,Alternative and Quantum Propulsion,082,High Speed Airbreathing Propulsion,082-500,500,Thermal Management at High Speed,082-500_Thermal-Management-at-High-Speed,01_OPTIONS_ARCHITECTURE/01-03_TECHNOLOGIES/01-03-01_Q+ATLANTIDE/000-099_S-ATLAS/080-089_Alternative-and-Quantum-Propulsion/082_High-Speed-Airbreathing-Propulsion/082-500_Thermal-Management-at-High-Speed,https://github.com/AmedeoPelliccia/Q-plus-A/tree/main/01_OPTIONS_ARCHITECTURE/01-03_TECHNOLOGIES/01-03-01_Q%2BATLANTIDE/000-099_S-ATLAS/080-089_Alternative-and-Quantum-Propulsion/082_High-Speed-Airbreathing-Propulsion/082-500_Thermal-Management-at-High-Speed
000-099,S-ATLAS,080-089,Alternative and Quantum Propulsion,082,High Speed Airbreathing Propulsion,082-600,600,Materials and Structures Interfaces,082-600_Materials-and-Structures-Interfaces,01_OPTIONS_ARCHITECTURE/01-03_TECHNOLOGIES/01-03-01_Q+ATLANTIDE/000-099_S-ATLAS/080-089_Alternative-and-Quantum-Propulsion/082_High-Speed-Airbreathing-Propulsion/082-600_Materials-and-Structures-Interfaces,https://github.com/AmedeoPelliccia/Q-plus-A/tree/main/01_OPTIONS_ARCHITECTURE/01-03_TECHNOLOGIES/01-03-01_Q%2BATLANTIDE/000-099_S-ATLAS/080-089_Alternative-and-Quantum-Propulsion/082_High-Speed-Airbreathing-Propulsion/082-600_Materials-and-Structures-Interfaces
000-099,S-ATLAS,080-089,Alternative and Quantum Propulsion,082,High Speed Airbreathing Propulsion,082-700,700,Vehicle Integration Considerations,082-700_Vehicle-Integration-Considerations,01_OPTIONS_ARCHITECTURE/01-03_TECHNOLOGIES/01-03-01_Q+ATLANTIDE/000-099_S-ATLAS/080-089_Alternative-and-Quantum-Propulsion/082_High-Speed-Airbreathing-Propulsion/082-700_Vehicle-Integration-Considerations,https://github.com/AmedeoPelliccia/Q-plus-A/tree/main/01_OPTIONS_ARCHITECTURE/01-03_TECHNOLOGIES/01-03-01_Q%2BATLANTIDE/000-099_S-ATLAS/080-089_Alternative-and-Quantum-Propulsion/082_High-Speed-Airbreathing-Propulsion/082-700_Vehicle-Integration-Considerations
000-099,S-ATLAS,080-089,Alternative and Quantum Propulsion,082,High Speed Airbreathing Propulsion,082-800,800,Test Infrastructure and Evidence,082-800_Test-Infrastructure-and-Evidence,01_OPTIONS_ARCHITECTURE/01-03_TECHNOLOGIES/01-03-01_Q+ATLANTIDE/000-099_S-ATLAS/080-089_Alternative-and-Quantum-Propulsion/082_High-Speed-Airbreathing-Propulsion/082-800_Test-Infrastructure-and-Evidence,https://github.com/AmedeoPelliccia/Q-plus-A/tree/main/01_OPTIONS_ARCHITECTURE/01-03_TECHNOLOGIES/01-03-01_Q%2BATLANTIDE/000-099_S-ATLAS/080-089_Alternative-and-Quantum-Propulsion/082_High-Speed-Airbreathing-Propulsion/082-800_Test-Infrastructure-and-Evidence
000-099,S-ATLAS,080-089,Alternative and Quantum Propulsion,082,High Speed Airbreathing Propulsion,082-900,900,Evidence Status and Graduation Tracking,082-900_Evidence-Status-and-Graduation-Tracking,01_OPTIONS_ARCHITECTURE/01-03_TECHNOLOGIES/01-03-01_Q+ATLANTIDE/000-099_S-ATLAS/080-089_Alternative-and-Quantum-Propulsion/082_High-Speed-Airbreathing-Propulsion/082-900_Evidence-Status-and-Graduation-Tracking,https://github.com/AmedeoPelliccia/Q-plus-A/tree/main/01_OPTIONS_ARCHITECTURE/01-03_TECHNOLOGIES/01-03-01_Q%2BATLANTIDE/000-099_S-ATLAS/080-089_Alternative-and-Quantum-Propulsion/082_High-Speed-Airbreathing-Propulsion/082-900_Evidence-Status-and-Graduation-Tracking
000-099,S-ATLAS,080-089,Alternative and Quantum Propulsion,083,Electroaerodynamic and Ionic Propulsion,083-000,000,General Information,083-000_General-Information,01_OPTIONS_ARCHITECTURE/01-03_TECHNOLOGIES/01-03-01_Q+ATLANTIDE/000-099_S-ATLAS/080-089_Alternative-and-Quantum-Propulsion/083_Electroaerodynamic-and-Ionic-Propulsion/083-000_General-Information,https://github.com/AmedeoPelliccia/Q-plus-A/tree/main/01_OPTIONS_ARCHITECTURE/01-03_TECHNOLOGIES/01-03-01_Q%2BATLANTIDE/000-099_S-ATLAS/080-089_Alternative-and-Quantum-Propulsion/083_Electroaerodynamic-and-Ionic-Propulsion/083-000_General-Information
000-099,S-ATLAS,080-089,Alternative and Quantum Propulsion,083,Electroaerodynamic and Ionic Propulsion,083-100,100,EAD Physics and Thrust Generation,083-100_EAD-Physics-and-Thrust-Generation,01_OPTIONS_ARCHITECTURE/01-03_TECHNOLOGIES/01-03-01_Q+ATLANTIDE/000-099_S-ATLAS/080-089_Alternative-and-Quantum-Propulsion/083_Electroaerodynamic-and-Ionic-Propulsion/083-100_EAD-Physics-and-Thrust-Generation,https://github.com/AmedeoPelliccia/Q-plus-A/tree/main/01_OPTIONS_ARCHITECTURE/01-03_TECHNOLOGIES/01-03-01_Q%2BATLANTIDE/000-099_S-ATLAS/080-089_Alternative-and-Quantum-Propulsion/083_Electroaerodynamic-and-Ionic-Propulsion/083-100_EAD-Physics-and-Thrust-Generation
000-099,S-ATLAS,080-089,Alternative and Quantum Propulsion,083,Electroaerodynamic and Ionic Propulsion,083-200,200,Electrode and Emitter Architectures,083-200_Electrode-and-Emitter-Architectures,01_OPTIONS_ARCHITECTURE/01-03_TECHNOLOGIES/01-03-01_Q+ATLANTIDE/000-099_S-ATLAS/080-089_Alternative-and-Quantum-Propulsion/083_Electroaerodynamic-and-Ionic-Propulsion/083-200_Electrode-and-Emitter-Architectures,https://github.com/AmedeoPelliccia/Q-plus-A/tree/main/01_OPTIONS_ARCHITECTURE/01-03_TECHNOLOGIES/01-03-01_Q%2BATLANTIDE/000-099_S-ATLAS/080-089_Alternative-and-Quantum-Propulsion/083_Electroaerodynamic-and-Ionic-Propulsion/083-200_Electrode-and-Emitter-Architectures
000-099,S-ATLAS,080-089,Alternative and Quantum Propulsion,083,Electroaerodynamic and Ionic Propulsion,083-300,300,High Voltage Generation Interfaces,083-300_High-Voltage-Generation-Interfaces,01_OPTIONS_ARCHITECTURE/01-03_TECHNOLOGIES/01-03-01_Q+ATLANTIDE/000-099_S-ATLAS/080-089_Alternative-and-Quantum-Propulsion/083_Electroaerodynamic-and-Ionic-Propulsion/083-300_High-Voltage-Generation-Interfaces,https://github.com/AmedeoPelliccia/Q-plus-A/tree/main/01_OPTIONS_ARCHITECTURE/01-03_TECHNOLOGIES/01-03-01_Q%2BATLANTIDE/000-099_S-ATLAS/080-089_Alternative-and-Quantum-Propulsion/083_Electroaerodynamic-and-Ionic-Propulsion/083-300_High-Voltage-Generation-Interfaces
000-099,S-ATLAS,080-089,Alternative and Quantum Propulsion,083,Electroaerodynamic and Ionic Propulsion,083-400,400,Atmospheric and Environmental Effects,083-400_Atmospheric-and-Environmental-Effects,01_OPTIONS_ARCHITECTURE/01-03_TECHNOLOGIES/01-03-01_Q+ATLANTIDE/000-099_S-ATLAS/080-089_Alternative-and-Quantum-Propulsion/083_Electroaerodynamic-and-Ionic-Propulsion/083-400_Atmospheric-and-Environmental-Effects,https://github.com/AmedeoPelliccia/Q-plus-A/tree/main/01_OPTIONS_ARCHITECTURE/01-03_TECHNOLOGIES/01-03-01_Q%2BATLANTIDE/000-099_S-ATLAS/080-089_Alternative-and-Quantum-Propulsion/083_Electroaerodynamic-and-Ionic-Propulsion/083-400_Atmospheric-and-Environmental-Effects
000-099,S-ATLAS,080-089,Alternative and Quantum Propulsion,083,Electroaerodynamic and Ionic Propulsion,083-500,500,Scaling Laws and Limits,083-500_Scaling-Laws-and-Limits,01_OPTIONS_ARCHITECTURE/01-03_TECHNOLOGIES/01-03-01_Q+ATLANTIDE/000-099_S-ATLAS/080-089_Alternative-and-Quantum-Propulsion/083_Electroaerodynamic-and-Ionic-Propulsion/083-500_Scaling-Laws-and-Limits,https://github.com/AmedeoPelliccia/Q-plus-A/tree/main/01_OPTIONS_ARCHITECTURE/01-03_TECHNOLOGIES/01-03-01_Q%2BATLANTIDE/000-099_S-ATLAS/080-089_Alternative-and-Quantum-Propulsion/083_Electroaerodynamic-and-Ionic-Propulsion/083-500_Scaling-Laws-and-Limits
000-099,S-ATLAS,080-089,Alternative and Quantum Propulsion,083,Electroaerodynamic and Ionic Propulsion,083-600,600,Ozone and Emissions Considerations,083-600_Ozone-and-Emissions-Considerations,01_OPTIONS_ARCHITECTURE/01-03_TECHNOLOGIES/01-03-01_Q+ATLANTIDE/000-099_S-ATLAS/080-089_Alternative-and-Quantum-Propulsion/083_Electroaerodynamic-and-Ionic-Propulsion/083-600_Ozone-and-Emissions-Considerations,https://github.com/AmedeoPelliccia/Q-plus-A/tree/main/01_OPTIONS_ARCHITECTURE/01-03_TECHNOLOGIES/01-03-01_Q%2BATLANTIDE/000-099_S-ATLAS/080-089_Alternative-and-Quantum-Propulsion/083_Electroaerodynamic-and-Ionic-Propulsion/083-600_Ozone-and-Emissions-Considerations
000-099,S-ATLAS,080-089,Alternative and Quantum Propulsion,083,Electroaerodynamic and Ionic Propulsion,083-700,700,Control and Modulation,083-700_Control-and-Modulation,01_OPTIONS_ARCHITECTURE/01-03_TECHNOLOGIES/01-03-01_Q+ATLANTIDE/000-099_S-ATLAS/080-089_Alternative-and-Quantum-Propulsion/083_Electroaerodynamic-and-Ionic-Propulsion/083-700_Control-and-Modulation,https://github.com/AmedeoPelliccia/Q-plus-A/tree/main/01_OPTIONS_ARCHITECTURE/01-03_TECHNOLOGIES/01-03-01_Q%2BATLANTIDE/000-099_S-ATLAS/080-089_Alternative-and-Quantum-Propulsion/083_Electroaerodynamic-and-Ionic-Propulsion/083-700_Control-and-Modulation
000-099,S-ATLAS,080-089,Alternative and Quantum Propulsion,083,Electroaerodynamic and Ionic Propulsion,083-800,800,Demonstrations and Flight Evidence,083-800_Demonstrations-and-Flight-Evidence,01_OPTIONS_ARCHITECTURE/01-03_TECHNOLOGIES/01-03-01_Q+ATLANTIDE/000-099_S-ATLAS/080-089_Alternative-and-Quantum-Propulsion/083_Electroaerodynamic-and-Ionic-Propulsion/083-800_Demonstrations-and-Flight-Evidence,https://github.com/AmedeoPelliccia/Q-plus-A/tree/main/01_OPTIONS_ARCHITECTURE/01-03_TECHNOLOGIES/01-03-01_Q%2BATLANTIDE/000-099_S-ATLAS/080-089_Alternative-and-Quantum-Propulsion/083_Electroaerodynamic-and-Ionic-Propulsion/083-800_Demonstrations-and-Flight-Evidence
000-099,S-ATLAS,080-089,Alternative and Quantum Propulsion,083,Electroaerodynamic and Ionic Propulsion,083-900,900,Evidence Status and Graduation Tracking,083-900_Evidence-Status-and-Graduation-Tracking,01_OPTIONS_ARCHITECTURE/01-03_TECHNOLOGIES/01-03-01_Q+ATLANTIDE/000-099_S-ATLAS/080-089_Alternative-and-Quantum-Propulsion/083_Electroaerodynamic-and-Ionic-Propulsion/083-900_Evidence-Status-and-Graduation-Tracking,https://github.com/AmedeoPelliccia/Q-plus-A/tree/main/01_OPTIONS_ARCHITECTURE/01-03_TECHNOLOGIES/01-03-01_Q%2BATLANTIDE/000-099_S-ATLAS/080-089_Alternative-and-Quantum-Propulsion/083_Electroaerodynamic-and-Ionic-Propulsion/083-900_Evidence-Status-and-Graduation-Tracking
000-099,S-ATLAS,080-089,Alternative and Quantum Propulsion,084,Beamed and Remote Energy Propulsion,084-000,000,General Information,084-000_General-Information,01_OPTIONS_ARCHITECTURE/01-03_TECHNOLOGIES/01-03-01_Q+ATLANTIDE/000-099_S-ATLAS/080-089_Alternative-and-Quantum-Propulsion/084_Beamed-and-Remote-Energy-Propulsion/084-000_General-Information,https://github.com/AmedeoPelliccia/Q-plus-A/tree/main/01_OPTIONS_ARCHITECTURE/01-03_TECHNOLOGIES/01-03-01_Q%2BATLANTIDE/000-099_S-ATLAS/080-089_Alternative-and-Quantum-Propulsion/084_Beamed-and-Remote-Energy-Propulsion/084-000_General-Information
000-099,S-ATLAS,080-089,Alternative and Quantum Propulsion,084,Beamed and Remote Energy Propulsion,084-100,100,Laser Power Beaming Concepts,084-100_Laser-Power-Beaming-Concepts,01_OPTIONS_ARCHITECTURE/01-03_TECHNOLOGIES/01-03-01_Q+ATLANTIDE/000-099_S-ATLAS/080-089_Alternative-and-Quantum-Propulsion/084_Beamed-and-Remote-Energy-Propulsion/084-100_Laser-Power-Beaming-Concepts,https://github.com/AmedeoPelliccia/Q-plus-A/tree/main/01_OPTIONS_ARCHITECTURE/01-03_TECHNOLOGIES/01-03-01_Q%2BATLANTIDE/000-099_S-ATLAS/080-089_Alternative-and-Quantum-Propulsion/084_Beamed-and-Remote-Energy-Propulsion/084-100_Laser-Power-Beaming-Concepts
000-099,S-ATLAS,080-089,Alternative and Quantum Propulsion,084,Beamed and Remote Energy Propulsion,084-200,200,Microwave Power Beaming Concepts,084-200_Microwave-Power-Beaming-Concepts,01_OPTIONS_ARCHITECTURE/01-03_TECHNOLOGIES/01-03-01_Q+ATLANTIDE/000-099_S-ATLAS/080-089_Alternative-and-Quantum-Propulsion/084_Beamed-and-Remote-Energy-Propulsion/084-200_Microwave-Power-Beaming-Concepts,https://github.com/AmedeoPelliccia/Q-plus-A/tree/main/01_OPTIONS_ARCHITECTURE/01-03_TECHNOLOGIES/01-03-01_Q%2BATLANTIDE/000-099_S-ATLAS/080-089_Alternative-and-Quantum-Propulsion/084_Beamed-and-Remote-Energy-Propulsion/084-200_Microwave-Power-Beaming-Concepts
000-099,S-ATLAS,080-089,Alternative and Quantum Propulsion,084,Beamed and Remote Energy Propulsion,084-300,300,Onboard Reception and Conversion,084-300_Onboard-Reception-and-Conversion,01_OPTIONS_ARCHITECTURE/01-03_TECHNOLOGIES/01-03-01_Q+ATLANTIDE/000-099_S-ATLAS/080-089_Alternative-and-Quantum-Propulsion/084_Beamed-and-Remote-Energy-Propulsion/084-300_Onboard-Reception-and-Conversion,https://github.com/AmedeoPelliccia/Q-plus-A/tree/main/01_OPTIONS_ARCHITECTURE/01-03_TECHNOLOGIES/01-03-01_Q%2BATLANTIDE/000-099_S-ATLAS/080-089_Alternative-and-Quantum-Propulsion/084_Beamed-and-Remote-Energy-Propulsion/084-300_Onboard-Reception-and-Conversion
000-099,S-ATLAS,080-089,Alternative and Quantum Propulsion,084,Beamed and Remote Energy Propulsion,084-400,400,Beam Safety and Airspace Considerations,084-400_Beam-Safety-and-Airspace-Considerations,01_OPTIONS_ARCHITECTURE/01-03_TECHNOLOGIES/01-03-01_Q+ATLANTIDE/000-099_S-ATLAS/080-089_Alternative-and-Quantum-Propulsion/084_Beamed-and-Remote-Energy-Propulsion/084-400_Beam-Safety-and-Airspace-Considerations,https://github.com/AmedeoPelliccia/Q-plus-A/tree/main/01_OPTIONS_ARCHITECTURE/01-03_TECHNOLOGIES/01-03-01_Q%2BATLANTIDE/000-099_S-ATLAS/080-089_Alternative-and-Quantum-Propulsion/084_Beamed-and-Remote-Energy-Propulsion/084-400_Beam-Safety-and-Airspace-Considerations
000-099,S-ATLAS,080-089,Alternative and Quantum Propulsion,084,Beamed and Remote Energy Propulsion,084-500,500,Ground Infrastructure Interfaces,084-500_Ground-Infrastructure-Interfaces,01_OPTIONS_ARCHITECTURE/01-03_TECHNOLOGIES/01-03-01_Q+ATLANTIDE/000-099_S-ATLAS/080-089_Alternative-and-Quantum-Propulsion/084_Beamed-and-Remote-Energy-Propulsion/084-500_Ground-Infrastructure-Interfaces,https://github.com/AmedeoPelliccia/Q-plus-A/tree/main/01_OPTIONS_ARCHITECTURE/01-03_TECHNOLOGIES/01-03-01_Q%2BATLANTIDE/000-099_S-ATLAS/080-089_Alternative-and-Quantum-Propulsion/084_Beamed-and-Remote-Energy-Propulsion/084-500_Ground-Infrastructure-Interfaces
000-099,S-ATLAS,080-089,Alternative and Quantum Propulsion,084,Beamed and Remote Energy Propulsion,084-600,600,Pointing Tracking and Link Management,084-600_Pointing-Tracking-and-Link-Management,01_OPTIONS_ARCHITECTURE/01-03_TECHNOLOGIES/01-03-01_Q+ATLANTIDE/000-099_S-ATLAS/080-089_Alternative-and-Quantum-Propulsion/084_Beamed-and-Remote-Energy-Propulsion/084-600_Pointing-Tracking-and-Link-Management,https://github.com/AmedeoPelliccia/Q-plus-A/tree/main/01_OPTIONS_ARCHITECTURE/01-03_TECHNOLOGIES/01-03-01_Q%2BATLANTIDE/000-099_S-ATLAS/080-089_Alternative-and-Quantum-Propulsion/084_Beamed-and-Remote-Energy-Propulsion/084-600_Pointing-Tracking-and-Link-Management
000-099,S-ATLAS,080-089,Alternative and Quantum Propulsion,084,Beamed and Remote Energy Propulsion,084-700,700,Atmospheric Propagation Effects,084-700_Atmospheric-Propagation-Effects,01_OPTIONS_ARCHITECTURE/01-03_TECHNOLOGIES/01-03-01_Q+ATLANTIDE/000-099_S-ATLAS/080-089_Alternative-and-Quantum-Propulsion/084_Beamed-and-Remote-Energy-Propulsion/084-700_Atmospheric-Propagation-Effects,https://github.com/AmedeoPelliccia/Q-plus-A/tree/main/01_OPTIONS_ARCHITECTURE/01-03_TECHNOLOGIES/01-03-01_Q%2BATLANTIDE/000-099_S-ATLAS/080-089_Alternative-and-Quantum-Propulsion/084_Beamed-and-Remote-Energy-Propulsion/084-700_Atmospheric-Propagation-Effects
000-099,S-ATLAS,080-089,Alternative and Quantum Propulsion,084,Beamed and Remote Energy Propulsion,084-800,800,Demonstrations and Evidence,084-800_Demonstrations-and-Evidence,01_OPTIONS_ARCHITECTURE/01-03_TECHNOLOGIES/01-03-01_Q+ATLANTIDE/000-099_S-ATLAS/080-089_Alternative-and-Quantum-Propulsion/084_Beamed-and-Remote-Energy-Propulsion/084-800_Demonstrations-and-Evidence,https://github.com/AmedeoPelliccia/Q-plus-A/tree/main/01_OPTIONS_ARCHITECTURE/01-03_TECHNOLOGIES/01-03-01_Q%2BATLANTIDE/000-099_S-ATLAS/080-089_Alternative-and-Quantum-Propulsion/084_Beamed-and-Remote-Energy-Propulsion/084-800_Demonstrations-and-Evidence
000-099,S-ATLAS,080-089,Alternative and Quantum Propulsion,084,Beamed and Remote Energy Propulsion,084-900,900,Evidence Status and Graduation Tracking,084-900_Evidence-Status-and-Graduation-Tracking,01_OPTIONS_ARCHITECTURE/01-03_TECHNOLOGIES/01-03-01_Q+ATLANTIDE/000-099_S-ATLAS/080-089_Alternative-and-Quantum-Propulsion/084_Beamed-and-Remote-Energy-Propulsion/084-900_Evidence-Status-and-Graduation-Tracking,https://github.com/AmedeoPelliccia/Q-plus-A/tree/main/01_OPTIONS_ARCHITECTURE/01-03_TECHNOLOGIES/01-03-01_Q%2BATLANTIDE/000-099_S-ATLAS/080-089_Alternative-and-Quantum-Propulsion/084_Beamed-and-Remote-Energy-Propulsion/084-900_Evidence-Status-and-Graduation-Tracking
000-099,S-ATLAS,080-089,Alternative and Quantum Propulsion,085,Superconducting and Cryo Electric Propulsion,085-000,000,General Information,085-000_General-Information,01_OPTIONS_ARCHITECTURE/01-03_TECHNOLOGIES/01-03-01_Q+ATLANTIDE/000-099_S-ATLAS/080-089_Alternative-and-Quantum-Propulsion/085_Superconducting-and-Cryo-Electric-Propulsion/085-000_General-Information,https://github.com/AmedeoPelliccia/Q-plus-A/tree/main/01_OPTIONS_ARCHITECTURE/01-03_TECHNOLOGIES/01-03-01_Q%2BATLANTIDE/000-099_S-ATLAS/080-089_Alternative-and-Quantum-Propulsion/085_Superconducting-and-Cryo-Electric-Propulsion/085-000_General-Information
000-099,S-ATLAS,080-089,Alternative and Quantum Propulsion,085,Superconducting and Cryo Electric Propulsion,085-100,100,Superconducting Machine Concepts,085-100_Superconducting-Machine-Concepts,01_OPTIONS_ARCHITECTURE/01-03_TECHNOLOGIES/01-03-01_Q+ATLANTIDE/000-099_S-ATLAS/080-089_Alternative-and-Quantum-Propulsion/085_Superconducting-and-Cryo-Electric-Propulsion/085-100_Superconducting-Machine-Concepts,https://github.com/AmedeoPelliccia/Q-plus-A/tree/main/01_OPTIONS_ARCHITECTURE/01-03_TECHNOLOGIES/01-03-01_Q%2BATLANTIDE/000-099_S-ATLAS/080-089_Alternative-and-Quantum-Propulsion/085_Superconducting-and-Cryo-Electric-Propulsion/085-100_Superconducting-Machine-Concepts
000-099,S-ATLAS,080-089,Alternative and Quantum Propulsion,085,Superconducting and Cryo Electric Propulsion,085-200,200,Cryogenic Power Transmission,085-200_Cryogenic-Power-Transmission,01_OPTIONS_ARCHITECTURE/01-03_TECHNOLOGIES/01-03-01_Q+ATLANTIDE/000-099_S-ATLAS/080-089_Alternative-and-Quantum-Propulsion/085_Superconducting-and-Cryo-Electric-Propulsion/085-200_Cryogenic-Power-Transmission,https://github.com/AmedeoPelliccia/Q-plus-A/tree/main/01_OPTIONS_ARCHITECTURE/01-03_TECHNOLOGIES/01-03-01_Q%2BATLANTIDE/000-099_S-ATLAS/080-089_Alternative-and-Quantum-Propulsion/085_Superconducting-and-Cryo-Electric-Propulsion/085-200_Cryogenic-Power-Transmission
000-099,S-ATLAS,080-089,Alternative and Quantum Propulsion,085,Superconducting and Cryo Electric Propulsion,085-300,300,Cryocooler and Thermal Architecture,085-300_Cryocooler-and-Thermal-Architecture,01_OPTIONS_ARCHITECTURE/01-03_TECHNOLOGIES/01-03-01_Q+ATLANTIDE/000-099_S-ATLAS/080-089_Alternative-and-Quantum-Propulsion/085_Superconducting-and-Cryo-Electric-Propulsion/085-300_Cryocooler-and-Thermal-Architecture,https://github.com/AmedeoPelliccia/Q-plus-A/tree/main/01_OPTIONS_ARCHITECTURE/01-03_TECHNOLOGIES/01-03-01_Q%2BATLANTIDE/000-099_S-ATLAS/080-089_Alternative-and-Quantum-Propulsion/085_Superconducting-and-Cryo-Electric-Propulsion/085-300_Cryocooler-and-Thermal-Architecture
000-099,S-ATLAS,080-089,Alternative and Quantum Propulsion,085,Superconducting and Cryo Electric Propulsion,085-400,400,Quench Detection and Protection,085-400_Quench-Detection-and-Protection,01_OPTIONS_ARCHITECTURE/01-03_TECHNOLOGIES/01-03-01_Q+ATLANTIDE/000-099_S-ATLAS/080-089_Alternative-and-Quantum-Propulsion/085_Superconducting-and-Cryo-Electric-Propulsion/085-400_Quench-Detection-and-Protection,https://github.com/AmedeoPelliccia/Q-plus-A/tree/main/01_OPTIONS_ARCHITECTURE/01-03_TECHNOLOGIES/01-03-01_Q%2BATLANTIDE/000-099_S-ATLAS/080-089_Alternative-and-Quantum-Propulsion/085_Superconducting-and-Cryo-Electric-Propulsion/085-400_Quench-Detection-and-Protection
000-099,S-ATLAS,080-089,Alternative and Quantum Propulsion,085,Superconducting and Cryo Electric Propulsion,085-500,500,HTS Materials and Conductors,085-500_HTS-Materials-and-Conductors,01_OPTIONS_ARCHITECTURE/01-03_TECHNOLOGIES/01-03-01_Q+ATLANTIDE/000-099_S-ATLAS/080-089_Alternative-and-Quantum-Propulsion/085_Superconducting-and-Cryo-Electric-Propulsion/085-500_HTS-Materials-and-Conductors,https://github.com/AmedeoPelliccia/Q-plus-A/tree/main/01_OPTIONS_ARCHITECTURE/01-03_TECHNOLOGIES/01-03-01_Q%2BATLANTIDE/000-099_S-ATLAS/080-089_Alternative-and-Quantum-Propulsion/085_Superconducting-and-Cryo-Electric-Propulsion/085-500_HTS-Materials-and-Conductors
000-099,S-ATLAS,080-089,Alternative and Quantum Propulsion,085,Superconducting and Cryo Electric Propulsion,085-600,600,Weight and Efficiency Scaling,085-600_Weight-and-Efficiency-Scaling,01_OPTIONS_ARCHITECTURE/01-03_TECHNOLOGIES/01-03-01_Q+ATLANTIDE/000-099_S-ATLAS/080-089_Alternative-and-Quantum-Propulsion/085_Superconducting-and-Cryo-Electric-Propulsion/085-600_Weight-and-Efficiency-Scaling,https://github.com/AmedeoPelliccia/Q-plus-A/tree/main/01_OPTIONS_ARCHITECTURE/01-03_TECHNOLOGIES/01-03-01_Q%2BATLANTIDE/000-099_S-ATLAS/080-089_Alternative-and-Quantum-Propulsion/085_Superconducting-and-Cryo-Electric-Propulsion/085-600_Weight-and-Efficiency-Scaling
000-099,S-ATLAS,080-089,Alternative and Quantum Propulsion,085,Superconducting and Cryo Electric Propulsion,085-700,700,Integration with Hydrogen Systems,085-700_Integration-with-Hydrogen-Systems,01_OPTIONS_ARCHITECTURE/01-03_TECHNOLOGIES/01-03-01_Q+ATLANTIDE/000-099_S-ATLAS/080-089_Alternative-and-Quantum-Propulsion/085_Superconducting-and-Cryo-Electric-Propulsion/085-700_Integration-with-Hydrogen-Systems,https://github.com/AmedeoPelliccia/Q-plus-A/tree/main/01_OPTIONS_ARCHITECTURE/01-03_TECHNOLOGIES/01-03-01_Q%2BATLANTIDE/000-099_S-ATLAS/080-089_Alternative-and-Quantum-Propulsion/085_Superconducting-and-Cryo-Electric-Propulsion/085-700_Integration-with-Hydrogen-Systems
000-099,S-ATLAS,080-089,Alternative and Quantum Propulsion,085,Superconducting and Cryo Electric Propulsion,085-800,800,Demonstrators and Evidence,085-800_Demonstrators-and-Evidence,01_OPTIONS_ARCHITECTURE/01-03_TECHNOLOGIES/01-03-01_Q+ATLANTIDE/000-099_S-ATLAS/080-089_Alternative-and-Quantum-Propulsion/085_Superconducting-and-Cryo-Electric-Propulsion/085-800_Demonstrators-and-Evidence,https://github.com/AmedeoPelliccia/Q-plus-A/tree/main/01_OPTIONS_ARCHITECTURE/01-03_TECHNOLOGIES/01-03-01_Q%2BATLANTIDE/000-099_S-ATLAS/080-089_Alternative-and-Quantum-Propulsion/085_Superconducting-and-Cryo-Electric-Propulsion/085-800_Demonstrators-and-Evidence
000-099,S-ATLAS,080-089,Alternative and Quantum Propulsion,085,Superconducting and Cryo Electric Propulsion,085-900,900,Evidence Status and Graduation Tracking,085-900_Evidence-Status-and-Graduation-Tracking,01_OPTIONS_ARCHITECTURE/01-03_TECHNOLOGIES/01-03-01_Q+ATLANTIDE/000-099_S-ATLAS/080-089_Alternative-and-Quantum-Propulsion/085_Superconducting-and-Cryo-Electric-Propulsion/085-900_Evidence-Status-and-Graduation-Tracking,https://github.com/AmedeoPelliccia/Q-plus-A/tree/main/01_OPTIONS_ARCHITECTURE/01-03_TECHNOLOGIES/01-03-01_Q%2BATLANTIDE/000-099_S-ATLAS/080-089_Alternative-and-Quantum-Propulsion/085_Superconducting-and-Cryo-Electric-Propulsion/085-900_Evidence-Status-and-Graduation-Tracking
000-099,S-ATLAS,080-089,Alternative and Quantum Propulsion,086,Quantum Enabled Propulsion Analysis and Design,086-000,000,General Information,086-000_General-Information,01_OPTIONS_ARCHITECTURE/01-03_TECHNOLOGIES/01-03-01_Q+ATLANTIDE/000-099_S-ATLAS/080-089_Alternative-and-Quantum-Propulsion/086_Quantum-Enabled-Propulsion-Analysis-and-Design/086-000_General-Information,https://github.com/AmedeoPelliccia/Q-plus-A/tree/main/01_OPTIONS_ARCHITECTURE/01-03_TECHNOLOGIES/01-03-01_Q%2BATLANTIDE/000-099_S-ATLAS/080-089_Alternative-and-Quantum-Propulsion/086_Quantum-Enabled-Propulsion-Analysis-and-Design/086-000_General-Information
000-099,S-ATLAS,080-089,Alternative and Quantum Propulsion,086,Quantum Enabled Propulsion Analysis and Design,086-100,100,Quantum Chemistry for Combustion and Carriers,086-100_Quantum-Chemistry-for-Combustion-and-Carriers,01_OPTIONS_ARCHITECTURE/01-03_TECHNOLOGIES/01-03-01_Q+ATLANTIDE/000-099_S-ATLAS/080-089_Alternative-and-Quantum-Propulsion/086_Quantum-Enabled-Propulsion-Analysis-and-Design/086-100_Quantum-Chemistry-for-Combustion-and-Carriers,https://github.com/AmedeoPelliccia/Q-plus-A/tree/main/01_OPTIONS_ARCHITECTURE/01-03_TECHNOLOGIES/01-03-01_Q%2BATLANTIDE/000-099_S-ATLAS/080-089_Alternative-and-Quantum-Propulsion/086_Quantum-Enabled-Propulsion-Analysis-and-Design/086-100_Quantum-Chemistry-for-Combustion-and-Carriers
000-099,S-ATLAS,080-089,Alternative and Quantum Propulsion,086,Quantum Enabled Propulsion Analysis and Design,086-200,200,Quantum Approaches to Flow Simulation,086-200_Quantum-Approaches-to-Flow-Simulation,01_OPTIONS_ARCHITECTURE/01-03_TECHNOLOGIES/01-03-01_Q+ATLANTIDE/000-099_S-ATLAS/080-089_Alternative-and-Quantum-Propulsion/086_Quantum-Enabled-Propulsion-Analysis-and-Design/086-200_Quantum-Approaches-to-Flow-Simulation,https://github.com/AmedeoPelliccia/Q-plus-A/tree/main/01_OPTIONS_ARCHITECTURE/01-03_TECHNOLOGIES/01-03-01_Q%2BATLANTIDE/000-099_S-ATLAS/080-089_Alternative-and-Quantum-Propulsion/086_Quantum-Enabled-Propulsion-Analysis-and-Design/086-200_Quantum-Approaches-to-Flow-Simulation
000-099,S-ATLAS,080-089,Alternative and Quantum Propulsion,086,Quantum Enabled Propulsion Analysis and Design,086-300,300,Materials Discovery Support,086-300_Materials-Discovery-Support,01_OPTIONS_ARCHITECTURE/01-03_TECHNOLOGIES/01-03-01_Q+ATLANTIDE/000-099_S-ATLAS/080-089_Alternative-and-Quantum-Propulsion/086_Quantum-Enabled-Propulsion-Analysis-and-Design/086-300_Materials-Discovery-Support,https://github.com/AmedeoPelliccia/Q-plus-A/tree/main/01_OPTIONS_ARCHITECTURE/01-03_TECHNOLOGIES/01-03-01_Q%2BATLANTIDE/000-099_S-ATLAS/080-089_Alternative-and-Quantum-Propulsion/086_Quantum-Enabled-Propulsion-Analysis-and-Design/086-300_Materials-Discovery-Support
000-099,S-ATLAS,080-089,Alternative and Quantum Propulsion,086,Quantum Enabled Propulsion Analysis and Design,086-400,400,Optimization of Propulsion Architectures,086-400_Optimization-of-Propulsion-Architectures,01_OPTIONS_ARCHITECTURE/01-03_TECHNOLOGIES/01-03-01_Q+ATLANTIDE/000-099_S-ATLAS/080-089_Alternative-and-Quantum-Propulsion/086_Quantum-Enabled-Propulsion-Analysis-and-Design/086-400_Optimization-of-Propulsion-Architectures,https://github.com/AmedeoPelliccia/Q-plus-A/tree/main/01_OPTIONS_ARCHITECTURE/01-03_TECHNOLOGIES/01-03-01_Q%2BATLANTIDE/000-099_S-ATLAS/080-089_Alternative-and-Quantum-Propulsion/086_Quantum-Enabled-Propulsion-Analysis-and-Design/086-400_Optimization-of-Propulsion-Architectures
000-099,S-ATLAS,080-089,Alternative and Quantum Propulsion,086,Quantum Enabled Propulsion Analysis and Design,086-500,500,Hybrid Classical Quantum Workflows,086-500_Hybrid-Classical-Quantum-Workflows,01_OPTIONS_ARCHITECTURE/01-03_TECHNOLOGIES/01-03-01_Q+ATLANTIDE/000-099_S-ATLAS/080-089_Alternative-and-Quantum-Propulsion/086_Quantum-Enabled-Propulsion-Analysis-and-Design/086-500_Hybrid-Classical-Quantum-Workflows,https://github.com/AmedeoPelliccia/Q-plus-A/tree/main/01_OPTIONS_ARCHITECTURE/01-03_TECHNOLOGIES/01-03-01_Q%2BATLANTIDE/000-099_S-ATLAS/080-089_Alternative-and-Quantum-Propulsion/086_Quantum-Enabled-Propulsion-Analysis-and-Design/086-500_Hybrid-Classical-Quantum-Workflows
000-099,S-ATLAS,080-089,Alternative and Quantum Propulsion,086,Quantum Enabled Propulsion Analysis and Design,086-600,600,Verification and Trust of Quantum Results,086-600_Verification-and-Trust-of-Quantum-Results,01_OPTIONS_ARCHITECTURE/01-03_TECHNOLOGIES/01-03-01_Q+ATLANTIDE/000-099_S-ATLAS/080-089_Alternative-and-Quantum-Propulsion/086_Quantum-Enabled-Propulsion-Analysis-and-Design/086-600_Verification-and-Trust-of-Quantum-Results,https://github.com/AmedeoPelliccia/Q-plus-A/tree/main/01_OPTIONS_ARCHITECTURE/01-03_TECHNOLOGIES/01-03-01_Q%2BATLANTIDE/000-099_S-ATLAS/080-089_Alternative-and-Quantum-Propulsion/086_Quantum-Enabled-Propulsion-Analysis-and-Design/086-600_Verification-and-Trust-of-Quantum-Results
000-099,S-ATLAS,080-089,Alternative and Quantum Propulsion,086,Quantum Enabled Propulsion Analysis and Design,086-700,700,Toolchain and Access Models,086-700_Toolchain-and-Access-Models,01_OPTIONS_ARCHITECTURE/01-03_TECHNOLOGIES/01-03-01_Q+ATLANTIDE/000-099_S-ATLAS/080-089_Alternative-and-Quantum-Propulsion/086_Quantum-Enabled-Propulsion-Analysis-and-Design/086-700_Toolchain-and-Access-Models,https://github.com/AmedeoPelliccia/Q-plus-A/tree/main/01_OPTIONS_ARCHITECTURE/01-03_TECHNOLOGIES/01-03-01_Q%2BATLANTIDE/000-099_S-ATLAS/080-089_Alternative-and-Quantum-Propulsion/086_Quantum-Enabled-Propulsion-Analysis-and-Design/086-700_Toolchain-and-Access-Models
000-099,S-ATLAS,080-089,Alternative and Quantum Propulsion,086,Quantum Enabled Propulsion Analysis and Design,086-800,800,Case Studies and Benchmarks,086-800_Case-Studies-and-Benchmarks,01_OPTIONS_ARCHITECTURE/01-03_TECHNOLOGIES/01-03-01_Q+ATLANTIDE/000-099_S-ATLAS/080-089_Alternative-and-Quantum-Propulsion/086_Quantum-Enabled-Propulsion-Analysis-and-Design/086-800_Case-Studies-and-Benchmarks,https://github.com/AmedeoPelliccia/Q-plus-A/tree/main/01_OPTIONS_ARCHITECTURE/01-03_TECHNOLOGIES/01-03-01_Q%2BATLANTIDE/000-099_S-ATLAS/080-089_Alternative-and-Quantum-Propulsion/086_Quantum-Enabled-Propulsion-Analysis-and-Design/086-800_Case-Studies-and-Benchmarks
000-099,S-ATLAS,080-089,Alternative and Quantum Propulsion,086,Quantum Enabled Propulsion Analysis and Design,086-900,900,Evidence Status and Utility Assessment,086-900_Evidence-Status-and-Utility-Assessment,01_OPTIONS_ARCHITECTURE/01-03_TECHNOLOGIES/01-03-01_Q+ATLANTIDE/000-099_S-ATLAS/080-089_Alternative-and-Quantum-Propulsion/086_Quantum-Enabled-Propulsion-Analysis-and-Design/086-900_Evidence-Status-and-Utility-Assessment,https://github.com/AmedeoPelliccia/Q-plus-A/tree/main/01_OPTIONS_ARCHITECTURE/01-03_TECHNOLOGIES/01-03-01_Q%2BATLANTIDE/000-099_S-ATLAS/080-089_Alternative-and-Quantum-Propulsion/086_Quantum-Enabled-Propulsion-Analysis-and-Design/086-900_Evidence-Status-and-Utility-Assessment
000-099,S-ATLAS,080-089,Alternative and Quantum Propulsion,087,Quantum Sensing and Control for Propulsion,087-000,000,General Information,087-000_General-Information,01_OPTIONS_ARCHITECTURE/01-03_TECHNOLOGIES/01-03-01_Q+ATLANTIDE/000-099_S-ATLAS/080-089_Alternative-and-Quantum-Propulsion/087_Quantum-Sensing-and-Control-for-Propulsion/087-000_General-Information,https://github.com/AmedeoPelliccia/Q-plus-A/tree/main/01_OPTIONS_ARCHITECTURE/01-03_TECHNOLOGIES/01-03-01_Q%2BATLANTIDE/000-099_S-ATLAS/080-089_Alternative-and-Quantum-Propulsion/087_Quantum-Sensing-and-Control-for-Propulsion/087-000_General-Information
000-099,S-ATLAS,080-089,Alternative and Quantum Propulsion,087,Quantum Sensing and Control for Propulsion,087-100,100,Quantum Inertial and Timing for Propulsion Control,087-100_Quantum-Inertial-and-Timing-for-Propulsion-Control,01_OPTIONS_ARCHITECTURE/01-03_TECHNOLOGIES/01-03-01_Q+ATLANTIDE/000-099_S-ATLAS/080-089_Alternative-and-Quantum-Propulsion/087_Quantum-Sensing-and-Control-for-Propulsion/087-100_Quantum-Inertial-and-Timing-for-Propulsion-Control,https://github.com/AmedeoPelliccia/Q-plus-A/tree/main/01_OPTIONS_ARCHITECTURE/01-03_TECHNOLOGIES/01-03-01_Q%2BATLANTIDE/000-099_S-ATLAS/080-089_Alternative-and-Quantum-Propulsion/087_Quantum-Sensing-and-Control-for-Propulsion/087-100_Quantum-Inertial-and-Timing-for-Propulsion-Control
000-099,S-ATLAS,080-089,Alternative and Quantum Propulsion,087,Quantum Sensing and Control for Propulsion,087-200,200,Quantum Magnetometry Applications,087-200_Quantum-Magnetometry-Applications,01_OPTIONS_ARCHITECTURE/01-03_TECHNOLOGIES/01-03-01_Q+ATLANTIDE/000-099_S-ATLAS/080-089_Alternative-and-Quantum-Propulsion/087_Quantum-Sensing-and-Control-for-Propulsion/087-200_Quantum-Magnetometry-Applications,https://github.com/AmedeoPelliccia/Q-plus-A/tree/main/01_OPTIONS_ARCHITECTURE/01-03_TECHNOLOGIES/01-03-01_Q%2BATLANTIDE/000-099_S-ATLAS/080-089_Alternative-and-Quantum-Propulsion/087_Quantum-Sensing-and-Control-for-Propulsion/087-200_Quantum-Magnetometry-Applications
000-099,S-ATLAS,080-089,Alternative and Quantum Propulsion,087,Quantum Sensing and Control for Propulsion,087-300,300,Quantum Enhanced Combustion Diagnostics,087-300_Quantum-Enhanced-Combustion-Diagnostics,01_OPTIONS_ARCHITECTURE/01-03_TECHNOLOGIES/01-03-01_Q+ATLANTIDE/000-099_S-ATLAS/080-089_Alternative-and-Quantum-Propulsion/087_Quantum-Sensing-and-Control-for-Propulsion/087-300_Quantum-Enhanced-Combustion-Diagnostics,https://github.com/AmedeoPelliccia/Q-plus-A/tree/main/01_OPTIONS_ARCHITECTURE/01-03_TECHNOLOGIES/01-03-01_Q%2BATLANTIDE/000-099_S-ATLAS/080-089_Alternative-and-Quantum-Propulsion/087_Quantum-Sensing-and-Control-for-Propulsion/087-300_Quantum-Enhanced-Combustion-Diagnostics
000-099,S-ATLAS,080-089,Alternative and Quantum Propulsion,087,Quantum Sensing and Control for Propulsion,087-400,400,Cryogenic Co Location Synergies,087-400_Cryogenic-Co-Location-Synergies,01_OPTIONS_ARCHITECTURE/01-03_TECHNOLOGIES/01-03-01_Q+ATLANTIDE/000-099_S-ATLAS/080-089_Alternative-and-Quantum-Propulsion/087_Quantum-Sensing-and-Control-for-Propulsion/087-400_Cryogenic-Co-Location-Synergies,https://github.com/AmedeoPelliccia/Q-plus-A/tree/main/01_OPTIONS_ARCHITECTURE/01-03_TECHNOLOGIES/01-03-01_Q%2BATLANTIDE/000-099_S-ATLAS/080-089_Alternative-and-Quantum-Propulsion/087_Quantum-Sensing-and-Control-for-Propulsion/087-400_Cryogenic-Co-Location-Synergies
000-099,S-ATLAS,080-089,Alternative and Quantum Propulsion,087,Quantum Sensing and Control for Propulsion,087-500,500,Integration with Control Systems,087-500_Integration-with-Control-Systems,01_OPTIONS_ARCHITECTURE/01-03_TECHNOLOGIES/01-03-01_Q+ATLANTIDE/000-099_S-ATLAS/080-089_Alternative-and-Quantum-Propulsion/087_Quantum-Sensing-and-Control-for-Propulsion/087-500_Integration-with-Control-Systems,https://github.com/AmedeoPelliccia/Q-plus-A/tree/main/01_OPTIONS_ARCHITECTURE/01-03_TECHNOLOGIES/01-03-01_Q%2BATLANTIDE/000-099_S-ATLAS/080-089_Alternative-and-Quantum-Propulsion/087_Quantum-Sensing-and-Control-for-Propulsion/087-500_Integration-with-Control-Systems
000-099,S-ATLAS,080-089,Alternative and Quantum Propulsion,087,Quantum Sensing and Control for Propulsion,087-600,600,Environmental Robustness,087-600_Environmental-Robustness,01_OPTIONS_ARCHITECTURE/01-03_TECHNOLOGIES/01-03-01_Q+ATLANTIDE/000-099_S-ATLAS/080-089_Alternative-and-Quantum-Propulsion/087_Quantum-Sensing-and-Control-for-Propulsion/087-600_Environmental-Robustness,https://github.com/AmedeoPelliccia/Q-plus-A/tree/main/01_OPTIONS_ARCHITECTURE/01-03_TECHNOLOGIES/01-03-01_Q%2BATLANTIDE/000-099_S-ATLAS/080-089_Alternative-and-Quantum-Propulsion/087_Quantum-Sensing-and-Control-for-Propulsion/087-600_Environmental-Robustness
000-099,S-ATLAS,080-089,Alternative and Quantum Propulsion,087,Quantum Sensing and Control for Propulsion,087-700,700,Certification Considerations for Quantum Sensors,087-700_Certification-Considerations-for-Quantum-Sensors,01_OPTIONS_ARCHITECTURE/01-03_TECHNOLOGIES/01-03-01_Q+ATLANTIDE/000-099_S-ATLAS/080-089_Alternative-and-Quantum-Propulsion/087_Quantum-Sensing-and-Control-for-Propulsion/087-700_Certification-Considerations-for-Quantum-Sensors,https://github.com/AmedeoPelliccia/Q-plus-A/tree/main/01_OPTIONS_ARCHITECTURE/01-03_TECHNOLOGIES/01-03-01_Q%2BATLANTIDE/000-099_S-ATLAS/080-089_Alternative-and-Quantum-Propulsion/087_Quantum-Sensing-and-Control-for-Propulsion/087-700_Certification-Considerations-for-Quantum-Sensors
000-099,S-ATLAS,080-089,Alternative and Quantum Propulsion,087,Quantum Sensing and Control for Propulsion,087-800,800,Demonstrations and Evidence,087-800_Demonstrations-and-Evidence,01_OPTIONS_ARCHITECTURE/01-03_TECHNOLOGIES/01-03-01_Q+ATLANTIDE/000-099_S-ATLAS/080-089_Alternative-and-Quantum-Propulsion/087_Quantum-Sensing-and-Control-for-Propulsion/087-800_Demonstrations-and-Evidence,https://github.com/AmedeoPelliccia/Q-plus-A/tree/main/01_OPTIONS_ARCHITECTURE/01-03_TECHNOLOGIES/01-03-01_Q%2BATLANTIDE/000-099_S-ATLAS/080-089_Alternative-and-Quantum-Propulsion/087_Quantum-Sensing-and-Control-for-Propulsion/087-800_Demonstrations-and-Evidence
000-099,S-ATLAS,080-089,Alternative and Quantum Propulsion,087,Quantum Sensing and Control for Propulsion,087-900,900,Evidence Status and Utility Assessment,087-900_Evidence-Status-and-Utility-Assessment,01_OPTIONS_ARCHITECTURE/01-03_TECHNOLOGIES/01-03-01_Q+ATLANTIDE/000-099_S-ATLAS/080-089_Alternative-and-Quantum-Propulsion/087_Quantum-Sensing-and-Control-for-Propulsion/087-900_Evidence-Status-and-Utility-Assessment,https://github.com/AmedeoPelliccia/Q-plus-A/tree/main/01_OPTIONS_ARCHITECTURE/01-03_TECHNOLOGIES/01-03-01_Q%2BATLANTIDE/000-099_S-ATLAS/080-089_Alternative-and-Quantum-Propulsion/087_Quantum-Sensing-and-Control-for-Propulsion/087-900_Evidence-Status-and-Utility-Assessment
000-099,S-ATLAS,080-089,Alternative and Quantum Propulsion,088,Quantum Propulsion Hypotheses,088-000,000,General Information,088-000_General-Information,01_OPTIONS_ARCHITECTURE/01-03_TECHNOLOGIES/01-03-01_Q+ATLANTIDE/000-099_S-ATLAS/080-089_Alternative-and-Quantum-Propulsion/088_Quantum-Propulsion-Hypotheses/088-000_General-Information,https://github.com/AmedeoPelliccia/Q-plus-A/tree/main/01_OPTIONS_ARCHITECTURE/01-03_TECHNOLOGIES/01-03-01_Q%2BATLANTIDE/000-099_S-ATLAS/080-089_Alternative-and-Quantum-Propulsion/088_Quantum-Propulsion-Hypotheses/088-000_General-Information
000-099,S-ATLAS,080-089,Alternative and Quantum Propulsion,088,Quantum Propulsion Hypotheses,088-100,100,Hypothesis Classes and Taxonomy,088-100_Hypothesis-Classes-and-Taxonomy,01_OPTIONS_ARCHITECTURE/01-03_TECHNOLOGIES/01-03-01_Q+ATLANTIDE/000-099_S-ATLAS/080-089_Alternative-and-Quantum-Propulsion/088_Quantum-Propulsion-Hypotheses/088-100_Hypothesis-Classes-and-Taxonomy,https://github.com/AmedeoPelliccia/Q-plus-A/tree/main/01_OPTIONS_ARCHITECTURE/01-03_TECHNOLOGIES/01-03-01_Q%2BATLANTIDE/000-099_S-ATLAS/080-089_Alternative-and-Quantum-Propulsion/088_Quantum-Propulsion-Hypotheses/088-100_Hypothesis-Classes-and-Taxonomy
000-099,S-ATLAS,080-089,Alternative and Quantum Propulsion,088,Quantum Propulsion Hypotheses,088-200,200,Physical Consistency Requirements,088-200_Physical-Consistency-Requirements,01_OPTIONS_ARCHITECTURE/01-03_TECHNOLOGIES/01-03-01_Q+ATLANTIDE/000-099_S-ATLAS/080-089_Alternative-and-Quantum-Propulsion/088_Quantum-Propulsion-Hypotheses/088-200_Physical-Consistency-Requirements,https://github.com/AmedeoPelliccia/Q-plus-A/tree/main/01_OPTIONS_ARCHITECTURE/01-03_TECHNOLOGIES/01-03-01_Q%2BATLANTIDE/000-099_S-ATLAS/080-089_Alternative-and-Quantum-Propulsion/088_Quantum-Propulsion-Hypotheses/088-200_Physical-Consistency-Requirements
000-099,S-ATLAS,080-089,Alternative and Quantum Propulsion,088,Quantum Propulsion Hypotheses,088-300,300,Falsifiability and Test Criteria,088-300_Falsifiability-and-Test-Criteria,01_OPTIONS_ARCHITECTURE/01-03_TECHNOLOGIES/01-03-01_Q+ATLANTIDE/000-099_S-ATLAS/080-089_Alternative-and-Quantum-Propulsion/088_Quantum-Propulsion-Hypotheses/088-300_Falsifiability-and-Test-Criteria,https://github.com/AmedeoPelliccia/Q-plus-A/tree/main/01_OPTIONS_ARCHITECTURE/01-03_TECHNOLOGIES/01-03-01_Q%2BATLANTIDE/000-099_S-ATLAS/080-089_Alternative-and-Quantum-Propulsion/088_Quantum-Propulsion-Hypotheses/088-300_Falsifiability-and-Test-Criteria
000-099,S-ATLAS,080-089,Alternative and Quantum Propulsion,088,Quantum Propulsion Hypotheses,088-400,400,Known Claims Review Discipline,088-400_Known-Claims-Review-Discipline,01_OPTIONS_ARCHITECTURE/01-03_TECHNOLOGIES/01-03-01_Q+ATLANTIDE/000-099_S-ATLAS/080-089_Alternative-and-Quantum-Propulsion/088_Quantum-Propulsion-Hypotheses/088-400_Known-Claims-Review-Discipline,https://github.com/AmedeoPelliccia/Q-plus-A/tree/main/01_OPTIONS_ARCHITECTURE/01-03_TECHNOLOGIES/01-03-01_Q%2BATLANTIDE/000-099_S-ATLAS/080-089_Alternative-and-Quantum-Propulsion/088_Quantum-Propulsion-Hypotheses/088-400_Known-Claims-Review-Discipline
000-099,S-ATLAS,080-089,Alternative and Quantum Propulsion,088,Quantum Propulsion Hypotheses,088-500,500,Energy and Momentum Accounting Requirements,088-500_Energy-and-Momentum-Accounting-Requirements,01_OPTIONS_ARCHITECTURE/01-03_TECHNOLOGIES/01-03-01_Q+ATLANTIDE/000-099_S-ATLAS/080-089_Alternative-and-Quantum-Propulsion/088_Quantum-Propulsion-Hypotheses/088-500_Energy-and-Momentum-Accounting-Requirements,https://github.com/AmedeoPelliccia/Q-plus-A/tree/main/01_OPTIONS_ARCHITECTURE/01-03_TECHNOLOGIES/01-03-01_Q%2BATLANTIDE/000-099_S-ATLAS/080-089_Alternative-and-Quantum-Propulsion/088_Quantum-Propulsion-Hypotheses/088-500_Energy-and-Momentum-Accounting-Requirements
000-099,S-ATLAS,080-089,Alternative and Quantum Propulsion,088,Quantum Propulsion Hypotheses,088-600,600,Prohibited Claims and Guardrails,088-600_Prohibited-Claims-and-Guardrails,01_OPTIONS_ARCHITECTURE/01-03_TECHNOLOGIES/01-03-01_Q+ATLANTIDE/000-099_S-ATLAS/080-089_Alternative-and-Quantum-Propulsion/088_Quantum-Propulsion-Hypotheses/088-600_Prohibited-Claims-and-Guardrails,https://github.com/AmedeoPelliccia/Q-plus-A/tree/main/01_OPTIONS_ARCHITECTURE/01-03_TECHNOLOGIES/01-03-01_Q%2BATLANTIDE/000-099_S-ATLAS/080-089_Alternative-and-Quantum-Propulsion/088_Quantum-Propulsion-Hypotheses/088-600_Prohibited-Claims-and-Guardrails
000-099,S-ATLAS,080-089,Alternative and Quantum Propulsion,088,Quantum Propulsion Hypotheses,088-700,700,Literature and Watch Register,088-700_Literature-and-Watch-Register,01_OPTIONS_ARCHITECTURE/01-03_TECHNOLOGIES/01-03-01_Q+ATLANTIDE/000-099_S-ATLAS/080-089_Alternative-and-Quantum-Propulsion/088_Quantum-Propulsion-Hypotheses/088-700_Literature-and-Watch-Register,https://github.com/AmedeoPelliccia/Q-plus-A/tree/main/01_OPTIONS_ARCHITECTURE/01-03_TECHNOLOGIES/01-03-01_Q%2BATLANTIDE/000-099_S-ATLAS/080-089_Alternative-and-Quantum-Propulsion/088_Quantum-Propulsion-Hypotheses/088-700_Literature-and-Watch-Register
000-099,S-ATLAS,080-089,Alternative and Quantum Propulsion,088,Quantum Propulsion Hypotheses,088-800,800,Evaluation Protocol,088-800_Evaluation-Protocol,01_OPTIONS_ARCHITECTURE/01-03_TECHNOLOGIES/01-03-01_Q+ATLANTIDE/000-099_S-ATLAS/080-089_Alternative-and-Quantum-Propulsion/088_Quantum-Propulsion-Hypotheses/088-800_Evaluation-Protocol,https://github.com/AmedeoPelliccia/Q-plus-A/tree/main/01_OPTIONS_ARCHITECTURE/01-03_TECHNOLOGIES/01-03-01_Q%2BATLANTIDE/000-099_S-ATLAS/080-089_Alternative-and-Quantum-Propulsion/088_Quantum-Propulsion-Hypotheses/088-800_Evaluation-Protocol
000-099,S-ATLAS,080-089,Alternative and Quantum Propulsion,088,Quantum Propulsion Hypotheses,088-900,900,Status Register,088-900_Status-Register,01_OPTIONS_ARCHITECTURE/01-03_TECHNOLOGIES/01-03-01_Q+ATLANTIDE/000-099_S-ATLAS/080-089_Alternative-and-Quantum-Propulsion/088_Quantum-Propulsion-Hypotheses/088-900_Status-Register,https://github.com/AmedeoPelliccia/Q-plus-A/tree/main/01_OPTIONS_ARCHITECTURE/01-03_TECHNOLOGIES/01-03-01_Q%2BATLANTIDE/000-099_S-ATLAS/080-089_Alternative-and-Quantum-Propulsion/088_Quantum-Propulsion-Hypotheses/088-900_Status-Register
000-099,S-ATLAS,080-089,Alternative and Quantum Propulsion,089,Horizon Scanning and Hypothesis Register,089-000,000,General Information,089-000_General-Information,01_OPTIONS_ARCHITECTURE/01-03_TECHNOLOGIES/01-03-01_Q+ATLANTIDE/000-099_S-ATLAS/080-089_Alternative-and-Quantum-Propulsion/089_Horizon-Scanning-and-Hypothesis-Register/089-000_General-Information,https://github.com/AmedeoPelliccia/Q-plus-A/tree/main/01_OPTIONS_ARCHITECTURE/01-03_TECHNOLOGIES/01-03-01_Q%2BATLANTIDE/000-099_S-ATLAS/080-089_Alternative-and-Quantum-Propulsion/089_Horizon-Scanning-and-Hypothesis-Register/089-000_General-Information
000-099,S-ATLAS,080-089,Alternative and Quantum Propulsion,089,Horizon Scanning and Hypothesis Register,089-100,100,Intake and Screening Process,089-100_Intake-and-Screening-Process,01_OPTIONS_ARCHITECTURE/01-03_TECHNOLOGIES/01-03-01_Q+ATLANTIDE/000-099_S-ATLAS/080-089_Alternative-and-Quantum-Propulsion/089_Horizon-Scanning-and-Hypothesis-Register/089-100_Intake-and-Screening-Process,https://github.com/AmedeoPelliccia/Q-plus-A/tree/main/01_OPTIONS_ARCHITECTURE/01-03_TECHNOLOGIES/01-03-01_Q%2BATLANTIDE/000-099_S-ATLAS/080-089_Alternative-and-Quantum-Propulsion/089_Horizon-Scanning-and-Hypothesis-Register/089-100_Intake-and-Screening-Process
000-099,S-ATLAS,080-089,Alternative and Quantum Propulsion,089,Horizon Scanning and Hypothesis Register,089-200,200,Classification into Maturity Classes,089-200_Classification-into-Maturity-Classes,01_OPTIONS_ARCHITECTURE/01-03_TECHNOLOGIES/01-03-01_Q+ATLANTIDE/000-099_S-ATLAS/080-089_Alternative-and-Quantum-Propulsion/089_Horizon-Scanning-and-Hypothesis-Register/089-200_Classification-into-Maturity-Classes,https://github.com/AmedeoPelliccia/Q-plus-A/tree/main/01_OPTIONS_ARCHITECTURE/01-03_TECHNOLOGIES/01-03-01_Q%2BATLANTIDE/000-099_S-ATLAS/080-089_Alternative-and-Quantum-Propulsion/089_Horizon-Scanning-and-Hypothesis-Register/089-200_Classification-into-Maturity-Classes
000-099,S-ATLAS,080-089,Alternative and Quantum Propulsion,089,Horizon Scanning and Hypothesis Register,089-300,300,Registered Concepts Catalog,089-300_Registered-Concepts-Catalog,01_OPTIONS_ARCHITECTURE/01-03_TECHNOLOGIES/01-03-01_Q+ATLANTIDE/000-099_S-ATLAS/080-089_Alternative-and-Quantum-Propulsion/089_Horizon-Scanning-and-Hypothesis-Register/089-300_Registered-Concepts-Catalog,https://github.com/AmedeoPelliccia/Q-plus-A/tree/main/01_OPTIONS_ARCHITECTURE/01-03_TECHNOLOGIES/01-03-01_Q%2BATLANTIDE/000-099_S-ATLAS/080-089_Alternative-and-Quantum-Propulsion/089_Horizon-Scanning-and-Hypothesis-Register/089-300_Registered-Concepts-Catalog
000-099,S-ATLAS,080-089,Alternative and Quantum Propulsion,089,Horizon Scanning and Hypothesis Register,089-400,400,Nuclear Propulsion Considerations,089-400_Nuclear-Propulsion-Considerations,01_OPTIONS_ARCHITECTURE/01-03_TECHNOLOGIES/01-03-01_Q+ATLANTIDE/000-099_S-ATLAS/080-089_Alternative-and-Quantum-Propulsion/089_Horizon-Scanning-and-Hypothesis-Register/089-400_Nuclear-Propulsion-Considerations,https://github.com/AmedeoPelliccia/Q-plus-A/tree/main/01_OPTIONS_ARCHITECTURE/01-03_TECHNOLOGIES/01-03-01_Q%2BATLANTIDE/000-099_S-ATLAS/080-089_Alternative-and-Quantum-Propulsion/089_Horizon-Scanning-and-Hypothesis-Register/089-400_Nuclear-Propulsion-Considerations
000-099,S-ATLAS,080-089,Alternative and Quantum Propulsion,089,Horizon Scanning and Hypothesis Register,089-500,500,Magnetohydrodynamic and Plasma Concepts,089-500_Magnetohydrodynamic-and-Plasma-Concepts,01_OPTIONS_ARCHITECTURE/01-03_TECHNOLOGIES/01-03-01_Q+ATLANTIDE/000-099_S-ATLAS/080-089_Alternative-and-Quantum-Propulsion/089_Horizon-Scanning-and-Hypothesis-Register/089-500_Magnetohydrodynamic-and-Plasma-Concepts,https://github.com/AmedeoPelliccia/Q-plus-A/tree/main/01_OPTIONS_ARCHITECTURE/01-03_TECHNOLOGIES/01-03-01_Q%2BATLANTIDE/000-099_S-ATLAS/080-089_Alternative-and-Quantum-Propulsion/089_Horizon-Scanning-and-Hypothesis-Register/089-500_Magnetohydrodynamic-and-Plasma-Concepts
000-099,S-ATLAS,080-089,Alternative and Quantum Propulsion,089,Horizon Scanning and Hypothesis Register,089-600,600,Bio Inspired and Unconventional Concepts,089-600_Bio-Inspired-and-Unconventional-Concepts,01_OPTIONS_ARCHITECTURE/01-03_TECHNOLOGIES/01-03-01_Q+ATLANTIDE/000-099_S-ATLAS/080-089_Alternative-and-Quantum-Propulsion/089_Horizon-Scanning-and-Hypothesis-Register/089-600_Bio-Inspired-and-Unconventional-Concepts,https://github.com/AmedeoPelliccia/Q-plus-A/tree/main/01_OPTIONS_ARCHITECTURE/01-03_TECHNOLOGIES/01-03-01_Q%2BATLANTIDE/000-099_S-ATLAS/080-089_Alternative-and-Quantum-Propulsion/089_Horizon-Scanning-and-Hypothesis-Register/089-600_Bio-Inspired-and-Unconventional-Concepts
000-099,S-ATLAS,080-089,Alternative and Quantum Propulsion,089,Horizon Scanning and Hypothesis Register,089-700,700,Cross Band Technology Watch,089-700_Cross-Band-Technology-Watch,01_OPTIONS_ARCHITECTURE/01-03_TECHNOLOGIES/01-03-01_Q+ATLANTIDE/000-099_S-ATLAS/080-089_Alternative-and-Quantum-Propulsion/089_Horizon-Scanning-and-Hypothesis-Register/089-700_Cross-Band-Technology-Watch,https://github.com/AmedeoPelliccia/Q-plus-A/tree/main/01_OPTIONS_ARCHITECTURE/01-03_TECHNOLOGIES/01-03-01_Q%2BATLANTIDE/000-099_S-ATLAS/080-089_Alternative-and-Quantum-Propulsion/089_Horizon-Scanning-and-Hypothesis-Register/089-700_Cross-Band-Technology-Watch
000-099,S-ATLAS,080-089,Alternative and Quantum Propulsion,089,Horizon Scanning and Hypothesis Register,089-800,800,Periodic Review and Reporting,089-800_Periodic-Review-and-Reporting,01_OPTIONS_ARCHITECTURE/01-03_TECHNOLOGIES/01-03-01_Q+ATLANTIDE/000-099_S-ATLAS/080-089_Alternative-and-Quantum-Propulsion/089_Horizon-Scanning-and-Hypothesis-Register/089-800_Periodic-Review-and-Reporting,https://github.com/AmedeoPelliccia/Q-plus-A/tree/main/01_OPTIONS_ARCHITECTURE/01-03_TECHNOLOGIES/01-03-01_Q%2BATLANTIDE/000-099_S-ATLAS/080-089_Alternative-and-Quantum-Propulsion/089_Horizon-Scanning-and-Hypothesis-Register/089-800_Periodic-Review-and-Reporting
000-099,S-ATLAS,080-089,Alternative and Quantum Propulsion,089,Horizon Scanning and Hypothesis Register,089-900,900,Register Evidence and Index,089-900_Register-Evidence-and-Index,01_OPTIONS_ARCHITECTURE/01-03_TECHNOLOGIES/01-03-01_Q+ATLANTIDE/000-099_S-ATLAS/080-089_Alternative-and-Quantum-Propulsion/089_Horizon-Scanning-and-Hypothesis-Register/089-900_Register-Evidence-and-Index,https://github.com/AmedeoPelliccia/Q-plus-A/tree/main/01_OPTIONS_ARCHITECTURE/01-03_TECHNOLOGIES/01-03-01_Q%2BATLANTIDE/000-099_S-ATLAS/080-089_Alternative-and-Quantum-Propulsion/089_Horizon-Scanning-and-Hypothesis-Register/089-900_Register-Evidence-and-Index
000-099,S-ATLAS,090-099,Type Specific Architectures and Expansion,090,General and Type Architecture Doctrine,090-000,000,General Information,090-000_General-Information,01_OPTIONS_ARCHITECTURE/01-03_TECHNOLOGIES/01-03-01_Q+ATLANTIDE/000-099_S-ATLAS/090-099_Type-Specific-Architectures-and-Expansion/090_General-and-Type-Architecture-Doctrine/090-000_General-Information,https://github.com/AmedeoPelliccia/Q-plus-A/tree/main/01_OPTIONS_ARCHITECTURE/01-03_TECHNOLOGIES/01-03-01_Q%2BATLANTIDE/000-099_S-ATLAS/090-099_Type-Specific-Architectures-and-Expansion/090_General-and-Type-Architecture-Doctrine/090-000_General-Information
000-099,S-ATLAS,090-099,Type Specific Architectures and Expansion,090,General and Type Architecture Doctrine,090-100,100,Range Scope and Non Duplication Doctrine,090-100_Range-Scope-and-Non-Duplication-Doctrine,01_OPTIONS_ARCHITECTURE/01-03_TECHNOLOGIES/01-03-01_Q+ATLANTIDE/000-099_S-ATLAS/090-099_Type-Specific-Architectures-and-Expansion/090_General-and-Type-Architecture-Doctrine/090-100_Range-Scope-and-Non-Duplication-Doctrine,https://github.com/AmedeoPelliccia/Q-plus-A/tree/main/01_OPTIONS_ARCHITECTURE/01-03_TECHNOLOGIES/01-03-01_Q%2BATLANTIDE/000-099_S-ATLAS/090-099_Type-Specific-Architectures-and-Expansion/090_General-and-Type-Architecture-Doctrine/090-100_Range-Scope-and-Non-Duplication-Doctrine
000-099,S-ATLAS,090-099,Type Specific Architectures and Expansion,090,General and Type Architecture Doctrine,090-200,200,Type Chapter Structure and Uniform Template,090-200_Type-Chapter-Structure-and-Uniform-Template,01_OPTIONS_ARCHITECTURE/01-03_TECHNOLOGIES/01-03-01_Q+ATLANTIDE/000-099_S-ATLAS/090-099_Type-Specific-Architectures-and-Expansion/090_General-and-Type-Architecture-Doctrine/090-200_Type-Chapter-Structure-and-Uniform-Template,https://github.com/AmedeoPelliccia/Q-plus-A/tree/main/01_OPTIONS_ARCHITECTURE/01-03_TECHNOLOGIES/01-03-01_Q%2BATLANTIDE/000-099_S-ATLAS/090-099_Type-Specific-Architectures-and-Expansion/090_General-and-Type-Architecture-Doctrine/090-200_Type-Chapter-Structure-and-Uniform-Template
000-099,S-ATLAS,090-099,Type Specific Architectures and Expansion,090,General and Type Architecture Doctrine,090-300,300,Provisions and Constraints Grammar,090-300_Provisions-and-Constraints-Grammar,01_OPTIONS_ARCHITECTURE/01-03_TECHNOLOGIES/01-03-01_Q+ATLANTIDE/000-099_S-ATLAS/090-099_Type-Specific-Architectures-and-Expansion/090_General-and-Type-Architecture-Doctrine/090-300_Provisions-and-Constraints-Grammar,https://github.com/AmedeoPelliccia/Q-plus-A/tree/main/01_OPTIONS_ARCHITECTURE/01-03_TECHNOLOGIES/01-03-01_Q%2BATLANTIDE/000-099_S-ATLAS/090-099_Type-Specific-Architectures-and-Expansion/090_General-and-Type-Architecture-Doctrine/090-300_Provisions-and-Constraints-Grammar
000-099,S-ATLAS,090-099,Type Specific Architectures and Expansion,090,General and Type Architecture Doctrine,090-400,400,Relationship to Functional Ranges,090-400_Relationship-to-Functional-Ranges,01_OPTIONS_ARCHITECTURE/01-03_TECHNOLOGIES/01-03-01_Q+ATLANTIDE/000-099_S-ATLAS/090-099_Type-Specific-Architectures-and-Expansion/090_General-and-Type-Architecture-Doctrine/090-400_Relationship-to-Functional-Ranges,https://github.com/AmedeoPelliccia/Q-plus-A/tree/main/01_OPTIONS_ARCHITECTURE/01-03_TECHNOLOGIES/01-03-01_Q%2BATLANTIDE/000-099_S-ATLAS/090-099_Type-Specific-Architectures-and-Expansion/090_General-and-Type-Architecture-Doctrine/090-400_Relationship-to-Functional-Ranges
000-099,S-ATLAS,090-099,Type Specific Architectures and Expansion,090,General and Type Architecture Doctrine,090-500,500,Relationship to Downstream Mapping Layers,090-500_Relationship-to-Downstream-Mapping-Layers,01_OPTIONS_ARCHITECTURE/01-03_TECHNOLOGIES/01-03-01_Q+ATLANTIDE/000-099_S-ATLAS/090-099_Type-Specific-Architectures-and-Expansion/090_General-and-Type-Architecture-Doctrine/090-500_Relationship-to-Downstream-Mapping-Layers,https://github.com/AmedeoPelliccia/Q-plus-A/tree/main/01_OPTIONS_ARCHITECTURE/01-03_TECHNOLOGIES/01-03-01_Q%2BATLANTIDE/000-099_S-ATLAS/090-099_Type-Specific-Architectures-and-Expansion/090_General-and-Type-Architecture-Doctrine/090-500_Relationship-to-Downstream-Mapping-Layers
000-099,S-ATLAS,090-099,Type Specific Architectures and Expansion,090,General and Type Architecture Doctrine,090-600,600,Cross Class Comparison Framework,090-600_Cross-Class-Comparison-Framework,01_OPTIONS_ARCHITECTURE/01-03_TECHNOLOGIES/01-03-01_Q+ATLANTIDE/000-099_S-ATLAS/090-099_Type-Specific-Architectures-and-Expansion/090_General-and-Type-Architecture-Doctrine/090-600_Cross-Class-Comparison-Framework,https://github.com/AmedeoPelliccia/Q-plus-A/tree/main/01_OPTIONS_ARCHITECTURE/01-03_TECHNOLOGIES/01-03-01_Q%2BATLANTIDE/000-099_S-ATLAS/090-099_Type-Specific-Architectures-and-Expansion/090_General-and-Type-Architecture-Doctrine/090-600_Cross-Class-Comparison-Framework
000-099,S-ATLAS,090-099,Type Specific Architectures and Expansion,090,General and Type Architecture Doctrine,090-700,700,Safety and Certification Doctrine for Novel Types,090-700_Safety-and-Certification-Doctrine-for-Novel-Types,01_OPTIONS_ARCHITECTURE/01-03_TECHNOLOGIES/01-03-01_Q+ATLANTIDE/000-099_S-ATLAS/090-099_Type-Specific-Architectures-and-Expansion/090_General-and-Type-Architecture-Doctrine/090-700_Safety-and-Certification-Doctrine-for-Novel-Types,https://github.com/AmedeoPelliccia/Q-plus-A/tree/main/01_OPTIONS_ARCHITECTURE/01-03_TECHNOLOGIES/01-03-01_Q%2BATLANTIDE/000-099_S-ATLAS/090-099_Type-Specific-Architectures-and-Expansion/090_General-and-Type-Architecture-Doctrine/090-700_Safety-and-Certification-Doctrine-for-Novel-Types
000-099,S-ATLAS,090-099,Type Specific Architectures and Expansion,090,General and Type Architecture Doctrine,090-800,800,Evidence Framework,090-800_Evidence-Framework,01_OPTIONS_ARCHITECTURE/01-03_TECHNOLOGIES/01-03-01_Q+ATLANTIDE/000-099_S-ATLAS/090-099_Type-Specific-Architectures-and-Expansion/090_General-and-Type-Architecture-Doctrine/090-800_Evidence-Framework,https://github.com/AmedeoPelliccia/Q-plus-A/tree/main/01_OPTIONS_ARCHITECTURE/01-03_TECHNOLOGIES/01-03-01_Q%2BATLANTIDE/000-099_S-ATLAS/090-099_Type-Specific-Architectures-and-Expansion/090_General-and-Type-Architecture-Doctrine/090-800_Evidence-Framework
000-099,S-ATLAS,090-099,Type Specific Architectures and Expansion,090,General and Type Architecture Doctrine,090-900,900,Glossary and Controlled Vocabulary,090-900_Glossary-and-Controlled-Vocabulary,01_OPTIONS_ARCHITECTURE/01-03_TECHNOLOGIES/01-03-01_Q+ATLANTIDE/000-099_S-ATLAS/090-099_Type-Specific-Architectures-and-Expansion/090_General-and-Type-Architecture-Doctrine/090-900_Glossary-and-Controlled-Vocabulary,https://github.com/AmedeoPelliccia/Q-plus-A/tree/main/01_OPTIONS_ARCHITECTURE/01-03_TECHNOLOGIES/01-03-01_Q%2BATLANTIDE/000-099_S-ATLAS/090-099_Type-Specific-Architectures-and-Expansion/090_General-and-Type-Architecture-Doctrine/090-900_Glossary-and-Controlled-Vocabulary
000-099,S-ATLAS,090-099,Type Specific Architectures and Expansion,091,Blended and Hybrid Wing Body Class,091-000,000,General Information,091-000_General-Information,01_OPTIONS_ARCHITECTURE/01-03_TECHNOLOGIES/01-03-01_Q+ATLANTIDE/000-099_S-ATLAS/090-099_Type-Specific-Architectures-and-Expansion/091_Blended-and-Hybrid-Wing-Body-Class/091-000_General-Information,https://github.com/AmedeoPelliccia/Q-plus-A/tree/main/01_OPTIONS_ARCHITECTURE/01-03_TECHNOLOGIES/01-03-01_Q%2BATLANTIDE/000-099_S-ATLAS/090-099_Type-Specific-Architectures-and-Expansion/091_Blended-and-Hybrid-Wing-Body-Class/091-000_General-Information
000-099,S-ATLAS,090-099,Type Specific Architectures and Expansion,091,Blended and Hybrid Wing Body Class,091-100,100,Class Definition and Variants,091-100_Class-Definition-and-Variants,01_OPTIONS_ARCHITECTURE/01-03_TECHNOLOGIES/01-03-01_Q+ATLANTIDE/000-099_S-ATLAS/090-099_Type-Specific-Architectures-and-Expansion/091_Blended-and-Hybrid-Wing-Body-Class/091-100_Class-Definition-and-Variants,https://github.com/AmedeoPelliccia/Q-plus-A/tree/main/01_OPTIONS_ARCHITECTURE/01-03_TECHNOLOGIES/01-03-01_Q%2BATLANTIDE/000-099_S-ATLAS/090-099_Type-Specific-Architectures-and-Expansion/091_Blended-and-Hybrid-Wing-Body-Class/091-100_Class-Definition-and-Variants
000-099,S-ATLAS,090-099,Type Specific Architectures and Expansion,091,Blended and Hybrid Wing Body Class,091-200,200,Configuration Geometry and Layout Provisions,091-200_Configuration-Geometry-and-Layout-Provisions,01_OPTIONS_ARCHITECTURE/01-03_TECHNOLOGIES/01-03-01_Q+ATLANTIDE/000-099_S-ATLAS/090-099_Type-Specific-Architectures-and-Expansion/091_Blended-and-Hybrid-Wing-Body-Class/091-200_Configuration-Geometry-and-Layout-Provisions,https://github.com/AmedeoPelliccia/Q-plus-A/tree/main/01_OPTIONS_ARCHITECTURE/01-03_TECHNOLOGIES/01-03-01_Q%2BATLANTIDE/000-099_S-ATLAS/090-099_Type-Specific-Architectures-and-Expansion/091_Blended-and-Hybrid-Wing-Body-Class/091-200_Configuration-Geometry-and-Layout-Provisions
000-099,S-ATLAS,090-099,Type Specific Architectures and Expansion,091,Blended and Hybrid Wing Body Class,091-300,300,Structural Integration Constraints,091-300_Structural-Integration-Constraints,01_OPTIONS_ARCHITECTURE/01-03_TECHNOLOGIES/01-03-01_Q+ATLANTIDE/000-099_S-ATLAS/090-099_Type-Specific-Architectures-and-Expansion/091_Blended-and-Hybrid-Wing-Body-Class/091-300_Structural-Integration-Constraints,https://github.com/AmedeoPelliccia/Q-plus-A/tree/main/01_OPTIONS_ARCHITECTURE/01-03_TECHNOLOGIES/01-03-01_Q%2BATLANTIDE/000-099_S-ATLAS/090-099_Type-Specific-Architectures-and-Expansion/091_Blended-and-Hybrid-Wing-Body-Class/091-300_Structural-Integration-Constraints
000-099,S-ATLAS,090-099,Type Specific Architectures and Expansion,091,Blended and Hybrid Wing Body Class,091-400,400,Propulsion Integration Constraints,091-400_Propulsion-Integration-Constraints,01_OPTIONS_ARCHITECTURE/01-03_TECHNOLOGIES/01-03-01_Q+ATLANTIDE/000-099_S-ATLAS/090-099_Type-Specific-Architectures-and-Expansion/091_Blended-and-Hybrid-Wing-Body-Class/091-400_Propulsion-Integration-Constraints,https://github.com/AmedeoPelliccia/Q-plus-A/tree/main/01_OPTIONS_ARCHITECTURE/01-03_TECHNOLOGIES/01-03-01_Q%2BATLANTIDE/000-099_S-ATLAS/090-099_Type-Specific-Architectures-and-Expansion/091_Blended-and-Hybrid-Wing-Body-Class/091-400_Propulsion-Integration-Constraints
000-099,S-ATLAS,090-099,Type Specific Architectures and Expansion,091,Blended and Hybrid Wing Body Class,091-500,500,Systems Integration Constraints,091-500_Systems-Integration-Constraints,01_OPTIONS_ARCHITECTURE/01-03_TECHNOLOGIES/01-03-01_Q+ATLANTIDE/000-099_S-ATLAS/090-099_Type-Specific-Architectures-and-Expansion/091_Blended-and-Hybrid-Wing-Body-Class/091-500_Systems-Integration-Constraints,https://github.com/AmedeoPelliccia/Q-plus-A/tree/main/01_OPTIONS_ARCHITECTURE/01-03_TECHNOLOGIES/01-03-01_Q%2BATLANTIDE/000-099_S-ATLAS/090-099_Type-Specific-Architectures-and-Expansion/091_Blended-and-Hybrid-Wing-Body-Class/091-500_Systems-Integration-Constraints
000-099,S-ATLAS,090-099,Type Specific Architectures and Expansion,091,Blended and Hybrid Wing Body Class,091-600,600,Cabin Payload and Evacuation Provisions,091-600_Cabin-Payload-and-Evacuation-Provisions,01_OPTIONS_ARCHITECTURE/01-03_TECHNOLOGIES/01-03-01_Q+ATLANTIDE/000-099_S-ATLAS/090-099_Type-Specific-Architectures-and-Expansion/091_Blended-and-Hybrid-Wing-Body-Class/091-600_Cabin-Payload-and-Evacuation-Provisions,https://github.com/AmedeoPelliccia/Q-plus-A/tree/main/01_OPTIONS_ARCHITECTURE/01-03_TECHNOLOGIES/01-03-01_Q%2BATLANTIDE/000-099_S-ATLAS/090-099_Type-Specific-Architectures-and-Expansion/091_Blended-and-Hybrid-Wing-Body-Class/091-600_Cabin-Payload-and-Evacuation-Provisions
000-099,S-ATLAS,090-099,Type Specific Architectures and Expansion,091,Blended and Hybrid Wing Body Class,091-700,700,Ground Operations and Airport Compatibility,091-700_Ground-Operations-and-Airport-Compatibility,01_OPTIONS_ARCHITECTURE/01-03_TECHNOLOGIES/01-03-01_Q+ATLANTIDE/000-099_S-ATLAS/090-099_Type-Specific-Architectures-and-Expansion/091_Blended-and-Hybrid-Wing-Body-Class/091-700_Ground-Operations-and-Airport-Compatibility,https://github.com/AmedeoPelliccia/Q-plus-A/tree/main/01_OPTIONS_ARCHITECTURE/01-03_TECHNOLOGIES/01-03-01_Q%2BATLANTIDE/000-099_S-ATLAS/090-099_Type-Specific-Architectures-and-Expansion/091_Blended-and-Hybrid-Wing-Body-Class/091-700_Ground-Operations-and-Airport-Compatibility
000-099,S-ATLAS,090-099,Type Specific Architectures and Expansion,091,Blended and Hybrid Wing Body Class,091-800,800,Certification Basis Considerations,091-800_Certification-Basis-Considerations,01_OPTIONS_ARCHITECTURE/01-03_TECHNOLOGIES/01-03-01_Q+ATLANTIDE/000-099_S-ATLAS/090-099_Type-Specific-Architectures-and-Expansion/091_Blended-and-Hybrid-Wing-Body-Class/091-800_Certification-Basis-Considerations,https://github.com/AmedeoPelliccia/Q-plus-A/tree/main/01_OPTIONS_ARCHITECTURE/01-03_TECHNOLOGIES/01-03-01_Q%2BATLANTIDE/000-099_S-ATLAS/090-099_Type-Specific-Architectures-and-Expansion/091_Blended-and-Hybrid-Wing-Body-Class/091-800_Certification-Basis-Considerations
000-099,S-ATLAS,090-099,Type Specific Architectures and Expansion,091,Blended and Hybrid Wing Body Class,091-900,900,Class Evidence and Reference Configurations,091-900_Class-Evidence-and-Reference-Configurations,01_OPTIONS_ARCHITECTURE/01-03_TECHNOLOGIES/01-03-01_Q+ATLANTIDE/000-099_S-ATLAS/090-099_Type-Specific-Architectures-and-Expansion/091_Blended-and-Hybrid-Wing-Body-Class/091-900_Class-Evidence-and-Reference-Configurations,https://github.com/AmedeoPelliccia/Q-plus-A/tree/main/01_OPTIONS_ARCHITECTURE/01-03_TECHNOLOGIES/01-03-01_Q%2BATLANTIDE/000-099_S-ATLAS/090-099_Type-Specific-Architectures-and-Expansion/091_Blended-and-Hybrid-Wing-Body-Class/091-900_Class-Evidence-and-Reference-Configurations
000-099,S-ATLAS,090-099,Type Specific Architectures and Expansion,092,Advanced Tube and Wing Class,092-000,000,General Information,092-000_General-Information,01_OPTIONS_ARCHITECTURE/01-03_TECHNOLOGIES/01-03-01_Q+ATLANTIDE/000-099_S-ATLAS/090-099_Type-Specific-Architectures-and-Expansion/092_Advanced-Tube-and-Wing-Class/092-000_General-Information,https://github.com/AmedeoPelliccia/Q-plus-A/tree/main/01_OPTIONS_ARCHITECTURE/01-03_TECHNOLOGIES/01-03-01_Q%2BATLANTIDE/000-099_S-ATLAS/090-099_Type-Specific-Architectures-and-Expansion/092_Advanced-Tube-and-Wing-Class/092-000_General-Information
000-099,S-ATLAS,090-099,Type Specific Architectures and Expansion,092,Advanced Tube and Wing Class,092-100,100,Class Definition and Variants,092-100_Class-Definition-and-Variants,01_OPTIONS_ARCHITECTURE/01-03_TECHNOLOGIES/01-03-01_Q+ATLANTIDE/000-099_S-ATLAS/090-099_Type-Specific-Architectures-and-Expansion/092_Advanced-Tube-and-Wing-Class/092-100_Class-Definition-and-Variants,https://github.com/AmedeoPelliccia/Q-plus-A/tree/main/01_OPTIONS_ARCHITECTURE/01-03_TECHNOLOGIES/01-03-01_Q%2BATLANTIDE/000-099_S-ATLAS/090-099_Type-Specific-Architectures-and-Expansion/092_Advanced-Tube-and-Wing-Class/092-100_Class-Definition-and-Variants
000-099,S-ATLAS,090-099,Type Specific Architectures and Expansion,092,Advanced Tube and Wing Class,092-200,200,Configuration Geometry and Layout Provisions,092-200_Configuration-Geometry-and-Layout-Provisions,01_OPTIONS_ARCHITECTURE/01-03_TECHNOLOGIES/01-03-01_Q+ATLANTIDE/000-099_S-ATLAS/090-099_Type-Specific-Architectures-and-Expansion/092_Advanced-Tube-and-Wing-Class/092-200_Configuration-Geometry-and-Layout-Provisions,https://github.com/AmedeoPelliccia/Q-plus-A/tree/main/01_OPTIONS_ARCHITECTURE/01-03_TECHNOLOGIES/01-03-01_Q%2BATLANTIDE/000-099_S-ATLAS/090-099_Type-Specific-Architectures-and-Expansion/092_Advanced-Tube-and-Wing-Class/092-200_Configuration-Geometry-and-Layout-Provisions
000-099,S-ATLAS,090-099,Type Specific Architectures and Expansion,092,Advanced Tube and Wing Class,092-300,300,Structural Integration Constraints,092-300_Structural-Integration-Constraints,01_OPTIONS_ARCHITECTURE/01-03_TECHNOLOGIES/01-03-01_Q+ATLANTIDE/000-099_S-ATLAS/090-099_Type-Specific-Architectures-and-Expansion/092_Advanced-Tube-and-Wing-Class/092-300_Structural-Integration-Constraints,https://github.com/AmedeoPelliccia/Q-plus-A/tree/main/01_OPTIONS_ARCHITECTURE/01-03_TECHNOLOGIES/01-03-01_Q%2BATLANTIDE/000-099_S-ATLAS/090-099_Type-Specific-Architectures-and-Expansion/092_Advanced-Tube-and-Wing-Class/092-300_Structural-Integration-Constraints
000-099,S-ATLAS,090-099,Type Specific Architectures and Expansion,092,Advanced Tube and Wing Class,092-400,400,Propulsion Integration Constraints,092-400_Propulsion-Integration-Constraints,01_OPTIONS_ARCHITECTURE/01-03_TECHNOLOGIES/01-03-01_Q+ATLANTIDE/000-099_S-ATLAS/090-099_Type-Specific-Architectures-and-Expansion/092_Advanced-Tube-and-Wing-Class/092-400_Propulsion-Integration-Constraints,https://github.com/AmedeoPelliccia/Q-plus-A/tree/main/01_OPTIONS_ARCHITECTURE/01-03_TECHNOLOGIES/01-03-01_Q%2BATLANTIDE/000-099_S-ATLAS/090-099_Type-Specific-Architectures-and-Expansion/092_Advanced-Tube-and-Wing-Class/092-400_Propulsion-Integration-Constraints
000-099,S-ATLAS,090-099,Type Specific Architectures and Expansion,092,Advanced Tube and Wing Class,092-500,500,Systems Integration Constraints,092-500_Systems-Integration-Constraints,01_OPTIONS_ARCHITECTURE/01-03_TECHNOLOGIES/01-03-01_Q+ATLANTIDE/000-099_S-ATLAS/090-099_Type-Specific-Architectures-and-Expansion/092_Advanced-Tube-and-Wing-Class/092-500_Systems-Integration-Constraints,https://github.com/AmedeoPelliccia/Q-plus-A/tree/main/01_OPTIONS_ARCHITECTURE/01-03_TECHNOLOGIES/01-03-01_Q%2BATLANTIDE/000-099_S-ATLAS/090-099_Type-Specific-Architectures-and-Expansion/092_Advanced-Tube-and-Wing-Class/092-500_Systems-Integration-Constraints
000-099,S-ATLAS,090-099,Type Specific Architectures and Expansion,092,Advanced Tube and Wing Class,092-600,600,Cabin Payload and Evacuation Provisions,092-600_Cabin-Payload-and-Evacuation-Provisions,01_OPTIONS_ARCHITECTURE/01-03_TECHNOLOGIES/01-03-01_Q+ATLANTIDE/000-099_S-ATLAS/090-099_Type-Specific-Architectures-and-Expansion/092_Advanced-Tube-and-Wing-Class/092-600_Cabin-Payload-and-Evacuation-Provisions,https://github.com/AmedeoPelliccia/Q-plus-A/tree/main/01_OPTIONS_ARCHITECTURE/01-03_TECHNOLOGIES/01-03-01_Q%2BATLANTIDE/000-099_S-ATLAS/090-099_Type-Specific-Architectures-and-Expansion/092_Advanced-Tube-and-Wing-Class/092-600_Cabin-Payload-and-Evacuation-Provisions
000-099,S-ATLAS,090-099,Type Specific Architectures and Expansion,092,Advanced Tube and Wing Class,092-700,700,Ground Operations and Airport Compatibility,092-700_Ground-Operations-and-Airport-Compatibility,01_OPTIONS_ARCHITECTURE/01-03_TECHNOLOGIES/01-03-01_Q+ATLANTIDE/000-099_S-ATLAS/090-099_Type-Specific-Architectures-and-Expansion/092_Advanced-Tube-and-Wing-Class/092-700_Ground-Operations-and-Airport-Compatibility,https://github.com/AmedeoPelliccia/Q-plus-A/tree/main/01_OPTIONS_ARCHITECTURE/01-03_TECHNOLOGIES/01-03-01_Q%2BATLANTIDE/000-099_S-ATLAS/090-099_Type-Specific-Architectures-and-Expansion/092_Advanced-Tube-and-Wing-Class/092-700_Ground-Operations-and-Airport-Compatibility
000-099,S-ATLAS,090-099,Type Specific Architectures and Expansion,092,Advanced Tube and Wing Class,092-800,800,Certification Basis Considerations,092-800_Certification-Basis-Considerations,01_OPTIONS_ARCHITECTURE/01-03_TECHNOLOGIES/01-03-01_Q+ATLANTIDE/000-099_S-ATLAS/090-099_Type-Specific-Architectures-and-Expansion/092_Advanced-Tube-and-Wing-Class/092-800_Certification-Basis-Considerations,https://github.com/AmedeoPelliccia/Q-plus-A/tree/main/01_OPTIONS_ARCHITECTURE/01-03_TECHNOLOGIES/01-03-01_Q%2BATLANTIDE/000-099_S-ATLAS/090-099_Type-Specific-Architectures-and-Expansion/092_Advanced-Tube-and-Wing-Class/092-800_Certification-Basis-Considerations
000-099,S-ATLAS,090-099,Type Specific Architectures and Expansion,092,Advanced Tube and Wing Class,092-900,900,Class Evidence and Reference Configurations,092-900_Class-Evidence-and-Reference-Configurations,01_OPTIONS_ARCHITECTURE/01-03_TECHNOLOGIES/01-03-01_Q+ATLANTIDE/000-099_S-ATLAS/090-099_Type-Specific-Architectures-and-Expansion/092_Advanced-Tube-and-Wing-Class/092-900_Class-Evidence-and-Reference-Configurations,https://github.com/AmedeoPelliccia/Q-plus-A/tree/main/01_OPTIONS_ARCHITECTURE/01-03_TECHNOLOGIES/01-03-01_Q%2BATLANTIDE/000-099_S-ATLAS/090-099_Type-Specific-Architectures-and-Expansion/092_Advanced-Tube-and-Wing-Class/092-900_Class-Evidence-and-Reference-Configurations
000-099,S-ATLAS,090-099,Type Specific Architectures and Expansion,093,Regional and Commuter Class,093-000,000,General Information,093-000_General-Information,01_OPTIONS_ARCHITECTURE/01-03_TECHNOLOGIES/01-03-01_Q+ATLANTIDE/000-099_S-ATLAS/090-099_Type-Specific-Architectures-and-Expansion/093_Regional-and-Commuter-Class/093-000_General-Information,https://github.com/AmedeoPelliccia/Q-plus-A/tree/main/01_OPTIONS_ARCHITECTURE/01-03_TECHNOLOGIES/01-03-01_Q%2BATLANTIDE/000-099_S-ATLAS/090-099_Type-Specific-Architectures-and-Expansion/093_Regional-and-Commuter-Class/093-000_General-Information
000-099,S-ATLAS,090-099,Type Specific Architectures and Expansion,093,Regional and Commuter Class,093-100,100,Class Definition and Variants,093-100_Class-Definition-and-Variants,01_OPTIONS_ARCHITECTURE/01-03_TECHNOLOGIES/01-03-01_Q+ATLANTIDE/000-099_S-ATLAS/090-099_Type-Specific-Architectures-and-Expansion/093_Regional-and-Commuter-Class/093-100_Class-Definition-and-Variants,https://github.com/AmedeoPelliccia/Q-plus-A/tree/main/01_OPTIONS_ARCHITECTURE/01-03_TECHNOLOGIES/01-03-01_Q%2BATLANTIDE/000-099_S-ATLAS/090-099_Type-Specific-Architectures-and-Expansion/093_Regional-and-Commuter-Class/093-100_Class-Definition-and-Variants
000-099,S-ATLAS,090-099,Type Specific Architectures and Expansion,093,Regional and Commuter Class,093-200,200,Configuration Geometry and Layout Provisions,093-200_Configuration-Geometry-and-Layout-Provisions,01_OPTIONS_ARCHITECTURE/01-03_TECHNOLOGIES/01-03-01_Q+ATLANTIDE/000-099_S-ATLAS/090-099_Type-Specific-Architectures-and-Expansion/093_Regional-and-Commuter-Class/093-200_Configuration-Geometry-and-Layout-Provisions,https://github.com/AmedeoPelliccia/Q-plus-A/tree/main/01_OPTIONS_ARCHITECTURE/01-03_TECHNOLOGIES/01-03-01_Q%2BATLANTIDE/000-099_S-ATLAS/090-099_Type-Specific-Architectures-and-Expansion/093_Regional-and-Commuter-Class/093-200_Configuration-Geometry-and-Layout-Provisions
000-099,S-ATLAS,090-099,Type Specific Architectures and Expansion,093,Regional and Commuter Class,093-300,300,Structural Integration Constraints,093-300_Structural-Integration-Constraints,01_OPTIONS_ARCHITECTURE/01-03_TECHNOLOGIES/01-03-01_Q+ATLANTIDE/000-099_S-ATLAS/090-099_Type-Specific-Architectures-and-Expansion/093_Regional-and-Commuter-Class/093-300_Structural-Integration-Constraints,https://github.com/AmedeoPelliccia/Q-plus-A/tree/main/01_OPTIONS_ARCHITECTURE/01-03_TECHNOLOGIES/01-03-01_Q%2BATLANTIDE/000-099_S-ATLAS/090-099_Type-Specific-Architectures-and-Expansion/093_Regional-and-Commuter-Class/093-300_Structural-Integration-Constraints
000-099,S-ATLAS,090-099,Type Specific Architectures and Expansion,093,Regional and Commuter Class,093-400,400,Propulsion Integration Constraints,093-400_Propulsion-Integration-Constraints,01_OPTIONS_ARCHITECTURE/01-03_TECHNOLOGIES/01-03-01_Q+ATLANTIDE/000-099_S-ATLAS/090-099_Type-Specific-Architectures-and-Expansion/093_Regional-and-Commuter-Class/093-400_Propulsion-Integration-Constraints,https://github.com/AmedeoPelliccia/Q-plus-A/tree/main/01_OPTIONS_ARCHITECTURE/01-03_TECHNOLOGIES/01-03-01_Q%2BATLANTIDE/000-099_S-ATLAS/090-099_Type-Specific-Architectures-and-Expansion/093_Regional-and-Commuter-Class/093-400_Propulsion-Integration-Constraints
000-099,S-ATLAS,090-099,Type Specific Architectures and Expansion,093,Regional and Commuter Class,093-500,500,Systems Integration Constraints,093-500_Systems-Integration-Constraints,01_OPTIONS_ARCHITECTURE/01-03_TECHNOLOGIES/01-03-01_Q+ATLANTIDE/000-099_S-ATLAS/090-099_Type-Specific-Architectures-and-Expansion/093_Regional-and-Commuter-Class/093-500_Systems-Integration-Constraints,https://github.com/AmedeoPelliccia/Q-plus-A/tree/main/01_OPTIONS_ARCHITECTURE/01-03_TECHNOLOGIES/01-03-01_Q%2BATLANTIDE/000-099_S-ATLAS/090-099_Type-Specific-Architectures-and-Expansion/093_Regional-and-Commuter-Class/093-500_Systems-Integration-Constraints
000-099,S-ATLAS,090-099,Type Specific Architectures and Expansion,093,Regional and Commuter Class,093-600,600,Cabin Payload and Evacuation Provisions,093-600_Cabin-Payload-and-Evacuation-Provisions,01_OPTIONS_ARCHITECTURE/01-03_TECHNOLOGIES/01-03-01_Q+ATLANTIDE/000-099_S-ATLAS/090-099_Type-Specific-Architectures-and-Expansion/093_Regional-and-Commuter-Class/093-600_Cabin-Payload-and-Evacuation-Provisions,https://github.com/AmedeoPelliccia/Q-plus-A/tree/main/01_OPTIONS_ARCHITECTURE/01-03_TECHNOLOGIES/01-03-01_Q%2BATLANTIDE/000-099_S-ATLAS/090-099_Type-Specific-Architectures-and-Expansion/093_Regional-and-Commuter-Class/093-600_Cabin-Payload-and-Evacuation-Provisions
000-099,S-ATLAS,090-099,Type Specific Architectures and Expansion,093,Regional and Commuter Class,093-700,700,Ground Operations and Airport Compatibility,093-700_Ground-Operations-and-Airport-Compatibility,01_OPTIONS_ARCHITECTURE/01-03_TECHNOLOGIES/01-03-01_Q+ATLANTIDE/000-099_S-ATLAS/090-099_Type-Specific-Architectures-and-Expansion/093_Regional-and-Commuter-Class/093-700_Ground-Operations-and-Airport-Compatibility,https://github.com/AmedeoPelliccia/Q-plus-A/tree/main/01_OPTIONS_ARCHITECTURE/01-03_TECHNOLOGIES/01-03-01_Q%2BATLANTIDE/000-099_S-ATLAS/090-099_Type-Specific-Architectures-and-Expansion/093_Regional-and-Commuter-Class/093-700_Ground-Operations-and-Airport-Compatibility
000-099,S-ATLAS,090-099,Type Specific Architectures and Expansion,093,Regional and Commuter Class,093-800,800,Certification Basis Considerations,093-800_Certification-Basis-Considerations,01_OPTIONS_ARCHITECTURE/01-03_TECHNOLOGIES/01-03-01_Q+ATLANTIDE/000-099_S-ATLAS/090-099_Type-Specific-Architectures-and-Expansion/093_Regional-and-Commuter-Class/093-800_Certification-Basis-Considerations,https://github.com/AmedeoPelliccia/Q-plus-A/tree/main/01_OPTIONS_ARCHITECTURE/01-03_TECHNOLOGIES/01-03-01_Q%2BATLANTIDE/000-099_S-ATLAS/090-099_Type-Specific-Architectures-and-Expansion/093_Regional-and-Commuter-Class/093-800_Certification-Basis-Considerations
000-099,S-ATLAS,090-099,Type Specific Architectures and Expansion,093,Regional and Commuter Class,093-900,900,Class Evidence and Reference Configurations,093-900_Class-Evidence-and-Reference-Configurations,01_OPTIONS_ARCHITECTURE/01-03_TECHNOLOGIES/01-03-01_Q+ATLANTIDE/000-099_S-ATLAS/090-099_Type-Specific-Architectures-and-Expansion/093_Regional-and-Commuter-Class/093-900_Class-Evidence-and-Reference-Configurations,https://github.com/AmedeoPelliccia/Q-plus-A/tree/main/01_OPTIONS_ARCHITECTURE/01-03_TECHNOLOGIES/01-03-01_Q%2BATLANTIDE/000-099_S-ATLAS/090-099_Type-Specific-Architectures-and-Expansion/093_Regional-and-Commuter-Class/093-900_Class-Evidence-and-Reference-Configurations
000-099,S-ATLAS,090-099,Type Specific Architectures and Expansion,094,Rotorcraft and Powered Lift Class,094-000,000,General Information,094-000_General-Information,01_OPTIONS_ARCHITECTURE/01-03_TECHNOLOGIES/01-03-01_Q+ATLANTIDE/000-099_S-ATLAS/090-099_Type-Specific-Architectures-and-Expansion/094_Rotorcraft-and-Powered-Lift-Class/094-000_General-Information,https://github.com/AmedeoPelliccia/Q-plus-A/tree/main/01_OPTIONS_ARCHITECTURE/01-03_TECHNOLOGIES/01-03-01_Q%2BATLANTIDE/000-099_S-ATLAS/090-099_Type-Specific-Architectures-and-Expansion/094_Rotorcraft-and-Powered-Lift-Class/094-000_General-Information
000-099,S-ATLAS,090-099,Type Specific Architectures and Expansion,094,Rotorcraft and Powered Lift Class,094-100,100,Class Definition and Variants,094-100_Class-Definition-and-Variants,01_OPTIONS_ARCHITECTURE/01-03_TECHNOLOGIES/01-03-01_Q+ATLANTIDE/000-099_S-ATLAS/090-099_Type-Specific-Architectures-and-Expansion/094_Rotorcraft-and-Powered-Lift-Class/094-100_Class-Definition-and-Variants,https://github.com/AmedeoPelliccia/Q-plus-A/tree/main/01_OPTIONS_ARCHITECTURE/01-03_TECHNOLOGIES/01-03-01_Q%2BATLANTIDE/000-099_S-ATLAS/090-099_Type-Specific-Architectures-and-Expansion/094_Rotorcraft-and-Powered-Lift-Class/094-100_Class-Definition-and-Variants
000-099,S-ATLAS,090-099,Type Specific Architectures and Expansion,094,Rotorcraft and Powered Lift Class,094-200,200,Configuration Geometry and Layout Provisions,094-200_Configuration-Geometry-and-Layout-Provisions,01_OPTIONS_ARCHITECTURE/01-03_TECHNOLOGIES/01-03-01_Q+ATLANTIDE/000-099_S-ATLAS/090-099_Type-Specific-Architectures-and-Expansion/094_Rotorcraft-and-Powered-Lift-Class/094-200_Configuration-Geometry-and-Layout-Provisions,https://github.com/AmedeoPelliccia/Q-plus-A/tree/main/01_OPTIONS_ARCHITECTURE/01-03_TECHNOLOGIES/01-03-01_Q%2BATLANTIDE/000-099_S-ATLAS/090-099_Type-Specific-Architectures-and-Expansion/094_Rotorcraft-and-Powered-Lift-Class/094-200_Configuration-Geometry-and-Layout-Provisions
000-099,S-ATLAS,090-099,Type Specific Architectures and Expansion,094,Rotorcraft and Powered Lift Class,094-300,300,Structural Integration Constraints,094-300_Structural-Integration-Constraints,01_OPTIONS_ARCHITECTURE/01-03_TECHNOLOGIES/01-03-01_Q+ATLANTIDE/000-099_S-ATLAS/090-099_Type-Specific-Architectures-and-Expansion/094_Rotorcraft-and-Powered-Lift-Class/094-300_Structural-Integration-Constraints,https://github.com/AmedeoPelliccia/Q-plus-A/tree/main/01_OPTIONS_ARCHITECTURE/01-03_TECHNOLOGIES/01-03-01_Q%2BATLANTIDE/000-099_S-ATLAS/090-099_Type-Specific-Architectures-and-Expansion/094_Rotorcraft-and-Powered-Lift-Class/094-300_Structural-Integration-Constraints
000-099,S-ATLAS,090-099,Type Specific Architectures and Expansion,094,Rotorcraft and Powered Lift Class,094-400,400,Propulsion Integration Constraints,094-400_Propulsion-Integration-Constraints,01_OPTIONS_ARCHITECTURE/01-03_TECHNOLOGIES/01-03-01_Q+ATLANTIDE/000-099_S-ATLAS/090-099_Type-Specific-Architectures-and-Expansion/094_Rotorcraft-and-Powered-Lift-Class/094-400_Propulsion-Integration-Constraints,https://github.com/AmedeoPelliccia/Q-plus-A/tree/main/01_OPTIONS_ARCHITECTURE/01-03_TECHNOLOGIES/01-03-01_Q%2BATLANTIDE/000-099_S-ATLAS/090-099_Type-Specific-Architectures-and-Expansion/094_Rotorcraft-and-Powered-Lift-Class/094-400_Propulsion-Integration-Constraints
000-099,S-ATLAS,090-099,Type Specific Architectures and Expansion,094,Rotorcraft and Powered Lift Class,094-500,500,Systems Integration Constraints,094-500_Systems-Integration-Constraints,01_OPTIONS_ARCHITECTURE/01-03_TECHNOLOGIES/01-03-01_Q+ATLANTIDE/000-099_S-ATLAS/090-099_Type-Specific-Architectures-and-Expansion/094_Rotorcraft-and-Powered-Lift-Class/094-500_Systems-Integration-Constraints,https://github.com/AmedeoPelliccia/Q-plus-A/tree/main/01_OPTIONS_ARCHITECTURE/01-03_TECHNOLOGIES/01-03-01_Q%2BATLANTIDE/000-099_S-ATLAS/090-099_Type-Specific-Architectures-and-Expansion/094_Rotorcraft-and-Powered-Lift-Class/094-500_Systems-Integration-Constraints
000-099,S-ATLAS,090-099,Type Specific Architectures and Expansion,094,Rotorcraft and Powered Lift Class,094-600,600,Cabin Payload and Evacuation Provisions,094-600_Cabin-Payload-and-Evacuation-Provisions,01_OPTIONS_ARCHITECTURE/01-03_TECHNOLOGIES/01-03-01_Q+ATLANTIDE/000-099_S-ATLAS/090-099_Type-Specific-Architectures-and-Expansion/094_Rotorcraft-and-Powered-Lift-Class/094-600_Cabin-Payload-and-Evacuation-Provisions,https://github.com/AmedeoPelliccia/Q-plus-A/tree/main/01_OPTIONS_ARCHITECTURE/01-03_TECHNOLOGIES/01-03-01_Q%2BATLANTIDE/000-099_S-ATLAS/090-099_Type-Specific-Architectures-and-Expansion/094_Rotorcraft-and-Powered-Lift-Class/094-600_Cabin-Payload-and-Evacuation-Provisions
000-099,S-ATLAS,090-099,Type Specific Architectures and Expansion,094,Rotorcraft and Powered Lift Class,094-700,700,Ground Operations and Airport Compatibility,094-700_Ground-Operations-and-Airport-Compatibility,01_OPTIONS_ARCHITECTURE/01-03_TECHNOLOGIES/01-03-01_Q+ATLANTIDE/000-099_S-ATLAS/090-099_Type-Specific-Architectures-and-Expansion/094_Rotorcraft-and-Powered-Lift-Class/094-700_Ground-Operations-and-Airport-Compatibility,https://github.com/AmedeoPelliccia/Q-plus-A/tree/main/01_OPTIONS_ARCHITECTURE/01-03_TECHNOLOGIES/01-03-01_Q%2BATLANTIDE/000-099_S-ATLAS/090-099_Type-Specific-Architectures-and-Expansion/094_Rotorcraft-and-Powered-Lift-Class/094-700_Ground-Operations-and-Airport-Compatibility
000-099,S-ATLAS,090-099,Type Specific Architectures and Expansion,094,Rotorcraft and Powered Lift Class,094-800,800,Certification Basis Considerations,094-800_Certification-Basis-Considerations,01_OPTIONS_ARCHITECTURE/01-03_TECHNOLOGIES/01-03-01_Q+ATLANTIDE/000-099_S-ATLAS/090-099_Type-Specific-Architectures-and-Expansion/094_Rotorcraft-and-Powered-Lift-Class/094-800_Certification-Basis-Considerations,https://github.com/AmedeoPelliccia/Q-plus-A/tree/main/01_OPTIONS_ARCHITECTURE/01-03_TECHNOLOGIES/01-03-01_Q%2BATLANTIDE/000-099_S-ATLAS/090-099_Type-Specific-Architectures-and-Expansion/094_Rotorcraft-and-Powered-Lift-Class/094-800_Certification-Basis-Considerations
000-099,S-ATLAS,090-099,Type Specific Architectures and Expansion,094,Rotorcraft and Powered Lift Class,094-900,900,Class Evidence and Reference Configurations,094-900_Class-Evidence-and-Reference-Configurations,01_OPTIONS_ARCHITECTURE/01-03_TECHNOLOGIES/01-03-01_Q+ATLANTIDE/000-099_S-ATLAS/090-099_Type-Specific-Architectures-and-Expansion/094_Rotorcraft-and-Powered-Lift-Class/094-900_Class-Evidence-and-Reference-Configurations,https://github.com/AmedeoPelliccia/Q-plus-A/tree/main/01_OPTIONS_ARCHITECTURE/01-03_TECHNOLOGIES/01-03-01_Q%2BATLANTIDE/000-099_S-ATLAS/090-099_Type-Specific-Architectures-and-Expansion/094_Rotorcraft-and-Powered-Lift-Class/094-900_Class-Evidence-and-Reference-Configurations
000-099,S-ATLAS,090-099,Type Specific Architectures and Expansion,095,Unmanned and Optionally Piloted Cargo Class,095-000,000,General Information,095-000_General-Information,01_OPTIONS_ARCHITECTURE/01-03_TECHNOLOGIES/01-03-01_Q+ATLANTIDE/000-099_S-ATLAS/090-099_Type-Specific-Architectures-and-Expansion/095_Unmanned-and-Optionally-Piloted-Cargo-Class/095-000_General-Information,https://github.com/AmedeoPelliccia/Q-plus-A/tree/main/01_OPTIONS_ARCHITECTURE/01-03_TECHNOLOGIES/01-03-01_Q%2BATLANTIDE/000-099_S-ATLAS/090-099_Type-Specific-Architectures-and-Expansion/095_Unmanned-and-Optionally-Piloted-Cargo-Class/095-000_General-Information
000-099,S-ATLAS,090-099,Type Specific Architectures and Expansion,095,Unmanned and Optionally Piloted Cargo Class,095-100,100,Class Definition and Variants,095-100_Class-Definition-and-Variants,01_OPTIONS_ARCHITECTURE/01-03_TECHNOLOGIES/01-03-01_Q+ATLANTIDE/000-099_S-ATLAS/090-099_Type-Specific-Architectures-and-Expansion/095_Unmanned-and-Optionally-Piloted-Cargo-Class/095-100_Class-Definition-and-Variants,https://github.com/AmedeoPelliccia/Q-plus-A/tree/main/01_OPTIONS_ARCHITECTURE/01-03_TECHNOLOGIES/01-03-01_Q%2BATLANTIDE/000-099_S-ATLAS/090-099_Type-Specific-Architectures-and-Expansion/095_Unmanned-and-Optionally-Piloted-Cargo-Class/095-100_Class-Definition-and-Variants
000-099,S-ATLAS,090-099,Type Specific Architectures and Expansion,095,Unmanned and Optionally Piloted Cargo Class,095-200,200,Configuration Geometry and Layout Provisions,095-200_Configuration-Geometry-and-Layout-Provisions,01_OPTIONS_ARCHITECTURE/01-03_TECHNOLOGIES/01-03-01_Q+ATLANTIDE/000-099_S-ATLAS/090-099_Type-Specific-Architectures-and-Expansion/095_Unmanned-and-Optionally-Piloted-Cargo-Class/095-200_Configuration-Geometry-and-Layout-Provisions,https://github.com/AmedeoPelliccia/Q-plus-A/tree/main/01_OPTIONS_ARCHITECTURE/01-03_TECHNOLOGIES/01-03-01_Q%2BATLANTIDE/000-099_S-ATLAS/090-099_Type-Specific-Architectures-and-Expansion/095_Unmanned-and-Optionally-Piloted-Cargo-Class/095-200_Configuration-Geometry-and-Layout-Provisions
000-099,S-ATLAS,090-099,Type Specific Architectures and Expansion,095,Unmanned and Optionally Piloted Cargo Class,095-300,300,Structural Integration Constraints,095-300_Structural-Integration-Constraints,01_OPTIONS_ARCHITECTURE/01-03_TECHNOLOGIES/01-03-01_Q+ATLANTIDE/000-099_S-ATLAS/090-099_Type-Specific-Architectures-and-Expansion/095_Unmanned-and-Optionally-Piloted-Cargo-Class/095-300_Structural-Integration-Constraints,https://github.com/AmedeoPelliccia/Q-plus-A/tree/main/01_OPTIONS_ARCHITECTURE/01-03_TECHNOLOGIES/01-03-01_Q%2BATLANTIDE/000-099_S-ATLAS/090-099_Type-Specific-Architectures-and-Expansion/095_Unmanned-and-Optionally-Piloted-Cargo-Class/095-300_Structural-Integration-Constraints
000-099,S-ATLAS,090-099,Type Specific Architectures and Expansion,095,Unmanned and Optionally Piloted Cargo Class,095-400,400,Propulsion Integration Constraints,095-400_Propulsion-Integration-Constraints,01_OPTIONS_ARCHITECTURE/01-03_TECHNOLOGIES/01-03-01_Q+ATLANTIDE/000-099_S-ATLAS/090-099_Type-Specific-Architectures-and-Expansion/095_Unmanned-and-Optionally-Piloted-Cargo-Class/095-400_Propulsion-Integration-Constraints,https://github.com/AmedeoPelliccia/Q-plus-A/tree/main/01_OPTIONS_ARCHITECTURE/01-03_TECHNOLOGIES/01-03-01_Q%2BATLANTIDE/000-099_S-ATLAS/090-099_Type-Specific-Architectures-and-Expansion/095_Unmanned-and-Optionally-Piloted-Cargo-Class/095-400_Propulsion-Integration-Constraints
000-099,S-ATLAS,090-099,Type Specific Architectures and Expansion,095,Unmanned and Optionally Piloted Cargo Class,095-500,500,Systems Integration Constraints,095-500_Systems-Integration-Constraints,01_OPTIONS_ARCHITECTURE/01-03_TECHNOLOGIES/01-03-01_Q+ATLANTIDE/000-099_S-ATLAS/090-099_Type-Specific-Architectures-and-Expansion/095_Unmanned-and-Optionally-Piloted-Cargo-Class/095-500_Systems-Integration-Constraints,https://github.com/AmedeoPelliccia/Q-plus-A/tree/main/01_OPTIONS_ARCHITECTURE/01-03_TECHNOLOGIES/01-03-01_Q%2BATLANTIDE/000-099_S-ATLAS/090-099_Type-Specific-Architectures-and-Expansion/095_Unmanned-and-Optionally-Piloted-Cargo-Class/095-500_Systems-Integration-Constraints
000-099,S-ATLAS,090-099,Type Specific Architectures and Expansion,095,Unmanned and Optionally Piloted Cargo Class,095-600,600,Cabin Payload and Evacuation Provisions,095-600_Cabin-Payload-and-Evacuation-Provisions,01_OPTIONS_ARCHITECTURE/01-03_TECHNOLOGIES/01-03-01_Q+ATLANTIDE/000-099_S-ATLAS/090-099_Type-Specific-Architectures-and-Expansion/095_Unmanned-and-Optionally-Piloted-Cargo-Class/095-600_Cabin-Payload-and-Evacuation-Provisions,https://github.com/AmedeoPelliccia/Q-plus-A/tree/main/01_OPTIONS_ARCHITECTURE/01-03_TECHNOLOGIES/01-03-01_Q%2BATLANTIDE/000-099_S-ATLAS/090-099_Type-Specific-Architectures-and-Expansion/095_Unmanned-and-Optionally-Piloted-Cargo-Class/095-600_Cabin-Payload-and-Evacuation-Provisions
000-099,S-ATLAS,090-099,Type Specific Architectures and Expansion,095,Unmanned and Optionally Piloted Cargo Class,095-700,700,Ground Operations and Airport Compatibility,095-700_Ground-Operations-and-Airport-Compatibility,01_OPTIONS_ARCHITECTURE/01-03_TECHNOLOGIES/01-03-01_Q+ATLANTIDE/000-099_S-ATLAS/090-099_Type-Specific-Architectures-and-Expansion/095_Unmanned-and-Optionally-Piloted-Cargo-Class/095-700_Ground-Operations-and-Airport-Compatibility,https://github.com/AmedeoPelliccia/Q-plus-A/tree/main/01_OPTIONS_ARCHITECTURE/01-03_TECHNOLOGIES/01-03-01_Q%2BATLANTIDE/000-099_S-ATLAS/090-099_Type-Specific-Architectures-and-Expansion/095_Unmanned-and-Optionally-Piloted-Cargo-Class/095-700_Ground-Operations-and-Airport-Compatibility
000-099,S-ATLAS,090-099,Type Specific Architectures and Expansion,095,Unmanned and Optionally Piloted Cargo Class,095-800,800,Certification Basis Considerations,095-800_Certification-Basis-Considerations,01_OPTIONS_ARCHITECTURE/01-03_TECHNOLOGIES/01-03-01_Q+ATLANTIDE/000-099_S-ATLAS/090-099_Type-Specific-Architectures-and-Expansion/095_Unmanned-and-Optionally-Piloted-Cargo-Class/095-800_Certification-Basis-Considerations,https://github.com/AmedeoPelliccia/Q-plus-A/tree/main/01_OPTIONS_ARCHITECTURE/01-03_TECHNOLOGIES/01-03-01_Q%2BATLANTIDE/000-099_S-ATLAS/090-099_Type-Specific-Architectures-and-Expansion/095_Unmanned-and-Optionally-Piloted-Cargo-Class/095-800_Certification-Basis-Considerations
000-099,S-ATLAS,090-099,Type Specific Architectures and Expansion,095,Unmanned and Optionally Piloted Cargo Class,095-900,900,Class Evidence and Reference Configurations,095-900_Class-Evidence-and-Reference-Configurations,01_OPTIONS_ARCHITECTURE/01-03_TECHNOLOGIES/01-03-01_Q+ATLANTIDE/000-099_S-ATLAS/090-099_Type-Specific-Architectures-and-Expansion/095_Unmanned-and-Optionally-Piloted-Cargo-Class/095-900_Class-Evidence-and-Reference-Configurations,https://github.com/AmedeoPelliccia/Q-plus-A/tree/main/01_OPTIONS_ARCHITECTURE/01-03_TECHNOLOGIES/01-03-01_Q%2BATLANTIDE/000-099_S-ATLAS/090-099_Type-Specific-Architectures-and-Expansion/095_Unmanned-and-Optionally-Piloted-Cargo-Class/095-900_Class-Evidence-and-Reference-Configurations
000-099,S-ATLAS,090-099,Type Specific Architectures and Expansion,096,High Speed and Supersonic Transport Class,096-000,000,General Information,096-000_General-Information,01_OPTIONS_ARCHITECTURE/01-03_TECHNOLOGIES/01-03-01_Q+ATLANTIDE/000-099_S-ATLAS/090-099_Type-Specific-Architectures-and-Expansion/096_High-Speed-and-Supersonic-Transport-Class/096-000_General-Information,https://github.com/AmedeoPelliccia/Q-plus-A/tree/main/01_OPTIONS_ARCHITECTURE/01-03_TECHNOLOGIES/01-03-01_Q%2BATLANTIDE/000-099_S-ATLAS/090-099_Type-Specific-Architectures-and-Expansion/096_High-Speed-and-Supersonic-Transport-Class/096-000_General-Information
000-099,S-ATLAS,090-099,Type Specific Architectures and Expansion,096,High Speed and Supersonic Transport Class,096-100,100,Class Definition and Variants,096-100_Class-Definition-and-Variants,01_OPTIONS_ARCHITECTURE/01-03_TECHNOLOGIES/01-03-01_Q+ATLANTIDE/000-099_S-ATLAS/090-099_Type-Specific-Architectures-and-Expansion/096_High-Speed-and-Supersonic-Transport-Class/096-100_Class-Definition-and-Variants,https://github.com/AmedeoPelliccia/Q-plus-A/tree/main/01_OPTIONS_ARCHITECTURE/01-03_TECHNOLOGIES/01-03-01_Q%2BATLANTIDE/000-099_S-ATLAS/090-099_Type-Specific-Architectures-and-Expansion/096_High-Speed-and-Supersonic-Transport-Class/096-100_Class-Definition-and-Variants
000-099,S-ATLAS,090-099,Type Specific Architectures and Expansion,096,High Speed and Supersonic Transport Class,096-200,200,Configuration Geometry and Layout Provisions,096-200_Configuration-Geometry-and-Layout-Provisions,01_OPTIONS_ARCHITECTURE/01-03_TECHNOLOGIES/01-03-01_Q+ATLANTIDE/000-099_S-ATLAS/090-099_Type-Specific-Architectures-and-Expansion/096_High-Speed-and-Supersonic-Transport-Class/096-200_Configuration-Geometry-and-Layout-Provisions,https://github.com/AmedeoPelliccia/Q-plus-A/tree/main/01_OPTIONS_ARCHITECTURE/01-03_TECHNOLOGIES/01-03-01_Q%2BATLANTIDE/000-099_S-ATLAS/090-099_Type-Specific-Architectures-and-Expansion/096_High-Speed-and-Supersonic-Transport-Class/096-200_Configuration-Geometry-and-Layout-Provisions
000-099,S-ATLAS,090-099,Type Specific Architectures and Expansion,096,High Speed and Supersonic Transport Class,096-300,300,Structural Integration Constraints,096-300_Structural-Integration-Constraints,01_OPTIONS_ARCHITECTURE/01-03_TECHNOLOGIES/01-03-01_Q+ATLANTIDE/000-099_S-ATLAS/090-099_Type-Specific-Architectures-and-Expansion/096_High-Speed-and-Supersonic-Transport-Class/096-300_Structural-Integration-Constraints,https://github.com/AmedeoPelliccia/Q-plus-A/tree/main/01_OPTIONS_ARCHITECTURE/01-03_TECHNOLOGIES/01-03-01_Q%2BATLANTIDE/000-099_S-ATLAS/090-099_Type-Specific-Architectures-and-Expansion/096_High-Speed-and-Supersonic-Transport-Class/096-300_Structural-Integration-Constraints
000-099,S-ATLAS,090-099,Type Specific Architectures and Expansion,096,High Speed and Supersonic Transport Class,096-400,400,Propulsion Integration Constraints,096-400_Propulsion-Integration-Constraints,01_OPTIONS_ARCHITECTURE/01-03_TECHNOLOGIES/01-03-01_Q+ATLANTIDE/000-099_S-ATLAS/090-099_Type-Specific-Architectures-and-Expansion/096_High-Speed-and-Supersonic-Transport-Class/096-400_Propulsion-Integration-Constraints,https://github.com/AmedeoPelliccia/Q-plus-A/tree/main/01_OPTIONS_ARCHITECTURE/01-03_TECHNOLOGIES/01-03-01_Q%2BATLANTIDE/000-099_S-ATLAS/090-099_Type-Specific-Architectures-and-Expansion/096_High-Speed-and-Supersonic-Transport-Class/096-400_Propulsion-Integration-Constraints
000-099,S-ATLAS,090-099,Type Specific Architectures and Expansion,096,High Speed and Supersonic Transport Class,096-500,500,Systems Integration Constraints,096-500_Systems-Integration-Constraints,01_OPTIONS_ARCHITECTURE/01-03_TECHNOLOGIES/01-03-01_Q+ATLANTIDE/000-099_S-ATLAS/090-099_Type-Specific-Architectures-and-Expansion/096_High-Speed-and-Supersonic-Transport-Class/096-500_Systems-Integration-Constraints,https://github.com/AmedeoPelliccia/Q-plus-A/tree/main/01_OPTIONS_ARCHITECTURE/01-03_TECHNOLOGIES/01-03-01_Q%2BATLANTIDE/000-099_S-ATLAS/090-099_Type-Specific-Architectures-and-Expansion/096_High-Speed-and-Supersonic-Transport-Class/096-500_Systems-Integration-Constraints
000-099,S-ATLAS,090-099,Type Specific Architectures and Expansion,096,High Speed and Supersonic Transport Class,096-600,600,Cabin Payload and Evacuation Provisions,096-600_Cabin-Payload-and-Evacuation-Provisions,01_OPTIONS_ARCHITECTURE/01-03_TECHNOLOGIES/01-03-01_Q+ATLANTIDE/000-099_S-ATLAS/090-099_Type-Specific-Architectures-and-Expansion/096_High-Speed-and-Supersonic-Transport-Class/096-600_Cabin-Payload-and-Evacuation-Provisions,https://github.com/AmedeoPelliccia/Q-plus-A/tree/main/01_OPTIONS_ARCHITECTURE/01-03_TECHNOLOGIES/01-03-01_Q%2BATLANTIDE/000-099_S-ATLAS/090-099_Type-Specific-Architectures-and-Expansion/096_High-Speed-and-Supersonic-Transport-Class/096-600_Cabin-Payload-and-Evacuation-Provisions
000-099,S-ATLAS,090-099,Type Specific Architectures and Expansion,096,High Speed and Supersonic Transport Class,096-700,700,Ground Operations and Airport Compatibility,096-700_Ground-Operations-and-Airport-Compatibility,01_OPTIONS_ARCHITECTURE/01-03_TECHNOLOGIES/01-03-01_Q+ATLANTIDE/000-099_S-ATLAS/090-099_Type-Specific-Architectures-and-Expansion/096_High-Speed-and-Supersonic-Transport-Class/096-700_Ground-Operations-and-Airport-Compatibility,https://github.com/AmedeoPelliccia/Q-plus-A/tree/main/01_OPTIONS_ARCHITECTURE/01-03_TECHNOLOGIES/01-03-01_Q%2BATLANTIDE/000-099_S-ATLAS/090-099_Type-Specific-Architectures-and-Expansion/096_High-Speed-and-Supersonic-Transport-Class/096-700_Ground-Operations-and-Airport-Compatibility
000-099,S-ATLAS,090-099,Type Specific Architectures and Expansion,096,High Speed and Supersonic Transport Class,096-800,800,Certification Basis Considerations,096-800_Certification-Basis-Considerations,01_OPTIONS_ARCHITECTURE/01-03_TECHNOLOGIES/01-03-01_Q+ATLANTIDE/000-099_S-ATLAS/090-099_Type-Specific-Architectures-and-Expansion/096_High-Speed-and-Supersonic-Transport-Class/096-800_Certification-Basis-Considerations,https://github.com/AmedeoPelliccia/Q-plus-A/tree/main/01_OPTIONS_ARCHITECTURE/01-03_TECHNOLOGIES/01-03-01_Q%2BATLANTIDE/000-099_S-ATLAS/090-099_Type-Specific-Architectures-and-Expansion/096_High-Speed-and-Supersonic-Transport-Class/096-800_Certification-Basis-Considerations
000-099,S-ATLAS,090-099,Type Specific Architectures and Expansion,096,High Speed and Supersonic Transport Class,096-900,900,Class Evidence and Reference Configurations,096-900_Class-Evidence-and-Reference-Configurations,01_OPTIONS_ARCHITECTURE/01-03_TECHNOLOGIES/01-03-01_Q+ATLANTIDE/000-099_S-ATLAS/090-099_Type-Specific-Architectures-and-Expansion/096_High-Speed-and-Supersonic-Transport-Class/096-900_Class-Evidence-and-Reference-Configurations,https://github.com/AmedeoPelliccia/Q-plus-A/tree/main/01_OPTIONS_ARCHITECTURE/01-03_TECHNOLOGIES/01-03-01_Q%2BATLANTIDE/000-099_S-ATLAS/090-099_Type-Specific-Architectures-and-Expansion/096_High-Speed-and-Supersonic-Transport-Class/096-900_Class-Evidence-and-Reference-Configurations
000-099,S-ATLAS,090-099,Type Specific Architectures and Expansion,097,Stratospheric Platform and HAPS Class,097-000,000,General Information,097-000_General-Information,01_OPTIONS_ARCHITECTURE/01-03_TECHNOLOGIES/01-03-01_Q+ATLANTIDE/000-099_S-ATLAS/090-099_Type-Specific-Architectures-and-Expansion/097_Stratospheric-Platform-and-HAPS-Class/097-000_General-Information,https://github.com/AmedeoPelliccia/Q-plus-A/tree/main/01_OPTIONS_ARCHITECTURE/01-03_TECHNOLOGIES/01-03-01_Q%2BATLANTIDE/000-099_S-ATLAS/090-099_Type-Specific-Architectures-and-Expansion/097_Stratospheric-Platform-and-HAPS-Class/097-000_General-Information
000-099,S-ATLAS,090-099,Type Specific Architectures and Expansion,097,Stratospheric Platform and HAPS Class,097-100,100,Class Definition and Variants,097-100_Class-Definition-and-Variants,01_OPTIONS_ARCHITECTURE/01-03_TECHNOLOGIES/01-03-01_Q+ATLANTIDE/000-099_S-ATLAS/090-099_Type-Specific-Architectures-and-Expansion/097_Stratospheric-Platform-and-HAPS-Class/097-100_Class-Definition-and-Variants,https://github.com/AmedeoPelliccia/Q-plus-A/tree/main/01_OPTIONS_ARCHITECTURE/01-03_TECHNOLOGIES/01-03-01_Q%2BATLANTIDE/000-099_S-ATLAS/090-099_Type-Specific-Architectures-and-Expansion/097_Stratospheric-Platform-and-HAPS-Class/097-100_Class-Definition-and-Variants
000-099,S-ATLAS,090-099,Type Specific Architectures and Expansion,097,Stratospheric Platform and HAPS Class,097-200,200,Configuration Geometry and Layout Provisions,097-200_Configuration-Geometry-and-Layout-Provisions,01_OPTIONS_ARCHITECTURE/01-03_TECHNOLOGIES/01-03-01_Q+ATLANTIDE/000-099_S-ATLAS/090-099_Type-Specific-Architectures-and-Expansion/097_Stratospheric-Platform-and-HAPS-Class/097-200_Configuration-Geometry-and-Layout-Provisions,https://github.com/AmedeoPelliccia/Q-plus-A/tree/main/01_OPTIONS_ARCHITECTURE/01-03_TECHNOLOGIES/01-03-01_Q%2BATLANTIDE/000-099_S-ATLAS/090-099_Type-Specific-Architectures-and-Expansion/097_Stratospheric-Platform-and-HAPS-Class/097-200_Configuration-Geometry-and-Layout-Provisions
000-099,S-ATLAS,090-099,Type Specific Architectures and Expansion,097,Stratospheric Platform and HAPS Class,097-300,300,Structural Integration Constraints,097-300_Structural-Integration-Constraints,01_OPTIONS_ARCHITECTURE/01-03_TECHNOLOGIES/01-03-01_Q+ATLANTIDE/000-099_S-ATLAS/090-099_Type-Specific-Architectures-and-Expansion/097_Stratospheric-Platform-and-HAPS-Class/097-300_Structural-Integration-Constraints,https://github.com/AmedeoPelliccia/Q-plus-A/tree/main/01_OPTIONS_ARCHITECTURE/01-03_TECHNOLOGIES/01-03-01_Q%2BATLANTIDE/000-099_S-ATLAS/090-099_Type-Specific-Architectures-and-Expansion/097_Stratospheric-Platform-and-HAPS-Class/097-300_Structural-Integration-Constraints
000-099,S-ATLAS,090-099,Type Specific Architectures and Expansion,097,Stratospheric Platform and HAPS Class,097-400,400,Propulsion Integration Constraints,097-400_Propulsion-Integration-Constraints,01_OPTIONS_ARCHITECTURE/01-03_TECHNOLOGIES/01-03-01_Q+ATLANTIDE/000-099_S-ATLAS/090-099_Type-Specific-Architectures-and-Expansion/097_Stratospheric-Platform-and-HAPS-Class/097-400_Propulsion-Integration-Constraints,https://github.com/AmedeoPelliccia/Q-plus-A/tree/main/01_OPTIONS_ARCHITECTURE/01-03_TECHNOLOGIES/01-03-01_Q%2BATLANTIDE/000-099_S-ATLAS/090-099_Type-Specific-Architectures-and-Expansion/097_Stratospheric-Platform-and-HAPS-Class/097-400_Propulsion-Integration-Constraints
000-099,S-ATLAS,090-099,Type Specific Architectures and Expansion,097,Stratospheric Platform and HAPS Class,097-500,500,Systems Integration Constraints,097-500_Systems-Integration-Constraints,01_OPTIONS_ARCHITECTURE/01-03_TECHNOLOGIES/01-03-01_Q+ATLANTIDE/000-099_S-ATLAS/090-099_Type-Specific-Architectures-and-Expansion/097_Stratospheric-Platform-and-HAPS-Class/097-500_Systems-Integration-Constraints,https://github.com/AmedeoPelliccia/Q-plus-A/tree/main/01_OPTIONS_ARCHITECTURE/01-03_TECHNOLOGIES/01-03-01_Q%2BATLANTIDE/000-099_S-ATLAS/090-099_Type-Specific-Architectures-and-Expansion/097_Stratospheric-Platform-and-HAPS-Class/097-500_Systems-Integration-Constraints
000-099,S-ATLAS,090-099,Type Specific Architectures and Expansion,097,Stratospheric Platform and HAPS Class,097-600,600,Cabin Payload and Evacuation Provisions,097-600_Cabin-Payload-and-Evacuation-Provisions,01_OPTIONS_ARCHITECTURE/01-03_TECHNOLOGIES/01-03-01_Q+ATLANTIDE/000-099_S-ATLAS/090-099_Type-Specific-Architectures-and-Expansion/097_Stratospheric-Platform-and-HAPS-Class/097-600_Cabin-Payload-and-Evacuation-Provisions,https://github.com/AmedeoPelliccia/Q-plus-A/tree/main/01_OPTIONS_ARCHITECTURE/01-03_TECHNOLOGIES/01-03-01_Q%2BATLANTIDE/000-099_S-ATLAS/090-099_Type-Specific-Architectures-and-Expansion/097_Stratospheric-Platform-and-HAPS-Class/097-600_Cabin-Payload-and-Evacuation-Provisions
000-099,S-ATLAS,090-099,Type Specific Architectures and Expansion,097,Stratospheric Platform and HAPS Class,097-700,700,Ground Operations and Airport Compatibility,097-700_Ground-Operations-and-Airport-Compatibility,01_OPTIONS_ARCHITECTURE/01-03_TECHNOLOGIES/01-03-01_Q+ATLANTIDE/000-099_S-ATLAS/090-099_Type-Specific-Architectures-and-Expansion/097_Stratospheric-Platform-and-HAPS-Class/097-700_Ground-Operations-and-Airport-Compatibility,https://github.com/AmedeoPelliccia/Q-plus-A/tree/main/01_OPTIONS_ARCHITECTURE/01-03_TECHNOLOGIES/01-03-01_Q%2BATLANTIDE/000-099_S-ATLAS/090-099_Type-Specific-Architectures-and-Expansion/097_Stratospheric-Platform-and-HAPS-Class/097-700_Ground-Operations-and-Airport-Compatibility
000-099,S-ATLAS,090-099,Type Specific Architectures and Expansion,097,Stratospheric Platform and HAPS Class,097-800,800,Certification Basis Considerations,097-800_Certification-Basis-Considerations,01_OPTIONS_ARCHITECTURE/01-03_TECHNOLOGIES/01-03-01_Q+ATLANTIDE/000-099_S-ATLAS/090-099_Type-Specific-Architectures-and-Expansion/097_Stratospheric-Platform-and-HAPS-Class/097-800_Certification-Basis-Considerations,https://github.com/AmedeoPelliccia/Q-plus-A/tree/main/01_OPTIONS_ARCHITECTURE/01-03_TECHNOLOGIES/01-03-01_Q%2BATLANTIDE/000-099_S-ATLAS/090-099_Type-Specific-Architectures-and-Expansion/097_Stratospheric-Platform-and-HAPS-Class/097-800_Certification-Basis-Considerations
000-099,S-ATLAS,090-099,Type Specific Architectures and Expansion,097,Stratospheric Platform and HAPS Class,097-900,900,Class Evidence and Reference Configurations,097-900_Class-Evidence-and-Reference-Configurations,01_OPTIONS_ARCHITECTURE/01-03_TECHNOLOGIES/01-03-01_Q+ATLANTIDE/000-099_S-ATLAS/090-099_Type-Specific-Architectures-and-Expansion/097_Stratospheric-Platform-and-HAPS-Class/097-900_Class-Evidence-and-Reference-Configurations,https://github.com/AmedeoPelliccia/Q-plus-A/tree/main/01_OPTIONS_ARCHITECTURE/01-03_TECHNOLOGIES/01-03-01_Q%2BATLANTIDE/000-099_S-ATLAS/090-099_Type-Specific-Architectures-and-Expansion/097_Stratospheric-Platform-and-HAPS-Class/097-900_Class-Evidence-and-Reference-Configurations
000-099,S-ATLAS,090-099,Type Specific Architectures and Expansion,098,Family Commonality and Derivative Provisions,098-000,000,General Information,098-000_General-Information,01_OPTIONS_ARCHITECTURE/01-03_TECHNOLOGIES/01-03-01_Q+ATLANTIDE/000-099_S-ATLAS/090-099_Type-Specific-Architectures-and-Expansion/098_Family-Commonality-and-Derivative-Provisions/098-000_General-Information,https://github.com/AmedeoPelliccia/Q-plus-A/tree/main/01_OPTIONS_ARCHITECTURE/01-03_TECHNOLOGIES/01-03-01_Q%2BATLANTIDE/000-099_S-ATLAS/090-099_Type-Specific-Architectures-and-Expansion/098_Family-Commonality-and-Derivative-Provisions/098-000_General-Information
000-099,S-ATLAS,090-099,Type Specific Architectures and Expansion,098,Family Commonality and Derivative Provisions,098-100,100,Commonality Doctrine,098-100_Commonality-Doctrine,01_OPTIONS_ARCHITECTURE/01-03_TECHNOLOGIES/01-03-01_Q+ATLANTIDE/000-099_S-ATLAS/090-099_Type-Specific-Architectures-and-Expansion/098_Family-Commonality-and-Derivative-Provisions/098-100_Commonality-Doctrine,https://github.com/AmedeoPelliccia/Q-plus-A/tree/main/01_OPTIONS_ARCHITECTURE/01-03_TECHNOLOGIES/01-03-01_Q%2BATLANTIDE/000-099_S-ATLAS/090-099_Type-Specific-Architectures-and-Expansion/098_Family-Commonality-and-Derivative-Provisions/098-100_Commonality-Doctrine
000-099,S-ATLAS,090-099,Type Specific Architectures and Expansion,098,Family Commonality and Derivative Provisions,098-200,200,Derivative Design Provisions,098-200_Derivative-Design-Provisions,01_OPTIONS_ARCHITECTURE/01-03_TECHNOLOGIES/01-03-01_Q+ATLANTIDE/000-099_S-ATLAS/090-099_Type-Specific-Architectures-and-Expansion/098_Family-Commonality-and-Derivative-Provisions/098-200_Derivative-Design-Provisions,https://github.com/AmedeoPelliccia/Q-plus-A/tree/main/01_OPTIONS_ARCHITECTURE/01-03_TECHNOLOGIES/01-03-01_Q%2BATLANTIDE/000-099_S-ATLAS/090-099_Type-Specific-Architectures-and-Expansion/098_Family-Commonality-and-Derivative-Provisions/098-200_Derivative-Design-Provisions
000-099,S-ATLAS,090-099,Type Specific Architectures and Expansion,098,Family Commonality and Derivative Provisions,098-300,300,Shared Systems Strategies,098-300_Shared-Systems-Strategies,01_OPTIONS_ARCHITECTURE/01-03_TECHNOLOGIES/01-03-01_Q+ATLANTIDE/000-099_S-ATLAS/090-099_Type-Specific-Architectures-and-Expansion/098_Family-Commonality-and-Derivative-Provisions/098-300_Shared-Systems-Strategies,https://github.com/AmedeoPelliccia/Q-plus-A/tree/main/01_OPTIONS_ARCHITECTURE/01-03_TECHNOLOGIES/01-03-01_Q%2BATLANTIDE/000-099_S-ATLAS/090-099_Type-Specific-Architectures-and-Expansion/098_Family-Commonality-and-Derivative-Provisions/098-300_Shared-Systems-Strategies
000-099,S-ATLAS,090-099,Type Specific Architectures and Expansion,098,Family Commonality and Derivative Provisions,098-400,400,Stretch and Shrink Provisions,098-400_Stretch-and-Shrink-Provisions,01_OPTIONS_ARCHITECTURE/01-03_TECHNOLOGIES/01-03-01_Q+ATLANTIDE/000-099_S-ATLAS/090-099_Type-Specific-Architectures-and-Expansion/098_Family-Commonality-and-Derivative-Provisions/098-400_Stretch-and-Shrink-Provisions,https://github.com/AmedeoPelliccia/Q-plus-A/tree/main/01_OPTIONS_ARCHITECTURE/01-03_TECHNOLOGIES/01-03-01_Q%2BATLANTIDE/000-099_S-ATLAS/090-099_Type-Specific-Architectures-and-Expansion/098_Family-Commonality-and-Derivative-Provisions/098-400_Stretch-and-Shrink-Provisions
000-099,S-ATLAS,090-099,Type Specific Architectures and Expansion,098,Family Commonality and Derivative Provisions,098-500,500,Cross Class Family Considerations,098-500_Cross-Class-Family-Considerations,01_OPTIONS_ARCHITECTURE/01-03_TECHNOLOGIES/01-03-01_Q+ATLANTIDE/000-099_S-ATLAS/090-099_Type-Specific-Architectures-and-Expansion/098_Family-Commonality-and-Derivative-Provisions/098-500_Cross-Class-Family-Considerations,https://github.com/AmedeoPelliccia/Q-plus-A/tree/main/01_OPTIONS_ARCHITECTURE/01-03_TECHNOLOGIES/01-03-01_Q%2BATLANTIDE/000-099_S-ATLAS/090-099_Type-Specific-Architectures-and-Expansion/098_Family-Commonality-and-Derivative-Provisions/098-500_Cross-Class-Family-Considerations
000-099,S-ATLAS,090-099,Type Specific Architectures and Expansion,098,Family Commonality and Derivative Provisions,098-600,600,Modular Cabin and Role Change Provisions,098-600_Modular-Cabin-and-Role-Change-Provisions,01_OPTIONS_ARCHITECTURE/01-03_TECHNOLOGIES/01-03-01_Q+ATLANTIDE/000-099_S-ATLAS/090-099_Type-Specific-Architectures-and-Expansion/098_Family-Commonality-and-Derivative-Provisions/098-600_Modular-Cabin-and-Role-Change-Provisions,https://github.com/AmedeoPelliccia/Q-plus-A/tree/main/01_OPTIONS_ARCHITECTURE/01-03_TECHNOLOGIES/01-03-01_Q%2BATLANTIDE/000-099_S-ATLAS/090-099_Type-Specific-Architectures-and-Expansion/098_Family-Commonality-and-Derivative-Provisions/098-600_Modular-Cabin-and-Role-Change-Provisions
000-099,S-ATLAS,090-099,Type Specific Architectures and Expansion,098,Family Commonality and Derivative Provisions,098-700,700,Certification of Derivatives,098-700_Certification-of-Derivatives,01_OPTIONS_ARCHITECTURE/01-03_TECHNOLOGIES/01-03-01_Q+ATLANTIDE/000-099_S-ATLAS/090-099_Type-Specific-Architectures-and-Expansion/098_Family-Commonality-and-Derivative-Provisions/098-700_Certification-of-Derivatives,https://github.com/AmedeoPelliccia/Q-plus-A/tree/main/01_OPTIONS_ARCHITECTURE/01-03_TECHNOLOGIES/01-03-01_Q%2BATLANTIDE/000-099_S-ATLAS/090-099_Type-Specific-Architectures-and-Expansion/098_Family-Commonality-and-Derivative-Provisions/098-700_Certification-of-Derivatives
000-099,S-ATLAS,090-099,Type Specific Architectures and Expansion,098,Family Commonality and Derivative Provisions,098-800,800,Family Evidence,098-800_Family-Evidence,01_OPTIONS_ARCHITECTURE/01-03_TECHNOLOGIES/01-03-01_Q+ATLANTIDE/000-099_S-ATLAS/090-099_Type-Specific-Architectures-and-Expansion/098_Family-Commonality-and-Derivative-Provisions/098-800_Family-Evidence,https://github.com/AmedeoPelliccia/Q-plus-A/tree/main/01_OPTIONS_ARCHITECTURE/01-03_TECHNOLOGIES/01-03-01_Q%2BATLANTIDE/000-099_S-ATLAS/090-099_Type-Specific-Architectures-and-Expansion/098_Family-Commonality-and-Derivative-Provisions/098-800_Family-Evidence
000-099,S-ATLAS,090-099,Type Specific Architectures and Expansion,098,Family Commonality and Derivative Provisions,098-900,900,Family Reference Patterns,098-900_Family-Reference-Patterns,01_OPTIONS_ARCHITECTURE/01-03_TECHNOLOGIES/01-03-01_Q+ATLANTIDE/000-099_S-ATLAS/090-099_Type-Specific-Architectures-and-Expansion/098_Family-Commonality-and-Derivative-Provisions/098-900_Family-Reference-Patterns,https://github.com/AmedeoPelliccia/Q-plus-A/tree/main/01_OPTIONS_ARCHITECTURE/01-03_TECHNOLOGIES/01-03-01_Q%2BATLANTIDE/000-099_S-ATLAS/090-099_Type-Specific-Architectures-and-Expansion/098_Family-Commonality-and-Derivative-Provisions/098-900_Family-Reference-Patterns
000-099,S-ATLAS,090-099,Type Specific Architectures and Expansion,099,Expansion Register and Class Intake,099-000,000,General Information,099-000_General-Information,01_OPTIONS_ARCHITECTURE/01-03_TECHNOLOGIES/01-03-01_Q+ATLANTIDE/000-099_S-ATLAS/090-099_Type-Specific-Architectures-and-Expansion/099_Expansion-Register-and-Class-Intake/099-000_General-Information,https://github.com/AmedeoPelliccia/Q-plus-A/tree/main/01_OPTIONS_ARCHITECTURE/01-03_TECHNOLOGIES/01-03-01_Q%2BATLANTIDE/000-099_S-ATLAS/090-099_Type-Specific-Architectures-and-Expansion/099_Expansion-Register-and-Class-Intake/099-000_General-Information
000-099,S-ATLAS,090-099,Type Specific Architectures and Expansion,099,Expansion Register and Class Intake,099-100,100,Intake and Screening Process,099-100_Intake-and-Screening-Process,01_OPTIONS_ARCHITECTURE/01-03_TECHNOLOGIES/01-03-01_Q+ATLANTIDE/000-099_S-ATLAS/090-099_Type-Specific-Architectures-and-Expansion/099_Expansion-Register-and-Class-Intake/099-100_Intake-and-Screening-Process,https://github.com/AmedeoPelliccia/Q-plus-A/tree/main/01_OPTIONS_ARCHITECTURE/01-03_TECHNOLOGIES/01-03-01_Q%2BATLANTIDE/000-099_S-ATLAS/090-099_Type-Specific-Architectures-and-Expansion/099_Expansion-Register-and-Class-Intake/099-100_Intake-and-Screening-Process
000-099,S-ATLAS,090-099,Type Specific Architectures and Expansion,099,Expansion Register and Class Intake,099-200,200,Class Eligibility Criteria,099-200_Class-Eligibility-Criteria,01_OPTIONS_ARCHITECTURE/01-03_TECHNOLOGIES/01-03-01_Q+ATLANTIDE/000-099_S-ATLAS/090-099_Type-Specific-Architectures-and-Expansion/099_Expansion-Register-and-Class-Intake/099-200_Class-Eligibility-Criteria,https://github.com/AmedeoPelliccia/Q-plus-A/tree/main/01_OPTIONS_ARCHITECTURE/01-03_TECHNOLOGIES/01-03-01_Q%2BATLANTIDE/000-099_S-ATLAS/090-099_Type-Specific-Architectures-and-Expansion/099_Expansion-Register-and-Class-Intake/099-200_Class-Eligibility-Criteria
000-099,S-ATLAS,090-099,Type Specific Architectures and Expansion,099,Expansion Register and Class Intake,099-300,300,Registered Candidate Classes,099-300_Registered-Candidate-Classes,01_OPTIONS_ARCHITECTURE/01-03_TECHNOLOGIES/01-03-01_Q+ATLANTIDE/000-099_S-ATLAS/090-099_Type-Specific-Architectures-and-Expansion/099_Expansion-Register-and-Class-Intake/099-300_Registered-Candidate-Classes,https://github.com/AmedeoPelliccia/Q-plus-A/tree/main/01_OPTIONS_ARCHITECTURE/01-03_TECHNOLOGIES/01-03-01_Q%2BATLANTIDE/000-099_S-ATLAS/090-099_Type-Specific-Architectures-and-Expansion/099_Expansion-Register-and-Class-Intake/099-300_Registered-Candidate-Classes
000-099,S-ATLAS,090-099,Type Specific Architectures and Expansion,099,Expansion Register and Class Intake,099-400,400,Reserved Class Slots,099-400_Reserved-Class-Slots,01_OPTIONS_ARCHITECTURE/01-03_TECHNOLOGIES/01-03-01_Q+ATLANTIDE/000-099_S-ATLAS/090-099_Type-Specific-Architectures-and-Expansion/099_Expansion-Register-and-Class-Intake/099-400_Reserved-Class-Slots,https://github.com/AmedeoPelliccia/Q-plus-A/tree/main/01_OPTIONS_ARCHITECTURE/01-03_TECHNOLOGIES/01-03-01_Q%2BATLANTIDE/000-099_S-ATLAS/090-099_Type-Specific-Architectures-and-Expansion/099_Expansion-Register-and-Class-Intake/099-400_Reserved-Class-Slots
000-099,S-ATLAS,090-099,Type Specific Architectures and Expansion,099,Expansion Register and Class Intake,099-500,500,Cross Band Watch,099-500_Cross-Band-Watch,01_OPTIONS_ARCHITECTURE/01-03_TECHNOLOGIES/01-03-01_Q+ATLANTIDE/000-099_S-ATLAS/090-099_Type-Specific-Architectures-and-Expansion/099_Expansion-Register-and-Class-Intake/099-500_Cross-Band-Watch,https://github.com/AmedeoPelliccia/Q-plus-A/tree/main/01_OPTIONS_ARCHITECTURE/01-03_TECHNOLOGIES/01-03-01_Q%2BATLANTIDE/000-099_S-ATLAS/090-099_Type-Specific-Architectures-and-Expansion/099_Expansion-Register-and-Class-Intake/099-500_Cross-Band-Watch
000-099,S-ATLAS,090-099,Type Specific Architectures and Expansion,099,Expansion Register and Class Intake,099-600,600,Naming and Numbering Rules,099-600_Naming-and-Numbering-Rules,01_OPTIONS_ARCHITECTURE/01-03_TECHNOLOGIES/01-03-01_Q+ATLANTIDE/000-099_S-ATLAS/090-099_Type-Specific-Architectures-and-Expansion/099_Expansion-Register-and-Class-Intake/099-600_Naming-and-Numbering-Rules,https://github.com/AmedeoPelliccia/Q-plus-A/tree/main/01_OPTIONS_ARCHITECTURE/01-03_TECHNOLOGIES/01-03-01_Q%2BATLANTIDE/000-099_S-ATLAS/090-099_Type-Specific-Architectures-and-Expansion/099_Expansion-Register-and-Class-Intake/099-600_Naming-and-Numbering-Rules
000-099,S-ATLAS,090-099,Type Specific Architectures and Expansion,099,Expansion Register and Class Intake,099-700,700,Ratification Process,099-700_Ratification-Process,01_OPTIONS_ARCHITECTURE/01-03_TECHNOLOGIES/01-03-01_Q+ATLANTIDE/000-099_S-ATLAS/090-099_Type-Specific-Architectures-and-Expansion/099_Expansion-Register-and-Class-Intake/099-700_Ratification-Process,https://github.com/AmedeoPelliccia/Q-plus-A/tree/main/01_OPTIONS_ARCHITECTURE/01-03_TECHNOLOGIES/01-03-01_Q%2BATLANTIDE/000-099_S-ATLAS/090-099_Type-Specific-Architectures-and-Expansion/099_Expansion-Register-and-Class-Intake/099-700_Ratification-Process
000-099,S-ATLAS,090-099,Type Specific Architectures and Expansion,099,Expansion Register and Class Intake,099-800,800,Periodic Review,099-800_Periodic-Review,01_OPTIONS_ARCHITECTURE/01-03_TECHNOLOGIES/01-03-01_Q+ATLANTIDE/000-099_S-ATLAS/090-099_Type-Specific-Architectures-and-Expansion/099_Expansion-Register-and-Class-Intake/099-800_Periodic-Review,https://github.com/AmedeoPelliccia/Q-plus-A/tree/main/01_OPTIONS_ARCHITECTURE/01-03_TECHNOLOGIES/01-03-01_Q%2BATLANTIDE/000-099_S-ATLAS/090-099_Type-Specific-Architectures-and-Expansion/099_Expansion-Register-and-Class-Intake/099-800_Periodic-Review
000-099,S-ATLAS,090-099,Type Specific Architectures and Expansion,099,Expansion Register and Class Intake,099-900,900,Register Index,099-900_Register-Index,01_OPTIONS_ARCHITECTURE/01-03_TECHNOLOGIES/01-03-01_Q+ATLANTIDE/000-099_S-ATLAS/090-099_Type-Specific-Architectures-and-Expansion/099_Expansion-Register-and-Class-Intake/099-900_Register-Index,https://github.com/AmedeoPelliccia/Q-plus-A/tree/main/01_OPTIONS_ARCHITECTURE/01-03_TECHNOLOGIES/01-03-01_Q%2BATLANTIDE/000-099_S-ATLAS/090-099_Type-Specific-Architectures-and-Expansion/099_Expansion-Register-and-Class-Intake/099-900_Register-Index
